model,size,repeat,is_reference,method,feature,importance,rank,top3_credit
GBRT,107,0,False,PFI,electronegativity_M,0.002935651071409871,10.0,0.0
GBRT,107,0,False,PFI,electronegativity_Mprime,0.006891736283799678,7.0,0.0
GBRT,107,0,False,PFI,ionization_M,0.00019836779797713944,13.0,0.0
GBRT,107,0,False,PFI,ionization_Mprime,0.0004150455883452799,12.0,0.0
GBRT,107,0,False,PFI,radius_M,0.006243216317126788,8.0,0.0
GBRT,107,0,False,PFI,radius_Mprime,0.002171271224576288,11.0,0.0
GBRT,107,0,False,PFI,oxide_enthalpy_M,0.04980111806456407,2.0,1.0
GBRT,107,0,False,PFI,oxide_enthalpy_Mprime,0.005640429383976412,9.0,0.0
GBRT,107,0,False,PFI,mixing_enthalpy,0.007716265647452415,6.0,0.0
GBRT,107,0,False,PFI,sublimation_M,0.008299453380063085,5.0,0.0
GBRT,107,0,False,PFI,sublimation_Mprime,-0.0004280464368442782,14.0,0.0
GBRT,107,0,False,PFI,surface_energy_M,0.29915416475815765,1.0,1.0
GBRT,107,0,False,PFI,electron_density_M,0.021533799668543987,3.0,1.0
GBRT,107,0,False,PFI,oxide_bandgap,0.013293145493939411,4.0,0.0
GBRT,107,0,False,KernelSHAP,electronegativity_M,0.02316813220379478,9.0,0.0
GBRT,107,0,False,KernelSHAP,electronegativity_Mprime,0.031587993473800195,7.0,0.0
GBRT,107,0,False,KernelSHAP,ionization_M,0.009533574144235947,14.0,0.0
GBRT,107,0,False,KernelSHAP,ionization_Mprime,0.010817868417033845,13.0,0.0
GBRT,107,0,False,KernelSHAP,radius_M,0.01878059593155049,11.0,0.0
GBRT,107,0,False,KernelSHAP,radius_Mprime,0.014448657312302333,12.0,0.0
GBRT,107,0,False,KernelSHAP,oxide_enthalpy_M,0.09812577278211763,3.0,1.0
GBRT,107,0,False,KernelSHAP,oxide_enthalpy_Mprime,0.10217488172751957,2.0,1.0
GBRT,107,0,False,KernelSHAP,mixing_enthalpy,0.04607442443544549,6.0,0.0
GBRT,107,0,False,KernelSHAP,sublimation_M,0.09176481745520432,4.0,0.0
GBRT,107,0,False,KernelSHAP,sublimation_Mprime,0.02279653133313259,10.0,0.0
GBRT,107,0,False,KernelSHAP,surface_energy_M,0.35063682957452014,1.0,1.0
GBRT,107,0,False,KernelSHAP,electron_density_M,0.03032082642341366,8.0,0.0
GBRT,107,0,False,KernelSHAP,oxide_bandgap,0.06647708059711811,5.0,0.0
LR,107,0,False,PFI,electronegativity_M,0.009275359630015837,10.0,0.0
LR,107,0,False,PFI,electronegativity_Mprime,0.003983508987454488,12.0,0.0
LR,107,0,False,PFI,ionization_M,0.02529085490890757,9.0,0.0
LR,107,0,False,PFI,ionization_Mprime,0.00406117793383907,11.0,0.0
LR,107,0,False,PFI,radius_M,0.042921683546780325,6.0,0.0
LR,107,0,False,PFI,radius_Mprime,-0.0006689389863190847,14.0,0.0
LR,107,0,False,PFI,oxide_enthalpy_M,0.10152081140685723,4.0,0.0
LR,107,0,False,PFI,oxide_enthalpy_Mprime,0.11548095600931281,3.0,1.0
LR,107,0,False,PFI,mixing_enthalpy,0.050476233858902805,5.0,0.0
LR,107,0,False,PFI,sublimation_M,0.02568402715969069,8.0,0.0
LR,107,0,False,PFI,sublimation_Mprime,0.0317515649182976,7.0,0.0
LR,107,0,False,PFI,surface_energy_M,0.7332019491162037,1.0,1.0
LR,107,0,False,PFI,electron_density_M,0.20901470164822994,2.0,1.0
LR,107,0,False,PFI,oxide_bandgap,0.0037444987560343672,13.0,0.0
LR,107,0,False,KernelSHAP,electronegativity_M,0.06798251348064517,11.0,0.0
LR,107,0,False,KernelSHAP,electronegativity_Mprime,0.10542712122305303,7.0,0.0
LR,107,0,False,KernelSHAP,ionization_M,0.09537989184146757,10.0,0.0
LR,107,0,False,KernelSHAP,ionization_Mprime,0.019234292475252577,13.0,0.0
LR,107,0,False,KernelSHAP,radius_M,0.11917432734043859,6.0,0.0
LR,107,0,False,KernelSHAP,radius_Mprime,0.01009612154895912,14.0,0.0
LR,107,0,False,KernelSHAP,oxide_enthalpy_M,0.19202557887198826,4.0,0.0
LR,107,0,False,KernelSHAP,oxide_enthalpy_Mprime,0.22726381120282152,3.0,1.0
LR,107,0,False,KernelSHAP,mixing_enthalpy,0.0960542744773189,9.0,0.0
LR,107,0,False,KernelSHAP,sublimation_M,0.0976003402780183,8.0,0.0
LR,107,0,False,KernelSHAP,sublimation_Mprime,0.17476733075202974,5.0,0.0
LR,107,0,False,KernelSHAP,surface_energy_M,0.582499927063949,1.0,1.0
LR,107,0,False,KernelSHAP,electron_density_M,0.2502536522632502,2.0,1.0
LR,107,0,False,KernelSHAP,oxide_bandgap,0.04783851119235546,12.0,0.0
RF,107,0,False,PFI,electronegativity_M,-5.093670834058993e-05,10.0,0.0
RF,107,0,False,PFI,electronegativity_Mprime,-0.0018031182092585233,13.0,0.0
RF,107,0,False,PFI,ionization_M,-0.00039241188964131933,11.0,0.0
RF,107,0,False,PFI,ionization_Mprime,-1.2707436530343813e-05,9.0,0.0
RF,107,0,False,PFI,radius_M,0.014147015253232169,5.0,0.0
RF,107,0,False,PFI,radius_Mprime,-0.0004806910461601727,12.0,0.0
RF,107,0,False,PFI,oxide_enthalpy_M,0.019425282460599425,3.0,1.0
RF,107,0,False,PFI,oxide_enthalpy_Mprime,0.004523241790060732,7.0,0.0
RF,107,0,False,PFI,mixing_enthalpy,0.010203297608124414,6.0,0.0
RF,107,0,False,PFI,sublimation_M,0.024586308778590582,2.0,1.0
RF,107,0,False,PFI,sublimation_Mprime,-0.003998934180191564,14.0,0.0
RF,107,0,False,PFI,surface_energy_M,0.08900664656628801,1.0,1.0
RF,107,0,False,PFI,electron_density_M,0.0182732908510852,4.0,0.0
RF,107,0,False,PFI,oxide_bandgap,0.0006621891200765405,8.0,0.0
RF,107,0,False,KernelSHAP,electronegativity_M,0.0233463263499586,9.0,0.0
RF,107,0,False,KernelSHAP,electronegativity_Mprime,0.02300983178355617,10.0,0.0
RF,107,0,False,KernelSHAP,ionization_M,0.011664916908970133,12.0,0.0
RF,107,0,False,KernelSHAP,ionization_Mprime,0.008946106209871744,14.0,0.0
RF,107,0,False,KernelSHAP,radius_M,0.03466520115144954,7.0,0.0
RF,107,0,False,KernelSHAP,radius_Mprime,0.014125042073200457,11.0,0.0
RF,107,0,False,KernelSHAP,oxide_enthalpy_M,0.058742415173953316,3.0,1.0
RF,107,0,False,KernelSHAP,oxide_enthalpy_Mprime,0.05855404107848264,4.0,0.0
RF,107,0,False,KernelSHAP,mixing_enthalpy,0.02354118505275797,8.0,0.0
RF,107,0,False,KernelSHAP,sublimation_M,0.12721452715146697,2.0,1.0
RF,107,0,False,KernelSHAP,sublimation_Mprime,0.009689252508851658,13.0,0.0
RF,107,0,False,KernelSHAP,surface_energy_M,0.21516015413858255,1.0,1.0
RF,107,0,False,KernelSHAP,electron_density_M,0.04002413807056405,6.0,0.0
RF,107,0,False,KernelSHAP,oxide_bandgap,0.05682079212784008,5.0,0.0
SVR,107,0,False,PFI,electronegativity_M,0.0583899262905739,4.0,0.0
SVR,107,0,False,PFI,electronegativity_Mprime,0.027161001961721276,7.0,0.0
SVR,107,0,False,PFI,ionization_M,0.0032189528163064844,13.0,0.0
SVR,107,0,False,PFI,ionization_Mprime,0.006239591571695211,11.0,0.0
SVR,107,0,False,PFI,radius_M,0.07199355108115903,3.0,1.0
SVR,107,0,False,PFI,radius_Mprime,0.002290329871085343,14.0,0.0
SVR,107,0,False,PFI,oxide_enthalpy_M,0.11140408472843712,2.0,1.0
SVR,107,0,False,PFI,oxide_enthalpy_Mprime,0.02870052278266746,6.0,0.0
SVR,107,0,False,PFI,mixing_enthalpy,0.03531198209491713,5.0,0.0
SVR,107,0,False,PFI,sublimation_M,0.01728108252068149,8.0,0.0
SVR,107,0,False,PFI,sublimation_Mprime,0.007428943519326389,10.0,0.0
SVR,107,0,False,PFI,surface_energy_M,0.20258004830057438,1.0,1.0
SVR,107,0,False,PFI,electron_density_M,0.004784435222640052,12.0,0.0
SVR,107,0,False,PFI,oxide_bandgap,0.00952287821650004,9.0,0.0
SVR,107,0,False,KernelSHAP,electronegativity_M,0.12005854100228525,4.0,0.0
SVR,107,0,False,KernelSHAP,electronegativity_Mprime,0.10241506553179233,5.0,0.0
SVR,107,0,False,KernelSHAP,ionization_M,0.03806266408233037,12.0,0.0
SVR,107,0,False,KernelSHAP,ionization_Mprime,0.02159873940684119,13.0,0.0
SVR,107,0,False,KernelSHAP,radius_M,0.14759317805153194,3.0,1.0
SVR,107,0,False,KernelSHAP,radius_Mprime,0.01717236339306935,14.0,0.0
SVR,107,0,False,KernelSHAP,oxide_enthalpy_M,0.16463256420604544,2.0,1.0
SVR,107,0,False,KernelSHAP,oxide_enthalpy_Mprime,0.09174777728554115,7.0,0.0
SVR,107,0,False,KernelSHAP,mixing_enthalpy,0.09107791133422771,8.0,0.0
SVR,107,0,False,KernelSHAP,sublimation_M,0.10019134983946619,6.0,0.0
SVR,107,0,False,KernelSHAP,sublimation_Mprime,0.04364490429360359,11.0,0.0
SVR,107,0,False,KernelSHAP,surface_energy_M,0.3210707893410035,1.0,1.0
SVR,107,0,False,KernelSHAP,electron_density_M,0.04590497031761926,10.0,0.0
SVR,107,0,False,KernelSHAP,oxide_bandgap,0.047593739316082066,9.0,0.0
GBRT,107,10,False,PFI,electronegativity_M,0.002039637240285273,10.0,0.0
GBRT,107,10,False,PFI,electronegativity_Mprime,0.0009493349390088848,12.0,0.0
GBRT,107,10,False,PFI,ionization_M,0.0011264959351583062,11.0,0.0
GBRT,107,10,False,PFI,ionization_Mprime,0.002533513161994881,9.0,0.0
GBRT,107,10,False,PFI,radius_M,0.005944794539041343,6.0,0.0
GBRT,107,10,False,PFI,radius_Mprime,0.003823478599307092,8.0,0.0
GBRT,107,10,False,PFI,oxide_enthalpy_M,0.03311205481116456,2.0,1.0
GBRT,107,10,False,PFI,oxide_enthalpy_Mprime,-0.00021978846857441254,13.0,0.0
GBRT,107,10,False,PFI,mixing_enthalpy,0.011937470196146284,5.0,0.0
GBRT,107,10,False,PFI,sublimation_M,0.004462050201516289,7.0,0.0
GBRT,107,10,False,PFI,sublimation_Mprime,-0.002898242366563152,14.0,0.0
GBRT,107,10,False,PFI,surface_energy_M,0.19518650425436895,1.0,1.0
GBRT,107,10,False,PFI,electron_density_M,0.013078789635191252,4.0,0.0
GBRT,107,10,False,PFI,oxide_bandgap,0.01709024036572615,3.0,1.0
GBRT,107,10,False,KernelSHAP,electronegativity_M,0.02807318377694905,9.0,0.0
GBRT,107,10,False,KernelSHAP,electronegativity_Mprime,0.05155051634890849,7.0,0.0
GBRT,107,10,False,KernelSHAP,ionization_M,0.01826962886060957,12.0,0.0
GBRT,107,10,False,KernelSHAP,ionization_Mprime,0.016619635071949135,13.0,0.0
GBRT,107,10,False,KernelSHAP,radius_M,0.033506908085081756,8.0,0.0
GBRT,107,10,False,KernelSHAP,radius_Mprime,0.023632239748740572,10.0,0.0
GBRT,107,10,False,KernelSHAP,oxide_enthalpy_M,0.08214929158707625,3.0,1.0
GBRT,107,10,False,KernelSHAP,oxide_enthalpy_Mprime,0.08544518735096639,2.0,1.0
GBRT,107,10,False,KernelSHAP,mixing_enthalpy,0.05552154954213855,6.0,0.0
GBRT,107,10,False,KernelSHAP,sublimation_M,0.0743970208649598,5.0,0.0
GBRT,107,10,False,KernelSHAP,sublimation_Mprime,0.010061382306414022,14.0,0.0
GBRT,107,10,False,KernelSHAP,surface_energy_M,0.2652421439831881,1.0,1.0
GBRT,107,10,False,KernelSHAP,electron_density_M,0.02224972793493222,11.0,0.0
GBRT,107,10,False,KernelSHAP,oxide_bandgap,0.07463461015450693,4.0,0.0
LR,107,10,False,PFI,electronegativity_M,0.009035870605180189,11.0,0.0
LR,107,10,False,PFI,electronegativity_Mprime,-0.0013039803391474197,14.0,0.0
LR,107,10,False,PFI,ionization_M,0.014867931315591783,10.0,0.0
LR,107,10,False,PFI,ionization_Mprime,0.008463405758766399,12.0,0.0
LR,107,10,False,PFI,radius_M,0.030290908389714297,6.0,0.0
LR,107,10,False,PFI,radius_Mprime,0.027317412195766513,7.0,0.0
LR,107,10,False,PFI,oxide_enthalpy_M,0.08795418791264571,3.0,1.0
LR,107,10,False,PFI,oxide_enthalpy_Mprime,0.08436956594208617,4.0,0.0
LR,107,10,False,PFI,mixing_enthalpy,0.052340681086363076,5.0,0.0
LR,107,10,False,PFI,sublimation_M,0.007235872541658691,13.0,0.0
LR,107,10,False,PFI,sublimation_Mprime,0.016002436495843056,9.0,0.0
LR,107,10,False,PFI,surface_energy_M,0.6318720425538303,1.0,1.0
LR,107,10,False,PFI,electron_density_M,0.10794166559390676,2.0,1.0
LR,107,10,False,PFI,oxide_bandgap,0.022838358104565536,8.0,0.0
LR,107,10,False,KernelSHAP,electronegativity_M,0.06305982496362443,11.0,0.0
LR,107,10,False,KernelSHAP,electronegativity_Mprime,0.011864731116740919,14.0,0.0
LR,107,10,False,KernelSHAP,ionization_M,0.06924669009106821,10.0,0.0
LR,107,10,False,KernelSHAP,ionization_Mprime,0.033951431827342754,13.0,0.0
LR,107,10,False,KernelSHAP,radius_M,0.09979371247896718,8.0,0.0
LR,107,10,False,KernelSHAP,radius_Mprime,0.12283320219718005,5.0,0.0
LR,107,10,False,KernelSHAP,oxide_enthalpy_M,0.17437159106120442,3.0,1.0
LR,107,10,False,KernelSHAP,oxide_enthalpy_Mprime,0.19404551151526162,2.0,1.0
LR,107,10,False,KernelSHAP,mixing_enthalpy,0.10472934970201814,7.0,0.0
LR,107,10,False,KernelSHAP,sublimation_M,0.05590237086224662,12.0,0.0
LR,107,10,False,KernelSHAP,sublimation_Mprime,0.11333056231497826,6.0,0.0
LR,107,10,False,KernelSHAP,surface_energy_M,0.5398969805040634,1.0,1.0
LR,107,10,False,KernelSHAP,electron_density_M,0.1733108776147245,4.0,0.0
LR,107,10,False,KernelSHAP,oxide_bandgap,0.08438447958355344,9.0,0.0
RF,107,10,False,PFI,electronegativity_M,0.004326044717456677,7.0,0.0
RF,107,10,False,PFI,electronegativity_Mprime,0.00033713520868029176,13.0,0.0
RF,107,10,False,PFI,ionization_M,0.002008118325200673,10.0,0.0
RF,107,10,False,PFI,ionization_Mprime,0.0006995326817193856,12.0,0.0
RF,107,10,False,PFI,radius_M,0.01987919526103426,2.0,1.0
RF,107,10,False,PFI,radius_Mprime,-0.0020567007261499833,14.0,0.0
RF,107,10,False,PFI,oxide_enthalpy_M,0.01879729575169576,3.0,1.0
RF,107,10,False,PFI,oxide_enthalpy_Mprime,0.0023501932155795217,8.0,0.0
RF,107,10,False,PFI,mixing_enthalpy,0.005589451074871232,6.0,0.0
RF,107,10,False,PFI,sublimation_M,0.011762249730043918,5.0,0.0
RF,107,10,False,PFI,sublimation_Mprime,0.0007263198112552498,11.0,0.0
RF,107,10,False,PFI,surface_energy_M,0.06325491565067173,1.0,1.0
RF,107,10,False,PFI,electron_density_M,0.0023108194638063306,9.0,0.0
RF,107,10,False,PFI,oxide_bandgap,0.016786475237590234,4.0,0.0
RF,107,10,False,KernelSHAP,electronegativity_M,0.02502542728121491,9.0,0.0
RF,107,10,False,KernelSHAP,electronegativity_Mprime,0.03664756819855863,8.0,0.0
RF,107,10,False,KernelSHAP,ionization_M,0.007698830732081112,13.0,0.0
RF,107,10,False,KernelSHAP,ionization_Mprime,0.00924574397143036,12.0,0.0
RF,107,10,False,KernelSHAP,radius_M,0.06574137788646643,3.0,1.0
RF,107,10,False,KernelSHAP,radius_Mprime,0.024764135256020024,10.0,0.0
RF,107,10,False,KernelSHAP,oxide_enthalpy_M,0.061188442569497487,5.0,0.0
RF,107,10,False,KernelSHAP,oxide_enthalpy_Mprime,0.047842120686683164,6.0,0.0
RF,107,10,False,KernelSHAP,mixing_enthalpy,0.01752238249903794,11.0,0.0
RF,107,10,False,KernelSHAP,sublimation_M,0.06938750724262448,2.0,1.0
RF,107,10,False,KernelSHAP,sublimation_Mprime,0.005392640053740915,14.0,0.0
RF,107,10,False,KernelSHAP,surface_energy_M,0.14590418701256277,1.0,1.0
RF,107,10,False,KernelSHAP,electron_density_M,0.04006597119420477,7.0,0.0
RF,107,10,False,KernelSHAP,oxide_bandgap,0.06552166717675548,4.0,0.0
SVR,107,10,False,PFI,electronegativity_M,0.07088594710086109,4.0,0.0
SVR,107,10,False,PFI,electronegativity_Mprime,0.01713257539582102,9.0,0.0
SVR,107,10,False,PFI,ionization_M,0.007410076803331259,12.0,0.0
SVR,107,10,False,PFI,ionization_Mprime,0.009666468547394695,10.0,0.0
SVR,107,10,False,PFI,radius_M,0.0803482165558833,3.0,1.0
SVR,107,10,False,PFI,radius_Mprime,0.009405087761493191,11.0,0.0
SVR,107,10,False,PFI,oxide_enthalpy_M,0.14948919642348807,2.0,1.0
SVR,107,10,False,PFI,oxide_enthalpy_Mprime,0.03782984428039478,5.0,0.0
SVR,107,10,False,PFI,mixing_enthalpy,0.03370816512850512,6.0,0.0
SVR,107,10,False,PFI,sublimation_M,0.005097525123192891,13.0,0.0
SVR,107,10,False,PFI,sublimation_Mprime,0.0037698344543097818,14.0,0.0
SVR,107,10,False,PFI,surface_energy_M,0.1652968476768309,1.0,1.0
SVR,107,10,False,PFI,electron_density_M,0.025490730202194754,7.0,0.0
SVR,107,10,False,PFI,oxide_bandgap,0.021859330196987214,8.0,0.0
SVR,107,10,False,KernelSHAP,electronegativity_M,0.13643904912313856,4.0,0.0
SVR,107,10,False,KernelSHAP,electronegativity_Mprime,0.05999474177037778,10.0,0.0
SVR,107,10,False,KernelSHAP,ionization_M,0.06225613160258661,9.0,0.0
SVR,107,10,False,KernelSHAP,ionization_Mprime,0.016142892659451527,14.0,0.0
SVR,107,10,False,KernelSHAP,radius_M,0.16038765976393887,3.0,1.0
SVR,107,10,False,KernelSHAP,radius_Mprime,0.053386928818467135,11.0,0.0
SVR,107,10,False,KernelSHAP,oxide_enthalpy_M,0.20474472303672983,2.0,1.0
SVR,107,10,False,KernelSHAP,oxide_enthalpy_Mprime,0.12391420523574641,5.0,0.0
SVR,107,10,False,KernelSHAP,mixing_enthalpy,0.0926009485700352,7.0,0.0
SVR,107,10,False,KernelSHAP,sublimation_M,0.046912587820730815,12.0,0.0
SVR,107,10,False,KernelSHAP,sublimation_Mprime,0.04604969756980144,13.0,0.0
SVR,107,10,False,KernelSHAP,surface_energy_M,0.28826913307458113,1.0,1.0
SVR,107,10,False,KernelSHAP,electron_density_M,0.11323278951728304,6.0,0.0
SVR,107,10,False,KernelSHAP,oxide_bandgap,0.07699193918746129,8.0,0.0
GBRT,107,11,False,PFI,electronegativity_M,0.009021829860947137,4.0,0.0
GBRT,107,11,False,PFI,electronegativity_Mprime,0.0042070473466331165,9.0,0.0
GBRT,107,11,False,PFI,ionization_M,0.005134475385200474,7.0,0.0
GBRT,107,11,False,PFI,ionization_Mprime,-0.0001796009789355589,13.0,0.0
GBRT,107,11,False,PFI,radius_M,0.0018071389478321882,12.0,0.0
GBRT,107,11,False,PFI,radius_Mprime,0.0021009374902749567,11.0,0.0
GBRT,107,11,False,PFI,oxide_enthalpy_M,0.08671902843791307,2.0,1.0
GBRT,107,11,False,PFI,oxide_enthalpy_Mprime,0.0042244423668518025,8.0,0.0
GBRT,107,11,False,PFI,mixing_enthalpy,0.006369269237646343,5.0,0.0
GBRT,107,11,False,PFI,sublimation_M,0.0025742447692704926,10.0,0.0
GBRT,107,11,False,PFI,sublimation_Mprime,-0.0011581410248762641,14.0,0.0
GBRT,107,11,False,PFI,surface_energy_M,0.22145215745865635,1.0,1.0
GBRT,107,11,False,PFI,electron_density_M,0.006298234887138724,6.0,0.0
GBRT,107,11,False,PFI,oxide_bandgap,0.01091964629940099,3.0,1.0
GBRT,107,11,False,KernelSHAP,electronegativity_M,0.03347046061272273,8.0,0.0
GBRT,107,11,False,KernelSHAP,electronegativity_Mprime,0.05229849566341422,6.0,0.0
GBRT,107,11,False,KernelSHAP,ionization_M,0.031130213657274974,9.0,0.0
GBRT,107,11,False,KernelSHAP,ionization_Mprime,0.014950918095285275,12.0,0.0
GBRT,107,11,False,KernelSHAP,radius_M,0.01083510273755935,13.0,0.0
GBRT,107,11,False,KernelSHAP,radius_Mprime,0.024188471040719105,10.0,0.0
GBRT,107,11,False,KernelSHAP,oxide_enthalpy_M,0.10584003322681972,2.0,1.0
GBRT,107,11,False,KernelSHAP,oxide_enthalpy_Mprime,0.08372314898985225,3.0,1.0
GBRT,107,11,False,KernelSHAP,mixing_enthalpy,0.03977798979517128,7.0,0.0
GBRT,107,11,False,KernelSHAP,sublimation_M,0.07566074759359866,4.0,0.0
GBRT,107,11,False,KernelSHAP,sublimation_Mprime,0.020974825716373557,11.0,0.0
GBRT,107,11,False,KernelSHAP,surface_energy_M,0.2988527354296639,1.0,1.0
GBRT,107,11,False,KernelSHAP,electron_density_M,0.009486871109281899,14.0,0.0
GBRT,107,11,False,KernelSHAP,oxide_bandgap,0.07044240739394368,5.0,0.0
LR,107,11,False,PFI,electronegativity_M,0.006825399629338406,12.0,0.0
LR,107,11,False,PFI,electronegativity_Mprime,0.0003192119316841324,14.0,0.0
LR,107,11,False,PFI,ionization_M,0.047836242804614,6.0,0.0
LR,107,11,False,PFI,ionization_Mprime,0.0038307639242971753,13.0,0.0
LR,107,11,False,PFI,radius_M,0.05189586739905987,5.0,0.0
LR,107,11,False,PFI,radius_Mprime,0.021357407668252993,9.0,0.0
LR,107,11,False,PFI,oxide_enthalpy_M,0.09546858578817513,3.0,1.0
LR,107,11,False,PFI,oxide_enthalpy_Mprime,0.06650436872447098,4.0,0.0
LR,107,11,False,PFI,mixing_enthalpy,0.03276948803074611,7.0,0.0
LR,107,11,False,PFI,sublimation_M,0.030706714855921947,8.0,0.0
LR,107,11,False,PFI,sublimation_Mprime,0.01861826376434651,10.0,0.0
LR,107,11,False,PFI,surface_energy_M,0.8243752534194768,1.0,1.0
LR,107,11,False,PFI,electron_density_M,0.23356096027984818,2.0,1.0
LR,107,11,False,PFI,oxide_bandgap,0.018022066761432188,11.0,0.0
LR,107,11,False,KernelSHAP,electronegativity_M,0.06580030928773695,11.0,0.0
LR,107,11,False,KernelSHAP,electronegativity_Mprime,0.0027137508658149822,14.0,0.0
LR,107,11,False,KernelSHAP,ionization_M,0.13155832652807553,7.0,0.0
LR,107,11,False,KernelSHAP,ionization_Mprime,0.018767685100451046,13.0,0.0
LR,107,11,False,KernelSHAP,radius_M,0.13577521664950387,6.0,0.0
LR,107,11,False,KernelSHAP,radius_Mprime,0.1149032023950887,8.0,0.0
LR,107,11,False,KernelSHAP,oxide_enthalpy_M,0.19568825689603442,3.0,1.0
LR,107,11,False,KernelSHAP,oxide_enthalpy_Mprime,0.15449026261396498,4.0,0.0
LR,107,11,False,KernelSHAP,mixing_enthalpy,0.07690287028364565,10.0,0.0
LR,107,11,False,KernelSHAP,sublimation_M,0.10437768323536763,9.0,0.0
LR,107,11,False,KernelSHAP,sublimation_Mprime,0.13930160904309377,5.0,0.0
LR,107,11,False,KernelSHAP,surface_energy_M,0.6083186176488176,1.0,1.0
LR,107,11,False,KernelSHAP,electron_density_M,0.2716392169107211,2.0,1.0
LR,107,11,False,KernelSHAP,oxide_bandgap,0.06537892335588966,12.0,0.0
RF,107,11,False,PFI,electronegativity_M,0.0009021970581997947,11.0,0.0
RF,107,11,False,PFI,electronegativity_Mprime,0.003042918556286986,9.0,0.0
RF,107,11,False,PFI,ionization_M,0.003446257659162177,8.0,0.0
RF,107,11,False,PFI,ionization_Mprime,0.000676729623059515,13.0,0.0
RF,107,11,False,PFI,radius_M,0.004965446994012806,6.0,0.0
RF,107,11,False,PFI,radius_Mprime,-0.0006581271493823773,14.0,0.0
RF,107,11,False,PFI,oxide_enthalpy_M,0.031104904676224242,2.0,1.0
RF,107,11,False,PFI,oxide_enthalpy_Mprime,0.00201460071367278,10.0,0.0
RF,107,11,False,PFI,mixing_enthalpy,0.004456521396694353,7.0,0.0
RF,107,11,False,PFI,sublimation_M,0.0254874753946526,3.0,1.0
RF,107,11,False,PFI,sublimation_Mprime,0.0007348019386586138,12.0,0.0
RF,107,11,False,PFI,surface_energy_M,0.07004636023201823,1.0,1.0
RF,107,11,False,PFI,electron_density_M,0.0063945027772041975,5.0,0.0
RF,107,11,False,PFI,oxide_bandgap,0.010709198559636481,4.0,0.0
RF,107,11,False,KernelSHAP,electronegativity_M,0.03761343743338993,8.0,0.0
RF,107,11,False,KernelSHAP,electronegativity_Mprime,0.039868649200832725,7.0,0.0
RF,107,11,False,KernelSHAP,ionization_M,0.013038361662686541,12.0,0.0
RF,107,11,False,KernelSHAP,ionization_Mprime,0.011855202522835999,13.0,0.0
RF,107,11,False,KernelSHAP,radius_M,0.030864137561939026,9.0,0.0
RF,107,11,False,KernelSHAP,radius_Mprime,0.022016892614995662,10.0,0.0
RF,107,11,False,KernelSHAP,oxide_enthalpy_M,0.0692474996557995,3.0,1.0
RF,107,11,False,KernelSHAP,oxide_enthalpy_Mprime,0.04552008451788148,5.0,0.0
RF,107,11,False,KernelSHAP,mixing_enthalpy,0.020282346112543738,11.0,0.0
RF,107,11,False,KernelSHAP,sublimation_M,0.09905292458858582,2.0,1.0
RF,107,11,False,KernelSHAP,sublimation_Mprime,0.011694557542497515,14.0,0.0
RF,107,11,False,KernelSHAP,surface_energy_M,0.15623899237219308,1.0,1.0
RF,107,11,False,KernelSHAP,electron_density_M,0.04258865071660461,6.0,0.0
RF,107,11,False,KernelSHAP,oxide_bandgap,0.04692385106922,4.0,0.0
SVR,107,11,False,PFI,electronegativity_M,0.0452904680187953,6.0,0.0
SVR,107,11,False,PFI,electronegativity_Mprime,0.009365338050227021,14.0,0.0
SVR,107,11,False,PFI,ionization_M,0.019367704312595952,9.0,0.0
SVR,107,11,False,PFI,ionization_Mprime,0.01433921276975577,11.0,0.0
SVR,107,11,False,PFI,radius_M,0.07651453103969547,3.0,1.0
SVR,107,11,False,PFI,radius_Mprime,0.046652736939350355,5.0,0.0
SVR,107,11,False,PFI,oxide_enthalpy_M,0.1094968652376393,2.0,1.0
SVR,107,11,False,PFI,oxide_enthalpy_Mprime,0.022877481142766786,7.0,0.0
SVR,107,11,False,PFI,mixing_enthalpy,0.011898177438599859,12.0,0.0
SVR,107,11,False,PFI,sublimation_M,0.049823259349569146,4.0,0.0
SVR,107,11,False,PFI,sublimation_Mprime,0.011138803613760939,13.0,0.0
SVR,107,11,False,PFI,surface_energy_M,0.2843963698757923,1.0,1.0
SVR,107,11,False,PFI,electron_density_M,0.015276740651710148,10.0,0.0
SVR,107,11,False,PFI,oxide_bandgap,0.020551428495668253,8.0,0.0
SVR,107,11,False,KernelSHAP,electronegativity_M,0.10671576244825043,6.0,0.0
SVR,107,11,False,KernelSHAP,electronegativity_Mprime,0.024579356418047836,13.0,0.0
SVR,107,11,False,KernelSHAP,ionization_M,0.0844549243639703,7.0,0.0
SVR,107,11,False,KernelSHAP,ionization_Mprime,0.017228503148171675,14.0,0.0
SVR,107,11,False,KernelSHAP,radius_M,0.16075005730983147,3.0,1.0
SVR,107,11,False,KernelSHAP,radius_Mprime,0.14144224522916252,4.0,0.0
SVR,107,11,False,KernelSHAP,oxide_enthalpy_M,0.1717963026607806,2.0,1.0
SVR,107,11,False,KernelSHAP,oxide_enthalpy_Mprime,0.08287238799454409,8.0,0.0
SVR,107,11,False,KernelSHAP,mixing_enthalpy,0.04280152951571095,12.0,0.0
SVR,107,11,False,KernelSHAP,sublimation_M,0.13411899042558362,5.0,0.0
SVR,107,11,False,KernelSHAP,sublimation_Mprime,0.0654919552263864,10.0,0.0
SVR,107,11,False,KernelSHAP,surface_energy_M,0.35890914990361483,1.0,1.0
SVR,107,11,False,KernelSHAP,electron_density_M,0.04726041200065615,11.0,0.0
SVR,107,11,False,KernelSHAP,oxide_bandgap,0.07148588902371847,9.0,0.0
GBRT,107,12,False,PFI,electronegativity_M,0.005089820900583594,7.0,0.0
GBRT,107,12,False,PFI,electronegativity_Mprime,0.008400472832385712,6.0,0.0
GBRT,107,12,False,PFI,ionization_M,0.001630796200995055,11.0,0.0
GBRT,107,12,False,PFI,ionization_Mprime,0.001295463780743314,13.0,0.0
GBRT,107,12,False,PFI,radius_M,0.0034914449188171146,9.0,0.0
GBRT,107,12,False,PFI,radius_Mprime,0.0030657351578430156,10.0,0.0
GBRT,107,12,False,PFI,oxide_enthalpy_M,0.061038687506540804,2.0,1.0
GBRT,107,12,False,PFI,oxide_enthalpy_Mprime,0.0013383565177124768,12.0,0.0
GBRT,107,12,False,PFI,mixing_enthalpy,0.003825642791297812,8.0,0.0
GBRT,107,12,False,PFI,sublimation_M,0.020330717936605437,4.0,0.0
GBRT,107,12,False,PFI,sublimation_Mprime,-0.0004025595988146171,14.0,0.0
GBRT,107,12,False,PFI,surface_energy_M,0.2703469779836417,1.0,1.0
GBRT,107,12,False,PFI,electron_density_M,0.01898585271671327,5.0,0.0
GBRT,107,12,False,PFI,oxide_bandgap,0.030144559401483063,3.0,1.0
GBRT,107,12,False,KernelSHAP,electronegativity_M,0.02919564477018269,9.0,0.0
GBRT,107,12,False,KernelSHAP,electronegativity_Mprime,0.057349787992991,6.0,0.0
GBRT,107,12,False,KernelSHAP,ionization_M,0.018199011371801632,11.0,0.0
GBRT,107,12,False,KernelSHAP,ionization_Mprime,0.005533311283391994,14.0,0.0
GBRT,107,12,False,KernelSHAP,radius_M,0.011234144606843152,13.0,0.0
GBRT,107,12,False,KernelSHAP,radius_Mprime,0.021389894250849764,10.0,0.0
GBRT,107,12,False,KernelSHAP,oxide_enthalpy_M,0.10994102492549337,2.0,1.0
GBRT,107,12,False,KernelSHAP,oxide_enthalpy_Mprime,0.08618978353840195,5.0,0.0
GBRT,107,12,False,KernelSHAP,mixing_enthalpy,0.039279320453881376,7.0,0.0
GBRT,107,12,False,KernelSHAP,sublimation_M,0.0892349641670571,4.0,0.0
GBRT,107,12,False,KernelSHAP,sublimation_Mprime,0.01380192773957108,12.0,0.0
GBRT,107,12,False,KernelSHAP,surface_energy_M,0.3165158788956763,1.0,1.0
GBRT,107,12,False,KernelSHAP,electron_density_M,0.029986596276554384,8.0,0.0
GBRT,107,12,False,KernelSHAP,oxide_bandgap,0.09643509225506539,3.0,1.0
LR,107,12,False,PFI,electronegativity_M,0.004679499853546803,12.0,0.0
LR,107,12,False,PFI,electronegativity_Mprime,-0.0034683762968691404,14.0,0.0
LR,107,12,False,PFI,ionization_M,0.029598994291412075,7.0,0.0
LR,107,12,False,PFI,ionization_Mprime,0.007127356405792432,11.0,0.0
LR,107,12,False,PFI,radius_M,0.04478073970342732,5.0,0.0
LR,107,12,False,PFI,radius_Mprime,0.0033345523808642904,13.0,0.0
LR,107,12,False,PFI,oxide_enthalpy_M,0.11324483086900032,3.0,1.0
LR,107,12,False,PFI,oxide_enthalpy_Mprime,0.08502746591093538,4.0,0.0
LR,107,12,False,PFI,mixing_enthalpy,0.034481936416991835,6.0,0.0
LR,107,12,False,PFI,sublimation_M,0.014358657309133755,9.0,0.0
LR,107,12,False,PFI,sublimation_Mprime,0.017817707421729487,8.0,0.0
LR,107,12,False,PFI,surface_energy_M,0.7341384632829172,1.0,1.0
LR,107,12,False,PFI,electron_density_M,0.16522990756014097,2.0,1.0
LR,107,12,False,PFI,oxide_bandgap,0.010660371240056888,10.0,0.0
LR,107,12,False,KernelSHAP,electronegativity_M,0.056276954965553655,12.0,0.0
LR,107,12,False,KernelSHAP,electronegativity_Mprime,0.05601638687170004,13.0,0.0
LR,107,12,False,KernelSHAP,ionization_M,0.10741403255296683,7.0,0.0
LR,107,12,False,KernelSHAP,ionization_Mprime,0.02865840731891646,14.0,0.0
LR,107,12,False,KernelSHAP,radius_M,0.12217189856450109,6.0,0.0
LR,107,12,False,KernelSHAP,radius_Mprime,0.06547824831158464,10.0,0.0
LR,107,12,False,KernelSHAP,oxide_enthalpy_M,0.2004741212057528,3.0,1.0
LR,107,12,False,KernelSHAP,oxide_enthalpy_Mprime,0.18824453576500041,4.0,0.0
LR,107,12,False,KernelSHAP,mixing_enthalpy,0.07406682716206994,9.0,0.0
LR,107,12,False,KernelSHAP,sublimation_M,0.07620341006176734,8.0,0.0
LR,107,12,False,KernelSHAP,sublimation_Mprime,0.14539144889305478,5.0,0.0
LR,107,12,False,KernelSHAP,surface_energy_M,0.5869681304310319,1.0,1.0
LR,107,12,False,KernelSHAP,electron_density_M,0.2142933627734897,2.0,1.0
LR,107,12,False,KernelSHAP,oxide_bandgap,0.060888255566748754,11.0,0.0
RF,107,12,False,PFI,electronegativity_M,0.003964599334968091,8.0,0.0
RF,107,12,False,PFI,electronegativity_Mprime,-0.0009292133699990747,14.0,0.0
RF,107,12,False,PFI,ionization_M,0.00315229639435816,9.0,0.0
RF,107,12,False,PFI,ionization_Mprime,0.0018167774761542836,11.0,0.0
RF,107,12,False,PFI,radius_M,0.00499139709157955,7.0,0.0
RF,107,12,False,PFI,radius_Mprime,-0.00015737480902641663,13.0,0.0
RF,107,12,False,PFI,oxide_enthalpy_M,0.028802496954133696,2.0,1.0
RF,107,12,False,PFI,oxide_enthalpy_Mprime,0.0030199593599473805,10.0,0.0
RF,107,12,False,PFI,mixing_enthalpy,0.007744234185230565,6.0,0.0
RF,107,12,False,PFI,sublimation_M,0.017670525359321863,4.0,0.0
RF,107,12,False,PFI,sublimation_Mprime,0.0007570796113472044,12.0,0.0
RF,107,12,False,PFI,surface_energy_M,0.11660139430079136,1.0,1.0
RF,107,12,False,PFI,electron_density_M,0.01117275549490041,5.0,0.0
RF,107,12,False,PFI,oxide_bandgap,0.021659178851312126,3.0,1.0
RF,107,12,False,KernelSHAP,electronegativity_M,0.025133018628643474,9.0,0.0
RF,107,12,False,KernelSHAP,electronegativity_Mprime,0.03299823141647026,7.0,0.0
RF,107,12,False,KernelSHAP,ionization_M,0.018070106011098666,12.0,0.0
RF,107,12,False,KernelSHAP,ionization_Mprime,0.005146184181152785,14.0,0.0
RF,107,12,False,KernelSHAP,radius_M,0.04190995457742819,6.0,0.0
RF,107,12,False,KernelSHAP,radius_Mprime,0.02130234346417864,11.0,0.0
RF,107,12,False,KernelSHAP,oxide_enthalpy_M,0.06677974874988732,4.0,0.0
RF,107,12,False,KernelSHAP,oxide_enthalpy_Mprime,0.058749915462195955,5.0,0.0
RF,107,12,False,KernelSHAP,mixing_enthalpy,0.023706663812563568,10.0,0.0
RF,107,12,False,KernelSHAP,sublimation_M,0.08925462298251574,2.0,1.0
RF,107,12,False,KernelSHAP,sublimation_Mprime,0.013265821185395498,13.0,0.0
RF,107,12,False,KernelSHAP,surface_energy_M,0.1928702520268604,1.0,1.0
RF,107,12,False,KernelSHAP,electron_density_M,0.03033692845977878,8.0,0.0
RF,107,12,False,KernelSHAP,oxide_bandgap,0.08338771098761383,3.0,1.0
SVR,107,12,False,PFI,electronegativity_M,0.06007725631713777,3.0,1.0
SVR,107,12,False,PFI,electronegativity_Mprime,0.012727664587421524,11.0,0.0
SVR,107,12,False,PFI,ionization_M,0.01001816448071127,13.0,0.0
SVR,107,12,False,PFI,ionization_Mprime,0.02467002953493663,8.0,0.0
SVR,107,12,False,PFI,radius_M,0.037970939144274525,4.0,0.0
SVR,107,12,False,PFI,radius_Mprime,0.010433109397714063,12.0,0.0
SVR,107,12,False,PFI,oxide_enthalpy_M,0.13687329101581908,2.0,1.0
SVR,107,12,False,PFI,oxide_enthalpy_Mprime,0.02845959445098565,6.0,0.0
SVR,107,12,False,PFI,mixing_enthalpy,0.013724776572043592,10.0,0.0
SVR,107,12,False,PFI,sublimation_M,0.031253712352032885,5.0,0.0
SVR,107,12,False,PFI,sublimation_Mprime,0.016093615127803676,9.0,0.0
SVR,107,12,False,PFI,surface_energy_M,0.22793327109728473,1.0,1.0
SVR,107,12,False,PFI,electron_density_M,0.007452051061469972,14.0,0.0
SVR,107,12,False,PFI,oxide_bandgap,0.02662681220836455,7.0,0.0
SVR,107,12,False,KernelSHAP,electronegativity_M,0.10630721293077283,5.0,0.0
SVR,107,12,False,KernelSHAP,electronegativity_Mprime,0.060271251928326115,10.0,0.0
SVR,107,12,False,KernelSHAP,ionization_M,0.08361727478937263,7.0,0.0
SVR,107,12,False,KernelSHAP,ionization_Mprime,0.027016093558483792,13.0,0.0
SVR,107,12,False,KernelSHAP,radius_M,0.11684812528840362,3.0,1.0
SVR,107,12,False,KernelSHAP,radius_Mprime,0.07381749918974377,9.0,0.0
SVR,107,12,False,KernelSHAP,oxide_enthalpy_M,0.19325963658020556,2.0,1.0
SVR,107,12,False,KernelSHAP,oxide_enthalpy_Mprime,0.10100176319945889,6.0,0.0
SVR,107,12,False,KernelSHAP,mixing_enthalpy,0.05434089758287329,11.0,0.0
SVR,107,12,False,KernelSHAP,sublimation_M,0.10685381711160795,4.0,0.0
SVR,107,12,False,KernelSHAP,sublimation_Mprime,0.03744214006574911,12.0,0.0
SVR,107,12,False,KernelSHAP,surface_energy_M,0.30977209458083954,1.0,1.0
SVR,107,12,False,KernelSHAP,electron_density_M,0.018333510494500674,14.0,0.0
SVR,107,12,False,KernelSHAP,oxide_bandgap,0.07651832041392848,8.0,0.0
GBRT,107,13,False,PFI,electronegativity_M,0.003891817878259839,7.0,0.0
GBRT,107,13,False,PFI,electronegativity_Mprime,0.011438977626336128,4.0,0.0
GBRT,107,13,False,PFI,ionization_M,0.0008939694660561632,11.0,0.0
GBRT,107,13,False,PFI,ionization_Mprime,0.0021306123747412632,9.0,0.0
GBRT,107,13,False,PFI,radius_M,0.004264381407132841,6.0,0.0
GBRT,107,13,False,PFI,radius_Mprime,-0.0013456501373209882,13.0,0.0
GBRT,107,13,False,PFI,oxide_enthalpy_M,0.07886593438755893,2.0,1.0
GBRT,107,13,False,PFI,oxide_enthalpy_Mprime,0.0006127926838950716,12.0,0.0
GBRT,107,13,False,PFI,mixing_enthalpy,0.0019976795431926194,10.0,0.0
GBRT,107,13,False,PFI,sublimation_M,0.0024031999234921182,8.0,0.0
GBRT,107,13,False,PFI,sublimation_Mprime,-0.0013764088591924682,14.0,0.0
GBRT,107,13,False,PFI,surface_energy_M,0.24175448047890022,1.0,1.0
GBRT,107,13,False,PFI,electron_density_M,0.004454867421061482,5.0,0.0
GBRT,107,13,False,PFI,oxide_bandgap,0.015553763606187354,3.0,1.0
GBRT,107,13,False,KernelSHAP,electronegativity_M,0.01718065664916021,10.0,0.0
GBRT,107,13,False,KernelSHAP,electronegativity_Mprime,0.09336843714868183,3.0,1.0
GBRT,107,13,False,KernelSHAP,ionization_M,0.012508911495280182,13.0,0.0
GBRT,107,13,False,KernelSHAP,ionization_Mprime,0.0184880102052644,9.0,0.0
GBRT,107,13,False,KernelSHAP,radius_M,0.015893760636031283,11.0,0.0
GBRT,107,13,False,KernelSHAP,radius_Mprime,0.024083083928151363,8.0,0.0
GBRT,107,13,False,KernelSHAP,oxide_enthalpy_M,0.12133995279316943,2.0,1.0
GBRT,107,13,False,KernelSHAP,oxide_enthalpy_Mprime,0.08154563670813197,4.0,0.0
GBRT,107,13,False,KernelSHAP,mixing_enthalpy,0.03924373003405329,7.0,0.0
GBRT,107,13,False,KernelSHAP,sublimation_M,0.07279100060898805,6.0,0.0
GBRT,107,13,False,KernelSHAP,sublimation_Mprime,0.010482906973393416,14.0,0.0
GBRT,107,13,False,KernelSHAP,surface_energy_M,0.32918560705207844,1.0,1.0
GBRT,107,13,False,KernelSHAP,electron_density_M,0.012743447318427872,12.0,0.0
GBRT,107,13,False,KernelSHAP,oxide_bandgap,0.07472974684970156,5.0,0.0
LR,107,13,False,PFI,electronegativity_M,0.012706673108467815,11.0,0.0
LR,107,13,False,PFI,electronegativity_Mprime,-0.0029718430215873895,14.0,0.0
LR,107,13,False,PFI,ionization_M,0.021798244865599788,9.0,0.0
LR,107,13,False,PFI,ionization_Mprime,0.004587461082430649,13.0,0.0
LR,107,13,False,PFI,radius_M,0.027109945936688282,7.0,0.0
LR,107,13,False,PFI,radius_Mprime,0.012147512102953006,12.0,0.0
LR,107,13,False,PFI,oxide_enthalpy_M,0.07379340295335117,4.0,0.0
LR,107,13,False,PFI,oxide_enthalpy_Mprime,0.08415700579004286,3.0,1.0
LR,107,13,False,PFI,mixing_enthalpy,0.045232452058521916,5.0,0.0
LR,107,13,False,PFI,sublimation_M,0.026518155971157368,8.0,0.0
LR,107,13,False,PFI,sublimation_Mprime,0.030035486228418517,6.0,0.0
LR,107,13,False,PFI,surface_energy_M,0.7004626398981768,1.0,1.0
LR,107,13,False,PFI,electron_density_M,0.21535489773109343,2.0,1.0
LR,107,13,False,PFI,oxide_bandgap,0.014908614499603302,10.0,0.0
LR,107,13,False,KernelSHAP,electronegativity_M,0.06668085268052823,11.0,0.0
LR,107,13,False,KernelSHAP,electronegativity_Mprime,0.01491052488564052,13.0,0.0
LR,107,13,False,KernelSHAP,ionization_M,0.0935567181028685,9.0,0.0
LR,107,13,False,KernelSHAP,ionization_Mprime,0.014603256171354424,14.0,0.0
LR,107,13,False,KernelSHAP,radius_M,0.0944247572840698,8.0,0.0
LR,107,13,False,KernelSHAP,radius_Mprime,0.12352798384060944,6.0,0.0
LR,107,13,False,KernelSHAP,oxide_enthalpy_M,0.15031453014930765,4.0,0.0
LR,107,13,False,KernelSHAP,oxide_enthalpy_Mprime,0.20523613870578258,3.0,1.0
LR,107,13,False,KernelSHAP,mixing_enthalpy,0.08428082125908513,10.0,0.0
LR,107,13,False,KernelSHAP,sublimation_M,0.10412697723722798,7.0,0.0
LR,107,13,False,KernelSHAP,sublimation_Mprime,0.14936573789393762,5.0,0.0
LR,107,13,False,KernelSHAP,surface_energy_M,0.5654545967805095,1.0,1.0
LR,107,13,False,KernelSHAP,electron_density_M,0.25364557407590776,2.0,1.0
LR,107,13,False,KernelSHAP,oxide_bandgap,0.05982862515647055,12.0,0.0
RF,107,13,False,PFI,electronegativity_M,0.0011802314722974766,7.0,0.0
RF,107,13,False,PFI,electronegativity_Mprime,-0.0014891638982485436,13.0,0.0
RF,107,13,False,PFI,ionization_M,-0.000448896896680271,10.0,0.0
RF,107,13,False,PFI,ionization_Mprime,-0.0009780483467700305,12.0,0.0
RF,107,13,False,PFI,radius_M,0.010003943109807262,5.0,0.0
RF,107,13,False,PFI,radius_Mprime,-0.00825206218635747,14.0,0.0
RF,107,13,False,PFI,oxide_enthalpy_M,0.044271516110584185,2.0,1.0
RF,107,13,False,PFI,oxide_enthalpy_Mprime,-0.0002294324188082707,8.0,0.0
RF,107,13,False,PFI,mixing_enthalpy,0.006350094314449067,6.0,0.0
RF,107,13,False,PFI,sublimation_M,0.017389172851836023,3.0,1.0
RF,107,13,False,PFI,sublimation_Mprime,-0.00044837601815346913,9.0,0.0
RF,107,13,False,PFI,surface_energy_M,0.08541099100423871,1.0,1.0
RF,107,13,False,PFI,electron_density_M,-0.0009388738295382039,11.0,0.0
RF,107,13,False,PFI,oxide_bandgap,0.012977407597074045,4.0,0.0
RF,107,13,False,KernelSHAP,electronegativity_M,0.020654252419323883,11.0,0.0
RF,107,13,False,KernelSHAP,electronegativity_Mprime,0.06522368517326821,4.0,0.0
RF,107,13,False,KernelSHAP,ionization_M,0.010863129342439326,13.0,0.0
RF,107,13,False,KernelSHAP,ionization_Mprime,0.013164322528769663,12.0,0.0
RF,107,13,False,KernelSHAP,radius_M,0.03178795962168032,9.0,0.0
RF,107,13,False,KernelSHAP,radius_Mprime,0.03832091105474672,8.0,0.0
RF,107,13,False,KernelSHAP,oxide_enthalpy_M,0.0763745441124238,3.0,1.0
RF,107,13,False,KernelSHAP,oxide_enthalpy_Mprime,0.04895904099378146,5.0,0.0
RF,107,13,False,KernelSHAP,mixing_enthalpy,0.027135718396712413,10.0,0.0
RF,107,13,False,KernelSHAP,sublimation_M,0.07819042522377971,2.0,1.0
RF,107,13,False,KernelSHAP,sublimation_Mprime,0.01007782690383935,14.0,0.0
RF,107,13,False,KernelSHAP,surface_energy_M,0.19109291537804435,1.0,1.0
RF,107,13,False,KernelSHAP,electron_density_M,0.04804466549038808,6.0,0.0
RF,107,13,False,KernelSHAP,oxide_bandgap,0.0439028287939463,7.0,0.0
SVR,107,13,False,PFI,electronegativity_M,0.03842476240110897,4.0,0.0
SVR,107,13,False,PFI,electronegativity_Mprime,0.008954306824400137,11.0,0.0
SVR,107,13,False,PFI,ionization_M,0.0029214057728799187,13.0,0.0
SVR,107,13,False,PFI,ionization_Mprime,-0.004056065740065878,14.0,0.0
SVR,107,13,False,PFI,radius_M,0.08286049487365627,3.0,1.0
SVR,107,13,False,PFI,radius_Mprime,0.02130441631048944,7.0,0.0
SVR,107,13,False,PFI,oxide_enthalpy_M,0.16302103522680744,2.0,1.0
SVR,107,13,False,PFI,oxide_enthalpy_Mprime,0.03019205423054563,5.0,0.0
SVR,107,13,False,PFI,mixing_enthalpy,0.01860134606766218,8.0,0.0
SVR,107,13,False,PFI,sublimation_M,0.014199754513738706,10.0,0.0
SVR,107,13,False,PFI,sublimation_Mprime,0.014433887496276072,9.0,0.0
SVR,107,13,False,PFI,surface_energy_M,0.256417559940168,1.0,1.0
SVR,107,13,False,PFI,electron_density_M,0.005447684358091037,12.0,0.0
SVR,107,13,False,PFI,oxide_bandgap,0.029386778282207003,6.0,0.0
SVR,107,13,False,KernelSHAP,electronegativity_M,0.09346576549715321,5.0,0.0
SVR,107,13,False,KernelSHAP,electronegativity_Mprime,0.028507264892167594,14.0,0.0
SVR,107,13,False,KernelSHAP,ionization_M,0.03867769835726183,12.0,0.0
SVR,107,13,False,KernelSHAP,ionization_Mprime,0.034026227703053774,13.0,0.0
SVR,107,13,False,KernelSHAP,radius_M,0.17046658454299793,3.0,1.0
SVR,107,13,False,KernelSHAP,radius_Mprime,0.08527037525727718,7.0,0.0
SVR,107,13,False,KernelSHAP,oxide_enthalpy_M,0.21498644575712825,2.0,1.0
SVR,107,13,False,KernelSHAP,oxide_enthalpy_Mprime,0.1062494222524082,4.0,0.0
SVR,107,13,False,KernelSHAP,mixing_enthalpy,0.062143279838015895,9.0,0.0
SVR,107,13,False,KernelSHAP,sublimation_M,0.08828288799583343,6.0,0.0
SVR,107,13,False,KernelSHAP,sublimation_Mprime,0.04223349178961372,11.0,0.0
SVR,107,13,False,KernelSHAP,surface_energy_M,0.3391974035251579,1.0,1.0
SVR,107,13,False,KernelSHAP,electron_density_M,0.05249043430153555,10.0,0.0
SVR,107,13,False,KernelSHAP,oxide_bandgap,0.08234894874877799,8.0,0.0
GBRT,107,14,False,PFI,electronegativity_M,0.0037596086170299803,11.0,0.0
GBRT,107,14,False,PFI,electronegativity_Mprime,0.006414546994296567,7.0,0.0
GBRT,107,14,False,PFI,ionization_M,0.005314674989713188,9.0,0.0
GBRT,107,14,False,PFI,ionization_Mprime,0.003403668152122987,12.0,0.0
GBRT,107,14,False,PFI,radius_M,0.024672497453932886,4.0,0.0
GBRT,107,14,False,PFI,radius_Mprime,0.004876730860057051,10.0,0.0
GBRT,107,14,False,PFI,oxide_enthalpy_M,0.02843557917925142,3.0,1.0
GBRT,107,14,False,PFI,oxide_enthalpy_Mprime,0.0055711282288640395,8.0,0.0
GBRT,107,14,False,PFI,mixing_enthalpy,0.00044076482553027593,13.0,0.0
GBRT,107,14,False,PFI,sublimation_M,0.028878383097586047,2.0,1.0
GBRT,107,14,False,PFI,sublimation_Mprime,-0.0005104957247039914,14.0,0.0
GBRT,107,14,False,PFI,surface_energy_M,0.20483095246842012,1.0,1.0
GBRT,107,14,False,PFI,electron_density_M,0.007848618999873427,6.0,0.0
GBRT,107,14,False,PFI,oxide_bandgap,0.018978937806579863,5.0,0.0
GBRT,107,14,False,KernelSHAP,electronegativity_M,0.020039666489244188,12.0,0.0
GBRT,107,14,False,KernelSHAP,electronegativity_Mprime,0.05823975609381539,5.0,0.0
GBRT,107,14,False,KernelSHAP,ionization_M,0.02315682154857381,11.0,0.0
GBRT,107,14,False,KernelSHAP,ionization_Mprime,0.018755685682032716,13.0,0.0
GBRT,107,14,False,KernelSHAP,radius_M,0.0313271815947803,8.0,0.0
GBRT,107,14,False,KernelSHAP,radius_Mprime,0.02810599156492059,10.0,0.0
GBRT,107,14,False,KernelSHAP,oxide_enthalpy_M,0.08817344865795157,3.0,1.0
GBRT,107,14,False,KernelSHAP,oxide_enthalpy_Mprime,0.050076686753321935,6.0,0.0
GBRT,107,14,False,KernelSHAP,mixing_enthalpy,0.04458864664702384,7.0,0.0
GBRT,107,14,False,KernelSHAP,sublimation_M,0.11278779363592337,2.0,1.0
GBRT,107,14,False,KernelSHAP,sublimation_Mprime,0.02865757005496948,9.0,0.0
GBRT,107,14,False,KernelSHAP,surface_energy_M,0.21158065702808035,1.0,1.0
GBRT,107,14,False,KernelSHAP,electron_density_M,0.015589127244533029,14.0,0.0
GBRT,107,14,False,KernelSHAP,oxide_bandgap,0.06567152018919686,4.0,0.0
LR,107,14,False,PFI,electronegativity_M,-0.0007302447809512863,14.0,0.0
LR,107,14,False,PFI,electronegativity_Mprime,0.00047379971373840676,13.0,0.0
LR,107,14,False,PFI,ionization_M,0.033379820675683056,6.0,0.0
LR,107,14,False,PFI,ionization_Mprime,0.0014139990786716794,12.0,0.0
LR,107,14,False,PFI,radius_M,0.033932174012697776,5.0,0.0
LR,107,14,False,PFI,radius_Mprime,0.03177618540794462,7.0,0.0
LR,107,14,False,PFI,oxide_enthalpy_M,0.09386929359892457,3.0,1.0
LR,107,14,False,PFI,oxide_enthalpy_Mprime,0.044671976242789936,4.0,0.0
LR,107,14,False,PFI,mixing_enthalpy,0.0245873599451026,10.0,0.0
LR,107,14,False,PFI,sublimation_M,0.025815844634423237,9.0,0.0
LR,107,14,False,PFI,sublimation_Mprime,0.009847931212119045,11.0,0.0
LR,107,14,False,PFI,surface_energy_M,0.7762133847056741,1.0,1.0
LR,107,14,False,PFI,electron_density_M,0.2182341647001728,2.0,1.0
LR,107,14,False,PFI,oxide_bandgap,0.031509092750568214,8.0,0.0
LR,107,14,False,KernelSHAP,electronegativity_M,0.05039872351763866,12.0,0.0
LR,107,14,False,KernelSHAP,electronegativity_Mprime,0.005242610019022657,14.0,0.0
LR,107,14,False,KernelSHAP,ionization_M,0.09595169301501007,8.0,0.0
LR,107,14,False,KernelSHAP,ionization_Mprime,0.008096329767337578,13.0,0.0
LR,107,14,False,KernelSHAP,radius_M,0.10416577971604707,6.0,0.0
LR,107,14,False,KernelSHAP,radius_Mprime,0.12876452173886033,4.0,0.0
LR,107,14,False,KernelSHAP,oxide_enthalpy_M,0.20235582723983175,3.0,1.0
LR,107,14,False,KernelSHAP,oxide_enthalpy_Mprime,0.12622332540226028,5.0,0.0
LR,107,14,False,KernelSHAP,mixing_enthalpy,0.06267805544059228,11.0,0.0
LR,107,14,False,KernelSHAP,sublimation_M,0.09364333621079442,9.0,0.0
LR,107,14,False,KernelSHAP,sublimation_Mprime,0.10075082063984847,7.0,0.0
LR,107,14,False,KernelSHAP,surface_energy_M,0.586384140784402,1.0,1.0
LR,107,14,False,KernelSHAP,electron_density_M,0.2714883262261525,2.0,1.0
LR,107,14,False,KernelSHAP,oxide_bandgap,0.0903959185444765,10.0,0.0
RF,107,14,False,PFI,electronegativity_M,0.0013660623823885324,12.0,0.0
RF,107,14,False,PFI,electronegativity_Mprime,0.0039666990910667945,7.0,0.0
RF,107,14,False,PFI,ionization_M,0.001955997970083174,9.0,0.0
RF,107,14,False,PFI,ionization_Mprime,0.001859936478285565,10.0,0.0
RF,107,14,False,PFI,radius_M,0.019529231341595676,4.0,0.0
RF,107,14,False,PFI,radius_Mprime,0.0001754224731584692,14.0,0.0
RF,107,14,False,PFI,oxide_enthalpy_M,0.021841521071102012,2.0,1.0
RF,107,14,False,PFI,oxide_enthalpy_Mprime,0.0014437628725263627,11.0,0.0
RF,107,14,False,PFI,mixing_enthalpy,0.0034538600731334004,8.0,0.0
RF,107,14,False,PFI,sublimation_M,0.0214159165960026,3.0,1.0
RF,107,14,False,PFI,sublimation_Mprime,0.0007617118333775932,13.0,0.0
RF,107,14,False,PFI,surface_energy_M,0.060184708478796554,1.0,1.0
RF,107,14,False,PFI,electron_density_M,0.005946932292898236,6.0,0.0
RF,107,14,False,PFI,oxide_bandgap,0.014079490318227398,5.0,0.0
RF,107,14,False,KernelSHAP,electronegativity_M,0.02063578572162735,9.0,0.0
RF,107,14,False,KernelSHAP,electronegativity_Mprime,0.03730885345458336,7.0,0.0
RF,107,14,False,KernelSHAP,ionization_M,0.007303420784906218,13.0,0.0
RF,107,14,False,KernelSHAP,ionization_Mprime,0.024252888238539414,8.0,0.0
RF,107,14,False,KernelSHAP,radius_M,0.05654540004509653,4.0,0.0
RF,107,14,False,KernelSHAP,radius_Mprime,0.01978594038490931,10.0,0.0
RF,107,14,False,KernelSHAP,oxide_enthalpy_M,0.07021174316382897,3.0,1.0
RF,107,14,False,KernelSHAP,oxide_enthalpy_Mprime,0.01928755742520695,11.0,0.0
RF,107,14,False,KernelSHAP,mixing_enthalpy,0.019214031851714497,12.0,0.0
RF,107,14,False,KernelSHAP,sublimation_M,0.08808076660576403,2.0,1.0
RF,107,14,False,KernelSHAP,sublimation_Mprime,0.0059112479738451275,14.0,0.0
RF,107,14,False,KernelSHAP,surface_energy_M,0.11915229482069074,1.0,1.0
RF,107,14,False,KernelSHAP,electron_density_M,0.038884668112076554,6.0,0.0
RF,107,14,False,KernelSHAP,oxide_bandgap,0.04049841581247996,5.0,0.0
SVR,107,14,False,PFI,electronegativity_M,0.02192100591461933,7.0,0.0
SVR,107,14,False,PFI,electronegativity_Mprime,0.008048321550928357,12.0,0.0
SVR,107,14,False,PFI,ionization_M,0.008222737923280658,11.0,0.0
SVR,107,14,False,PFI,ionization_Mprime,0.006949174755437633,14.0,0.0
SVR,107,14,False,PFI,radius_M,0.05024468882197201,3.0,1.0
SVR,107,14,False,PFI,radius_Mprime,0.02850786204657801,5.0,0.0
SVR,107,14,False,PFI,oxide_enthalpy_M,0.14688064342000445,2.0,1.0
SVR,107,14,False,PFI,oxide_enthalpy_Mprime,0.0157636923811901,8.0,0.0
SVR,107,14,False,PFI,mixing_enthalpy,0.008827777083893961,10.0,0.0
SVR,107,14,False,PFI,sublimation_M,0.024688350636253225,6.0,0.0
SVR,107,14,False,PFI,sublimation_Mprime,0.007922420733023253,13.0,0.0
SVR,107,14,False,PFI,surface_energy_M,0.32291010603574694,1.0,1.0
SVR,107,14,False,PFI,electron_density_M,0.009469110009463804,9.0,0.0
SVR,107,14,False,PFI,oxide_bandgap,0.02994559017693685,4.0,0.0
SVR,107,14,False,KernelSHAP,electronegativity_M,0.06486516574033285,8.0,0.0
SVR,107,14,False,KernelSHAP,electronegativity_Mprime,0.019641635995020636,13.0,0.0
SVR,107,14,False,KernelSHAP,ionization_M,0.06152279847381933,9.0,0.0
SVR,107,14,False,KernelSHAP,ionization_Mprime,0.013015163412593189,14.0,0.0
SVR,107,14,False,KernelSHAP,radius_M,0.14329981801116964,3.0,1.0
SVR,107,14,False,KernelSHAP,radius_Mprime,0.10411880205880482,4.0,0.0
SVR,107,14,False,KernelSHAP,oxide_enthalpy_M,0.21004583346519448,2.0,1.0
SVR,107,14,False,KernelSHAP,oxide_enthalpy_Mprime,0.0713840445375217,7.0,0.0
SVR,107,14,False,KernelSHAP,mixing_enthalpy,0.03601296123060042,12.0,0.0
SVR,107,14,False,KernelSHAP,sublimation_M,0.08917473883840198,5.0,0.0
SVR,107,14,False,KernelSHAP,sublimation_Mprime,0.04434571684428293,10.0,0.0
SVR,107,14,False,KernelSHAP,surface_energy_M,0.35860697633156163,1.0,1.0
SVR,107,14,False,KernelSHAP,electron_density_M,0.039081385691623,11.0,0.0
SVR,107,14,False,KernelSHAP,oxide_bandgap,0.0852798938814496,6.0,0.0
GBRT,107,15,False,PFI,electronegativity_M,0.006967274913098097,8.0,0.0
GBRT,107,15,False,PFI,electronegativity_Mprime,0.0008870378529905541,12.0,0.0
GBRT,107,15,False,PFI,ionization_M,0.001414165217129436,11.0,0.0
GBRT,107,15,False,PFI,ionization_Mprime,-0.00012672631383614427,13.0,0.0
GBRT,107,15,False,PFI,radius_M,0.013430546463703447,5.0,0.0
GBRT,107,15,False,PFI,radius_Mprime,0.00823664941716054,7.0,0.0
GBRT,107,15,False,PFI,oxide_enthalpy_M,0.03219200819216835,3.0,1.0
GBRT,107,15,False,PFI,oxide_enthalpy_Mprime,0.005605863693015467,10.0,0.0
GBRT,107,15,False,PFI,mixing_enthalpy,0.005915859725026615,9.0,0.0
GBRT,107,15,False,PFI,sublimation_M,0.11208541749824377,1.0,1.0
GBRT,107,15,False,PFI,sublimation_Mprime,-0.0028651586496813756,14.0,0.0
GBRT,107,15,False,PFI,surface_energy_M,0.08026623479528551,2.0,1.0
GBRT,107,15,False,PFI,electron_density_M,0.00883423425127058,6.0,0.0
GBRT,107,15,False,PFI,oxide_bandgap,0.027099840427204844,4.0,0.0
GBRT,107,15,False,KernelSHAP,electronegativity_M,0.038433384728880866,8.0,0.0
GBRT,107,15,False,KernelSHAP,electronegativity_Mprime,0.03736019223564184,9.0,0.0
GBRT,107,15,False,KernelSHAP,ionization_M,0.015645787061229585,13.0,0.0
GBRT,107,15,False,KernelSHAP,ionization_Mprime,0.011033467099382415,14.0,0.0
GBRT,107,15,False,KernelSHAP,radius_M,0.029324330169431242,10.0,0.0
GBRT,107,15,False,KernelSHAP,radius_Mprime,0.04519985547857126,7.0,0.0
GBRT,107,15,False,KernelSHAP,oxide_enthalpy_M,0.07623468326740955,5.0,0.0
GBRT,107,15,False,KernelSHAP,oxide_enthalpy_Mprime,0.08538160208100626,4.0,0.0
GBRT,107,15,False,KernelSHAP,mixing_enthalpy,0.05230008521888722,6.0,0.0
GBRT,107,15,False,KernelSHAP,sublimation_M,0.26683891512635616,1.0,1.0
GBRT,107,15,False,KernelSHAP,sublimation_Mprime,0.01575528331553528,12.0,0.0
GBRT,107,15,False,KernelSHAP,surface_energy_M,0.1949390418538888,2.0,1.0
GBRT,107,15,False,KernelSHAP,electron_density_M,0.02178515417963632,11.0,0.0
GBRT,107,15,False,KernelSHAP,oxide_bandgap,0.0900608525864916,3.0,1.0
LR,107,15,False,PFI,electronegativity_M,0.0048395251464308986,12.0,0.0
LR,107,15,False,PFI,electronegativity_Mprime,-0.0010491031863020506,14.0,0.0
LR,107,15,False,PFI,ionization_M,0.017929386773804547,8.0,0.0
LR,107,15,False,PFI,ionization_Mprime,0.006036249195754457,11.0,0.0
LR,107,15,False,PFI,radius_M,0.04807695547396854,5.0,0.0
LR,107,15,False,PFI,radius_Mprime,0.01449627471160983,9.0,0.0
LR,107,15,False,PFI,oxide_enthalpy_M,0.1303797341777159,2.0,1.0
LR,107,15,False,PFI,oxide_enthalpy_Mprime,0.07192835178989342,4.0,0.0
LR,107,15,False,PFI,mixing_enthalpy,0.04325532527656462,6.0,0.0
LR,107,15,False,PFI,sublimation_M,0.0028830344240319728,13.0,0.0
LR,107,15,False,PFI,sublimation_Mprime,0.00879328308941177,10.0,0.0
LR,107,15,False,PFI,surface_energy_M,0.6465541195060571,1.0,1.0
LR,107,15,False,PFI,electron_density_M,0.09687038811605064,3.0,1.0
LR,107,15,False,PFI,oxide_bandgap,0.019894428090799793,7.0,0.0
LR,107,15,False,KernelSHAP,electronegativity_M,0.049018334350793974,12.0,0.0
LR,107,15,False,KernelSHAP,electronegativity_Mprime,0.046130841407918226,13.0,0.0
LR,107,15,False,KernelSHAP,ionization_M,0.08198055199563528,9.0,0.0
LR,107,15,False,KernelSHAP,ionization_Mprime,0.025776525613745424,14.0,0.0
LR,107,15,False,KernelSHAP,radius_M,0.11781668429508613,5.0,0.0
LR,107,15,False,KernelSHAP,radius_Mprime,0.0907154644885253,8.0,0.0
LR,107,15,False,KernelSHAP,oxide_enthalpy_M,0.22235383313701465,2.0,1.0
LR,107,15,False,KernelSHAP,oxide_enthalpy_Mprime,0.17272058395576068,3.0,1.0
LR,107,15,False,KernelSHAP,mixing_enthalpy,0.09895862498178792,7.0,0.0
LR,107,15,False,KernelSHAP,sublimation_M,0.06420721529415262,11.0,0.0
LR,107,15,False,KernelSHAP,sublimation_Mprime,0.09922123215251423,6.0,0.0
LR,107,15,False,KernelSHAP,surface_energy_M,0.5647032630763905,1.0,1.0
LR,107,15,False,KernelSHAP,electron_density_M,0.14844130648325524,4.0,0.0
LR,107,15,False,KernelSHAP,oxide_bandgap,0.08079151730232012,10.0,0.0
RF,107,15,False,PFI,electronegativity_M,0.0028005181513612474,7.0,0.0
RF,107,15,False,PFI,electronegativity_Mprime,0.00241267170352867,9.0,0.0
RF,107,15,False,PFI,ionization_M,0.0018485673522437153,10.0,0.0
RF,107,15,False,PFI,ionization_Mprime,-0.001966772305617143,13.0,0.0
RF,107,15,False,PFI,radius_M,0.009188130288638529,5.0,0.0
RF,107,15,False,PFI,radius_Mprime,0.0013271578243023658,11.0,0.0
RF,107,15,False,PFI,oxide_enthalpy_M,0.02695561465529937,3.0,1.0
RF,107,15,False,PFI,oxide_enthalpy_Mprime,0.0041152867647077035,6.0,0.0
RF,107,15,False,PFI,mixing_enthalpy,0.0025014209299234185,8.0,0.0
RF,107,15,False,PFI,sublimation_M,0.040874069013704134,1.0,1.0
RF,107,15,False,PFI,sublimation_Mprime,-0.0020679740563805493,14.0,0.0
RF,107,15,False,PFI,surface_energy_M,0.03837837317825919,2.0,1.0
RF,107,15,False,PFI,electron_density_M,0.0009989555436957344,12.0,0.0
RF,107,15,False,PFI,oxide_bandgap,0.016007124495695177,4.0,0.0
RF,107,15,False,KernelSHAP,electronegativity_M,0.028966537590509087,9.0,0.0
RF,107,15,False,KernelSHAP,electronegativity_Mprime,0.043431377025608446,7.0,0.0
RF,107,15,False,KernelSHAP,ionization_M,0.015246637154499733,12.0,0.0
RF,107,15,False,KernelSHAP,ionization_Mprime,0.008484231716731452,13.0,0.0
RF,107,15,False,KernelSHAP,radius_M,0.034066667038703674,8.0,0.0
RF,107,15,False,KernelSHAP,radius_Mprime,0.021936768079060472,10.0,0.0
RF,107,15,False,KernelSHAP,oxide_enthalpy_M,0.06542414706654517,3.0,1.0
RF,107,15,False,KernelSHAP,oxide_enthalpy_Mprime,0.05965993994339209,4.0,0.0
RF,107,15,False,KernelSHAP,mixing_enthalpy,0.016595915646984444,11.0,0.0
RF,107,15,False,KernelSHAP,sublimation_M,0.18014725629969286,1.0,1.0
RF,107,15,False,KernelSHAP,sublimation_Mprime,0.008209642339500167,14.0,0.0
RF,107,15,False,KernelSHAP,surface_energy_M,0.13053675351882402,2.0,1.0
RF,107,15,False,KernelSHAP,electron_density_M,0.044319034023067166,6.0,0.0
RF,107,15,False,KernelSHAP,oxide_bandgap,0.05575867032486412,5.0,0.0
SVR,107,15,False,PFI,electronegativity_M,0.05972224303388227,4.0,0.0
SVR,107,15,False,PFI,electronegativity_Mprime,0.02517058719882265,6.0,0.0
SVR,107,15,False,PFI,ionization_M,0.005644544255595184,13.0,0.0
SVR,107,15,False,PFI,ionization_Mprime,0.005798656270237851,12.0,0.0
SVR,107,15,False,PFI,radius_M,0.06486224189568883,3.0,1.0
SVR,107,15,False,PFI,radius_Mprime,0.0034226235367359396,14.0,0.0
SVR,107,15,False,PFI,oxide_enthalpy_M,0.13962318481384065,2.0,1.0
SVR,107,15,False,PFI,oxide_enthalpy_Mprime,0.0241280943444077,7.0,0.0
SVR,107,15,False,PFI,mixing_enthalpy,0.015349128210288348,9.0,0.0
SVR,107,15,False,PFI,sublimation_M,0.03105033050957253,5.0,0.0
SVR,107,15,False,PFI,sublimation_Mprime,0.016149221955549724,8.0,0.0
SVR,107,15,False,PFI,surface_energy_M,0.18289559529299776,1.0,1.0
SVR,107,15,False,PFI,electron_density_M,0.006617601284137,11.0,0.0
SVR,107,15,False,PFI,oxide_bandgap,0.011669257796554032,10.0,0.0
SVR,107,15,False,KernelSHAP,electronegativity_M,0.10538641068618425,5.0,0.0
SVR,107,15,False,KernelSHAP,electronegativity_Mprime,0.07939323410308768,7.0,0.0
SVR,107,15,False,KernelSHAP,ionization_M,0.06730938230487897,8.0,0.0
SVR,107,15,False,KernelSHAP,ionization_Mprime,0.02938332371772811,13.0,0.0
SVR,107,15,False,KernelSHAP,radius_M,0.162915396335458,3.0,1.0
SVR,107,15,False,KernelSHAP,radius_Mprime,0.02345355719695534,14.0,0.0
SVR,107,15,False,KernelSHAP,oxide_enthalpy_M,0.1920808232785115,2.0,1.0
SVR,107,15,False,KernelSHAP,oxide_enthalpy_Mprime,0.08254173744600816,6.0,0.0
SVR,107,15,False,KernelSHAP,mixing_enthalpy,0.05102580917725089,9.0,0.0
SVR,107,15,False,KernelSHAP,sublimation_M,0.1215432455515901,4.0,0.0
SVR,107,15,False,KernelSHAP,sublimation_Mprime,0.04230575671883403,12.0,0.0
SVR,107,15,False,KernelSHAP,surface_energy_M,0.2917767152848656,1.0,1.0
SVR,107,15,False,KernelSHAP,electron_density_M,0.046017493915243096,11.0,0.0
SVR,107,15,False,KernelSHAP,oxide_bandgap,0.04928640896311787,10.0,0.0
GBRT,107,16,False,PFI,electronegativity_M,0.0032399518778465893,10.0,0.0
GBRT,107,16,False,PFI,electronegativity_Mprime,0.008239609481205222,6.0,0.0
GBRT,107,16,False,PFI,ionization_M,0.0008440149240361058,13.0,0.0
GBRT,107,16,False,PFI,ionization_Mprime,0.003230934204722277,11.0,0.0
GBRT,107,16,False,PFI,radius_M,0.0071396650818178215,7.0,0.0
GBRT,107,16,False,PFI,radius_Mprime,0.005393846763712448,9.0,0.0
GBRT,107,16,False,PFI,oxide_enthalpy_M,0.034374864469597324,2.0,1.0
GBRT,107,16,False,PFI,oxide_enthalpy_Mprime,0.0016001987025202821,12.0,0.0
GBRT,107,16,False,PFI,mixing_enthalpy,0.009353413271120416,5.0,0.0
GBRT,107,16,False,PFI,sublimation_M,0.021872951147362582,4.0,0.0
GBRT,107,16,False,PFI,sublimation_Mprime,-0.0008539259691921055,14.0,0.0
GBRT,107,16,False,PFI,surface_energy_M,0.17398035354246932,1.0,1.0
GBRT,107,16,False,PFI,electron_density_M,0.007128103069752776,8.0,0.0
GBRT,107,16,False,PFI,oxide_bandgap,0.02305906200156368,3.0,1.0
GBRT,107,16,False,KernelSHAP,electronegativity_M,0.022306087524312634,10.0,0.0
GBRT,107,16,False,KernelSHAP,electronegativity_Mprime,0.03436184347120571,8.0,0.0
GBRT,107,16,False,KernelSHAP,ionization_M,0.00948452429169414,14.0,0.0
GBRT,107,16,False,KernelSHAP,ionization_Mprime,0.01930767514316219,12.0,0.0
GBRT,107,16,False,KernelSHAP,radius_M,0.02997792547656433,9.0,0.0
GBRT,107,16,False,KernelSHAP,radius_Mprime,0.04536827669204288,7.0,0.0
GBRT,107,16,False,KernelSHAP,oxide_enthalpy_M,0.08990952596319193,4.0,0.0
GBRT,107,16,False,KernelSHAP,oxide_enthalpy_Mprime,0.081049251391702,5.0,0.0
GBRT,107,16,False,KernelSHAP,mixing_enthalpy,0.04679290294888005,6.0,0.0
GBRT,107,16,False,KernelSHAP,sublimation_M,0.10041206226750884,2.0,1.0
GBRT,107,16,False,KernelSHAP,sublimation_Mprime,0.017957167033539025,13.0,0.0
GBRT,107,16,False,KernelSHAP,surface_energy_M,0.22747680536723372,1.0,1.0
GBRT,107,16,False,KernelSHAP,electron_density_M,0.020252515272124776,11.0,0.0
GBRT,107,16,False,KernelSHAP,oxide_bandgap,0.09497184093997117,3.0,1.0
LR,107,16,False,PFI,electronegativity_M,0.0023832065311019304,12.0,0.0
LR,107,16,False,PFI,electronegativity_Mprime,-0.0021686455861969433,14.0,0.0
LR,107,16,False,PFI,ionization_M,0.019197825043464137,7.0,0.0
LR,107,16,False,PFI,ionization_Mprime,0.0007626863398454443,13.0,0.0
LR,107,16,False,PFI,radius_M,0.024977441554968834,6.0,0.0
LR,107,16,False,PFI,radius_Mprime,0.013246925103157784,10.0,0.0
LR,107,16,False,PFI,oxide_enthalpy_M,0.0981671813604252,3.0,1.0
LR,107,16,False,PFI,oxide_enthalpy_Mprime,0.07840456090126864,4.0,0.0
LR,107,16,False,PFI,mixing_enthalpy,0.0411854546493126,5.0,0.0
LR,107,16,False,PFI,sublimation_M,0.003453782187776646,11.0,0.0
LR,107,16,False,PFI,sublimation_Mprime,0.01652413890980656,8.0,0.0
LR,107,16,False,PFI,surface_energy_M,0.7083258734975098,1.0,1.0
LR,107,16,False,PFI,electron_density_M,0.1746549050792166,2.0,1.0
LR,107,16,False,PFI,oxide_bandgap,0.013913239460059575,9.0,0.0
LR,107,16,False,KernelSHAP,electronegativity_M,0.039092939009698964,12.0,0.0
LR,107,16,False,KernelSHAP,electronegativity_Mprime,0.02285356350723424,13.0,0.0
LR,107,16,False,KernelSHAP,ionization_M,0.08967498652425258,6.0,0.0
LR,107,16,False,KernelSHAP,ionization_Mprime,0.0039081219779721725,14.0,0.0
LR,107,16,False,KernelSHAP,radius_M,0.07775172118148321,10.0,0.0
LR,107,16,False,KernelSHAP,radius_Mprime,0.08482308239698397,8.0,0.0
LR,107,16,False,KernelSHAP,oxide_enthalpy_M,0.17902882080050586,4.0,0.0
LR,107,16,False,KernelSHAP,oxide_enthalpy_Mprime,0.1795335329250719,3.0,1.0
LR,107,16,False,KernelSHAP,mixing_enthalpy,0.08909536708912437,7.0,0.0
LR,107,16,False,KernelSHAP,sublimation_M,0.0540902885831767,11.0,0.0
LR,107,16,False,KernelSHAP,sublimation_Mprime,0.14064465699603118,5.0,0.0
LR,107,16,False,KernelSHAP,surface_energy_M,0.5844262479930763,1.0,1.0
LR,107,16,False,KernelSHAP,electron_density_M,0.215144411197965,2.0,1.0
LR,107,16,False,KernelSHAP,oxide_bandgap,0.08343877136089296,9.0,0.0
RF,107,16,False,PFI,electronegativity_M,0.0005066584816219624,12.0,0.0
RF,107,16,False,PFI,electronegativity_Mprime,0.002100841759734549,8.0,0.0
RF,107,16,False,PFI,ionization_M,0.0011734696146978357,11.0,0.0
RF,107,16,False,PFI,ionization_Mprime,0.0021905819917641027,7.0,0.0
RF,107,16,False,PFI,radius_M,0.029087355714039812,2.0,1.0
RF,107,16,False,PFI,radius_Mprime,0.002018502614386551,9.0,0.0
RF,107,16,False,PFI,oxide_enthalpy_M,0.021798427470477298,3.0,1.0
RF,107,16,False,PFI,oxide_enthalpy_Mprime,0.00196361107456104,10.0,0.0
RF,107,16,False,PFI,mixing_enthalpy,0.008310729513529385,6.0,0.0
RF,107,16,False,PFI,sublimation_M,0.012413785011182694,5.0,0.0
RF,107,16,False,PFI,sublimation_Mprime,-0.0032183650327582422,14.0,0.0
RF,107,16,False,PFI,surface_energy_M,0.07599522927458792,1.0,1.0
RF,107,16,False,PFI,electron_density_M,-0.00067092026999795,13.0,0.0
RF,107,16,False,PFI,oxide_bandgap,0.016622998596198,4.0,0.0
RF,107,16,False,KernelSHAP,electronegativity_M,0.026361920709785727,9.0,0.0
RF,107,16,False,KernelSHAP,electronegativity_Mprime,0.02632988384786177,10.0,0.0
RF,107,16,False,KernelSHAP,ionization_M,0.00748476253704693,14.0,0.0
RF,107,16,False,KernelSHAP,ionization_Mprime,0.017080533070079208,12.0,0.0
RF,107,16,False,KernelSHAP,radius_M,0.10226699148549225,2.0,1.0
RF,107,16,False,KernelSHAP,radius_Mprime,0.028655603077198128,8.0,0.0
RF,107,16,False,KernelSHAP,oxide_enthalpy_M,0.05975065709237209,4.0,0.0
RF,107,16,False,KernelSHAP,oxide_enthalpy_Mprime,0.04955335466932466,6.0,0.0
RF,107,16,False,KernelSHAP,mixing_enthalpy,0.024785225377387914,11.0,0.0
RF,107,16,False,KernelSHAP,sublimation_M,0.05853340801734878,5.0,0.0
RF,107,16,False,KernelSHAP,sublimation_Mprime,0.01525932991268848,13.0,0.0
RF,107,16,False,KernelSHAP,surface_energy_M,0.15110378583091175,1.0,1.0
RF,107,16,False,KernelSHAP,electron_density_M,0.0456311486195802,7.0,0.0
RF,107,16,False,KernelSHAP,oxide_bandgap,0.06621074547688188,3.0,1.0
SVR,107,16,False,PFI,electronegativity_M,0.06257948694682977,3.0,1.0
SVR,107,16,False,PFI,electronegativity_Mprime,0.016234016691014694,9.0,0.0
SVR,107,16,False,PFI,ionization_M,0.015910855630684315,10.0,0.0
SVR,107,16,False,PFI,ionization_Mprime,-0.0011003218141945573,14.0,0.0
SVR,107,16,False,PFI,radius_M,0.039529816757716524,4.0,0.0
SVR,107,16,False,PFI,radius_Mprime,0.006756531069737207,13.0,0.0
SVR,107,16,False,PFI,oxide_enthalpy_M,0.17456874646423076,2.0,1.0
SVR,107,16,False,PFI,oxide_enthalpy_Mprime,0.034446210237550096,5.0,0.0
SVR,107,16,False,PFI,mixing_enthalpy,0.017153936114626102,7.0,0.0
SVR,107,16,False,PFI,sublimation_M,0.0079063576698225,11.0,0.0
SVR,107,16,False,PFI,sublimation_Mprime,0.016405450025364605,8.0,0.0
SVR,107,16,False,PFI,surface_energy_M,0.17779335445373695,1.0,1.0
SVR,107,16,False,PFI,electron_density_M,0.00725410613124198,12.0,0.0
SVR,107,16,False,PFI,oxide_bandgap,0.019858138097341372,6.0,0.0
SVR,107,16,False,KernelSHAP,electronegativity_M,0.11552758368322325,4.0,0.0
SVR,107,16,False,KernelSHAP,electronegativity_Mprime,0.06342390000290989,8.0,0.0
SVR,107,16,False,KernelSHAP,ionization_M,0.10219255220401423,6.0,0.0
SVR,107,16,False,KernelSHAP,ionization_Mprime,0.03725961369479683,13.0,0.0
SVR,107,16,False,KernelSHAP,radius_M,0.11599605100260899,3.0,1.0
SVR,107,16,False,KernelSHAP,radius_Mprime,0.019639333372072017,14.0,0.0
SVR,107,16,False,KernelSHAP,oxide_enthalpy_M,0.2275127175187483,2.0,1.0
SVR,107,16,False,KernelSHAP,oxide_enthalpy_Mprime,0.10477865735097787,5.0,0.0
SVR,107,16,False,KernelSHAP,mixing_enthalpy,0.05375277463360805,11.0,0.0
SVR,107,16,False,KernelSHAP,sublimation_M,0.061976178027931685,10.0,0.0
SVR,107,16,False,KernelSHAP,sublimation_Mprime,0.05370253467781094,12.0,0.0
SVR,107,16,False,KernelSHAP,surface_energy_M,0.28430177493586495,1.0,1.0
SVR,107,16,False,KernelSHAP,electron_density_M,0.06267047333197014,9.0,0.0
SVR,107,16,False,KernelSHAP,oxide_bandgap,0.07412929046145164,7.0,0.0
GBRT,107,17,False,PFI,electronegativity_M,0.002411866520717733,12.0,0.0
GBRT,107,17,False,PFI,electronegativity_Mprime,0.0005691953589471607,13.0,0.0
GBRT,107,17,False,PFI,ionization_M,0.0025057048745154215,11.0,0.0
GBRT,107,17,False,PFI,ionization_Mprime,0.0041258082117303935,8.0,0.0
GBRT,107,17,False,PFI,radius_M,0.002781270228975626,10.0,0.0
GBRT,107,17,False,PFI,radius_Mprime,0.007701899126982335,7.0,0.0
GBRT,107,17,False,PFI,oxide_enthalpy_M,0.050530901385590715,3.0,1.0
GBRT,107,17,False,PFI,oxide_enthalpy_Mprime,0.00292012552832516,9.0,0.0
GBRT,107,17,False,PFI,mixing_enthalpy,0.01635343801141276,5.0,0.0
GBRT,107,17,False,PFI,sublimation_M,0.07030229973989659,2.0,1.0
GBRT,107,17,False,PFI,sublimation_Mprime,-0.0009872657516515173,14.0,0.0
GBRT,107,17,False,PFI,surface_energy_M,0.11977621045979121,1.0,1.0
GBRT,107,17,False,PFI,electron_density_M,0.015785463464486522,6.0,0.0
GBRT,107,17,False,PFI,oxide_bandgap,0.03308587525372815,4.0,0.0
GBRT,107,17,False,KernelSHAP,electronegativity_M,0.0343768657546735,9.0,0.0
GBRT,107,17,False,KernelSHAP,electronegativity_Mprime,0.039717256417637944,8.0,0.0
GBRT,107,17,False,KernelSHAP,ionization_M,0.025169656661894954,11.0,0.0
GBRT,107,17,False,KernelSHAP,ionization_Mprime,0.013169796712734265,14.0,0.0
GBRT,107,17,False,KernelSHAP,radius_M,0.013735584101031791,13.0,0.0
GBRT,107,17,False,KernelSHAP,radius_Mprime,0.02721187740966719,10.0,0.0
GBRT,107,17,False,KernelSHAP,oxide_enthalpy_M,0.09201205536913981,4.0,0.0
GBRT,107,17,False,KernelSHAP,oxide_enthalpy_Mprime,0.07219742317469972,5.0,0.0
GBRT,107,17,False,KernelSHAP,mixing_enthalpy,0.05277511981572222,6.0,0.0
GBRT,107,17,False,KernelSHAP,sublimation_M,0.19096175352869682,2.0,1.0
GBRT,107,17,False,KernelSHAP,sublimation_Mprime,0.014514593659316177,12.0,0.0
GBRT,107,17,False,KernelSHAP,surface_energy_M,0.21339359037218766,1.0,1.0
GBRT,107,17,False,KernelSHAP,electron_density_M,0.04019598359954021,7.0,0.0
GBRT,107,17,False,KernelSHAP,oxide_bandgap,0.1044354788445871,3.0,1.0
LR,107,17,False,PFI,electronegativity_M,-0.0024643131827023572,14.0,0.0
LR,107,17,False,PFI,electronegativity_Mprime,-0.0004171179161844186,13.0,0.0
LR,107,17,False,PFI,ionization_M,0.0171204980838983,8.0,0.0
LR,107,17,False,PFI,ionization_Mprime,0.0031963650865266865,11.0,0.0
LR,107,17,False,PFI,radius_M,0.026391780116485634,6.0,0.0
LR,107,17,False,PFI,radius_Mprime,0.008226896864587009,9.0,0.0
LR,107,17,False,PFI,oxide_enthalpy_M,0.10286527950955092,4.0,0.0
LR,107,17,False,PFI,oxide_enthalpy_Mprime,0.12396464956282657,3.0,1.0
LR,107,17,False,PFI,mixing_enthalpy,0.06719145891308277,5.0,0.0
LR,107,17,False,PFI,sublimation_M,0.00024847630406917866,12.0,0.0
LR,107,17,False,PFI,sublimation_Mprime,0.025097373211186942,7.0,0.0
LR,107,17,False,PFI,surface_energy_M,0.8744651911951125,1.0,1.0
LR,107,17,False,PFI,electron_density_M,0.19877842480071417,2.0,1.0
LR,107,17,False,PFI,oxide_bandgap,0.006354737619361662,10.0,0.0
LR,107,17,False,KernelSHAP,electronegativity_M,0.041600077723998055,12.0,0.0
LR,107,17,False,KernelSHAP,electronegativity_Mprime,0.053951258527253736,10.0,0.0
LR,107,17,False,KernelSHAP,ionization_M,0.06893576807496035,8.0,0.0
LR,107,17,False,KernelSHAP,ionization_Mprime,0.019959506579848393,14.0,0.0
LR,107,17,False,KernelSHAP,radius_M,0.07844819412425424,7.0,0.0
LR,107,17,False,KernelSHAP,radius_Mprime,0.06707046265714785,9.0,0.0
LR,107,17,False,KernelSHAP,oxide_enthalpy_M,0.20325800054853874,4.0,0.0
LR,107,17,False,KernelSHAP,oxide_enthalpy_Mprime,0.22832176806240279,3.0,1.0
LR,107,17,False,KernelSHAP,mixing_enthalpy,0.12341845736793429,6.0,0.0
LR,107,17,False,KernelSHAP,sublimation_M,0.02698136904549671,13.0,0.0
LR,107,17,False,KernelSHAP,sublimation_Mprime,0.14367068099160837,5.0,0.0
LR,107,17,False,KernelSHAP,surface_energy_M,0.6394010910587056,1.0,1.0
LR,107,17,False,KernelSHAP,electron_density_M,0.24223521997148115,2.0,1.0
LR,107,17,False,KernelSHAP,oxide_bandgap,0.05330519453659757,11.0,0.0
RF,107,17,False,PFI,electronegativity_M,0.001208942861868734,9.0,0.0
RF,107,17,False,PFI,electronegativity_Mprime,-0.0004803205581623571,14.0,0.0
RF,107,17,False,PFI,ionization_M,0.0008179815592860444,11.0,0.0
RF,107,17,False,PFI,ionization_Mprime,0.0010650292729983404,10.0,0.0
RF,107,17,False,PFI,radius_M,0.005423393341610532,6.0,0.0
RF,107,17,False,PFI,radius_Mprime,0.0013159618091324334,8.0,0.0
RF,107,17,False,PFI,oxide_enthalpy_M,0.029306824425395495,2.0,1.0
RF,107,17,False,PFI,oxide_enthalpy_Mprime,0.0013557724666047237,7.0,0.0
RF,107,17,False,PFI,mixing_enthalpy,0.01287035315038163,5.0,0.0
RF,107,17,False,PFI,sublimation_M,0.02512314335215898,3.0,1.0
RF,107,17,False,PFI,sublimation_Mprime,0.00038865234097712497,12.0,0.0
RF,107,17,False,PFI,surface_energy_M,0.045898693365827345,1.0,1.0
RF,107,17,False,PFI,electron_density_M,-8.169766914617669e-05,13.0,0.0
RF,107,17,False,PFI,oxide_bandgap,0.02251538200943571,4.0,0.0
RF,107,17,False,KernelSHAP,electronegativity_M,0.023265710297294098,11.0,0.0
RF,107,17,False,KernelSHAP,electronegativity_Mprime,0.03713540551662446,8.0,0.0
RF,107,17,False,KernelSHAP,ionization_M,0.012617670379090833,12.0,0.0
RF,107,17,False,KernelSHAP,ionization_Mprime,0.006844471061255404,13.0,0.0
RF,107,17,False,KernelSHAP,radius_M,0.04872974867126355,5.0,0.0
RF,107,17,False,KernelSHAP,radius_Mprime,0.030549331992395772,10.0,0.0
RF,107,17,False,KernelSHAP,oxide_enthalpy_M,0.07343773713619509,4.0,0.0
RF,107,17,False,KernelSHAP,oxide_enthalpy_Mprime,0.04594675050424262,6.0,0.0
RF,107,17,False,KernelSHAP,mixing_enthalpy,0.034910943417660295,9.0,0.0
RF,107,17,False,KernelSHAP,sublimation_M,0.1317770235873632,2.0,1.0
RF,107,17,False,KernelSHAP,sublimation_Mprime,0.006221457135483156,14.0,0.0
RF,107,17,False,KernelSHAP,surface_energy_M,0.1493986103942475,1.0,1.0
RF,107,17,False,KernelSHAP,electron_density_M,0.04533349651470379,7.0,0.0
RF,107,17,False,KernelSHAP,oxide_bandgap,0.08289654960389493,3.0,1.0
SVR,107,17,False,PFI,electronegativity_M,0.02641864296303903,6.0,0.0
SVR,107,17,False,PFI,electronegativity_Mprime,0.01908117376802493,8.0,0.0
SVR,107,17,False,PFI,ionization_M,0.0016213776169583525,13.0,0.0
SVR,107,17,False,PFI,ionization_Mprime,0.0006658144562632003,14.0,0.0
SVR,107,17,False,PFI,radius_M,0.03855091545160998,3.0,1.0
SVR,107,17,False,PFI,radius_Mprime,0.010750336353848967,11.0,0.0
SVR,107,17,False,PFI,oxide_enthalpy_M,0.12983497661076654,2.0,1.0
SVR,107,17,False,PFI,oxide_enthalpy_Mprime,0.028368827674519596,4.0,0.0
SVR,107,17,False,PFI,mixing_enthalpy,0.025391838460382277,7.0,0.0
SVR,107,17,False,PFI,sublimation_M,0.013519233971685382,9.0,0.0
SVR,107,17,False,PFI,sublimation_Mprime,0.00825632655586526,12.0,0.0
SVR,107,17,False,PFI,surface_energy_M,0.2678036141389547,1.0,1.0
SVR,107,17,False,PFI,electron_density_M,0.011052789730777583,10.0,0.0
SVR,107,17,False,PFI,oxide_bandgap,0.026845149358010523,5.0,0.0
SVR,107,17,False,KernelSHAP,electronegativity_M,0.08762968675479282,5.0,0.0
SVR,107,17,False,KernelSHAP,electronegativity_Mprime,0.06347716959099199,9.0,0.0
SVR,107,17,False,KernelSHAP,ionization_M,0.02006462867266365,14.0,0.0
SVR,107,17,False,KernelSHAP,ionization_Mprime,0.02274300663567293,13.0,0.0
SVR,107,17,False,KernelSHAP,radius_M,0.10283136757870442,4.0,0.0
SVR,107,17,False,KernelSHAP,radius_Mprime,0.04347683674924579,11.0,0.0
SVR,107,17,False,KernelSHAP,oxide_enthalpy_M,0.19468381769723087,2.0,1.0
SVR,107,17,False,KernelSHAP,oxide_enthalpy_Mprime,0.1170740317714612,3.0,1.0
SVR,107,17,False,KernelSHAP,mixing_enthalpy,0.07297404838447111,8.0,0.0
SVR,107,17,False,KernelSHAP,sublimation_M,0.08651072260890484,7.0,0.0
SVR,107,17,False,KernelSHAP,sublimation_Mprime,0.04540136730108578,10.0,0.0
SVR,107,17,False,KernelSHAP,surface_energy_M,0.348790790614079,1.0,1.0
SVR,107,17,False,KernelSHAP,electron_density_M,0.02844589729458832,12.0,0.0
SVR,107,17,False,KernelSHAP,oxide_bandgap,0.08688840014059612,6.0,0.0
GBRT,107,18,False,PFI,electronegativity_M,0.0031205371603474892,9.0,0.0
GBRT,107,18,False,PFI,electronegativity_Mprime,-0.0006406128334463131,13.0,0.0
GBRT,107,18,False,PFI,ionization_M,0.00553615066063989,7.0,0.0
GBRT,107,18,False,PFI,ionization_Mprime,0.0014806951482738318,11.0,0.0
GBRT,107,18,False,PFI,radius_M,0.018422961606998686,5.0,0.0
GBRT,107,18,False,PFI,radius_Mprime,0.0030512061648461067,10.0,0.0
GBRT,107,18,False,PFI,oxide_enthalpy_M,0.03381383584189659,2.0,1.0
GBRT,107,18,False,PFI,oxide_enthalpy_Mprime,0.005523194585728003,8.0,0.0
GBRT,107,18,False,PFI,mixing_enthalpy,0.018729966243511108,4.0,0.0
GBRT,107,18,False,PFI,sublimation_M,0.010606166898180783,6.0,0.0
GBRT,107,18,False,PFI,sublimation_Mprime,-0.00038462542302238495,12.0,0.0
GBRT,107,18,False,PFI,surface_energy_M,0.18004741695656837,1.0,1.0
GBRT,107,18,False,PFI,electron_density_M,-0.0012834052865430092,14.0,0.0
GBRT,107,18,False,PFI,oxide_bandgap,0.019074572552033552,3.0,1.0
GBRT,107,18,False,KernelSHAP,electronegativity_M,0.00795052949708195,13.0,0.0
GBRT,107,18,False,KernelSHAP,electronegativity_Mprime,0.045558947370637023,8.0,0.0
GBRT,107,18,False,KernelSHAP,ionization_M,0.023811687139238567,9.0,0.0
GBRT,107,18,False,KernelSHAP,ionization_Mprime,0.010280237447551653,12.0,0.0
GBRT,107,18,False,KernelSHAP,radius_M,0.06433768809351276,6.0,0.0
GBRT,107,18,False,KernelSHAP,radius_Mprime,0.02173730118608459,10.0,0.0
GBRT,107,18,False,KernelSHAP,oxide_enthalpy_M,0.08370718120719313,4.0,0.0
GBRT,107,18,False,KernelSHAP,oxide_enthalpy_Mprime,0.0778538731569217,5.0,0.0
GBRT,107,18,False,KernelSHAP,mixing_enthalpy,0.049219589222121794,7.0,0.0
GBRT,107,18,False,KernelSHAP,sublimation_M,0.0943571217338003,3.0,1.0
GBRT,107,18,False,KernelSHAP,sublimation_Mprime,0.01922708552886087,11.0,0.0
GBRT,107,18,False,KernelSHAP,surface_energy_M,0.24042134289671116,1.0,1.0
GBRT,107,18,False,KernelSHAP,electron_density_M,0.006324863596830334,14.0,0.0
GBRT,107,18,False,KernelSHAP,oxide_bandgap,0.09622429674603436,2.0,1.0
LR,107,18,False,PFI,electronegativity_M,0.0021407872710755512,14.0,0.0
LR,107,18,False,PFI,electronegativity_Mprime,0.008743927036516604,10.0,0.0
LR,107,18,False,PFI,ionization_M,0.012486357583857322,9.0,0.0
LR,107,18,False,PFI,ionization_Mprime,0.008724428258297471,11.0,0.0
LR,107,18,False,PFI,radius_M,0.02097041734688387,7.0,0.0
LR,107,18,False,PFI,radius_Mprime,0.06892850295143212,3.0,1.0
LR,107,18,False,PFI,oxide_enthalpy_M,0.17595783878506877,2.0,1.0
LR,107,18,False,PFI,oxide_enthalpy_Mprime,0.05805993016778328,4.0,0.0
LR,107,18,False,PFI,mixing_enthalpy,0.018402157230890268,8.0,0.0
LR,107,18,False,PFI,sublimation_M,0.006604707560822772,12.0,0.0
LR,107,18,False,PFI,sublimation_Mprime,0.004158959530900175,13.0,0.0
LR,107,18,False,PFI,surface_energy_M,0.6387445431109647,1.0,1.0
LR,107,18,False,PFI,electron_density_M,0.03835563235360357,5.0,0.0
LR,107,18,False,PFI,oxide_bandgap,0.037891666163330215,6.0,0.0
LR,107,18,False,KernelSHAP,electronegativity_M,0.010155976892991234,14.0,0.0
LR,107,18,False,KernelSHAP,electronegativity_Mprime,0.045953562680448895,11.0,0.0
LR,107,18,False,KernelSHAP,ionization_M,0.07281827626518096,9.0,0.0
LR,107,18,False,KernelSHAP,ionization_Mprime,0.03891968923981656,13.0,0.0
LR,107,18,False,KernelSHAP,radius_M,0.07690753007072985,8.0,0.0
LR,107,18,False,KernelSHAP,radius_Mprime,0.16595067017454346,3.0,1.0
LR,107,18,False,KernelSHAP,oxide_enthalpy_M,0.2541675033557392,2.0,1.0
LR,107,18,False,KernelSHAP,oxide_enthalpy_Mprime,0.1442597351546358,4.0,0.0
LR,107,18,False,KernelSHAP,mixing_enthalpy,0.053691987294474844,10.0,0.0
LR,107,18,False,KernelSHAP,sublimation_M,0.04225615974997368,12.0,0.0
LR,107,18,False,KernelSHAP,sublimation_Mprime,0.10367754024403954,6.0,0.0
LR,107,18,False,KernelSHAP,surface_energy_M,0.5492388414930365,1.0,1.0
LR,107,18,False,KernelSHAP,electron_density_M,0.08791163113720653,7.0,0.0
LR,107,18,False,KernelSHAP,oxide_bandgap,0.12517236610896756,5.0,0.0
RF,107,18,False,PFI,electronegativity_M,0.0013560901334461041,11.0,0.0
RF,107,18,False,PFI,electronegativity_Mprime,0.0022908310069730754,9.0,0.0
RF,107,18,False,PFI,ionization_M,0.0031345442955885167,7.0,0.0
RF,107,18,False,PFI,ionization_Mprime,0.0011996889307411274,12.0,0.0
RF,107,18,False,PFI,radius_M,0.03021984853425418,2.0,1.0
RF,107,18,False,PFI,radius_Mprime,0.001416789353292434,10.0,0.0
RF,107,18,False,PFI,oxide_enthalpy_M,0.024035256724306946,4.0,0.0
RF,107,18,False,PFI,oxide_enthalpy_Mprime,0.0029083714098035738,8.0,0.0
RF,107,18,False,PFI,mixing_enthalpy,0.0056634053418383535,6.0,0.0
RF,107,18,False,PFI,sublimation_M,0.024350055815825816,3.0,1.0
RF,107,18,False,PFI,sublimation_Mprime,-0.00032380902767647005,14.0,0.0
RF,107,18,False,PFI,surface_energy_M,0.06258805903520613,1.0,1.0
RF,107,18,False,PFI,electron_density_M,0.0007632803229610317,13.0,0.0
RF,107,18,False,PFI,oxide_bandgap,0.011036220921352195,5.0,0.0
RF,107,18,False,KernelSHAP,electronegativity_M,0.018402390508890084,10.0,0.0
RF,107,18,False,KernelSHAP,electronegativity_Mprime,0.03551447038621256,8.0,0.0
RF,107,18,False,KernelSHAP,ionization_M,0.005470559064782807,14.0,0.0
RF,107,18,False,KernelSHAP,ionization_Mprime,0.009281550224438849,13.0,0.0
RF,107,18,False,KernelSHAP,radius_M,0.06417520090327745,3.0,1.0
RF,107,18,False,KernelSHAP,radius_Mprime,0.011434963297299497,11.0,0.0
RF,107,18,False,KernelSHAP,oxide_enthalpy_M,0.06411913645208463,4.0,0.0
RF,107,18,False,KernelSHAP,oxide_enthalpy_Mprime,0.041766419521883105,6.0,0.0
RF,107,18,False,KernelSHAP,mixing_enthalpy,0.020078489155477004,9.0,0.0
RF,107,18,False,KernelSHAP,sublimation_M,0.09896064257380738,2.0,1.0
RF,107,18,False,KernelSHAP,sublimation_Mprime,0.009402110602590582,12.0,0.0
RF,107,18,False,KernelSHAP,surface_energy_M,0.125684360272735,1.0,1.0
RF,107,18,False,KernelSHAP,electron_density_M,0.03770177326300722,7.0,0.0
RF,107,18,False,KernelSHAP,oxide_bandgap,0.06200021034391359,5.0,0.0
SVR,107,18,False,PFI,electronegativity_M,0.009729018867800704,9.0,0.0
SVR,107,18,False,PFI,electronegativity_Mprime,0.006312959438100185,11.0,0.0
SVR,107,18,False,PFI,ionization_M,0.007862103992622448,10.0,0.0
SVR,107,18,False,PFI,ionization_Mprime,0.00973363102068883,8.0,0.0
SVR,107,18,False,PFI,radius_M,0.05463160337806891,3.0,1.0
SVR,107,18,False,PFI,radius_Mprime,0.03521704679488256,4.0,0.0
SVR,107,18,False,PFI,oxide_enthalpy_M,0.19868942558245464,2.0,1.0
SVR,107,18,False,PFI,oxide_enthalpy_Mprime,0.02128700325941649,6.0,0.0
SVR,107,18,False,PFI,mixing_enthalpy,0.004254867999728601,13.0,0.0
SVR,107,18,False,PFI,sublimation_M,0.004474861571528155,12.0,0.0
SVR,107,18,False,PFI,sublimation_Mprime,0.01255983419501952,7.0,0.0
SVR,107,18,False,PFI,surface_energy_M,0.299210590188966,1.0,1.0
SVR,107,18,False,PFI,electron_density_M,-0.00027732787952552176,14.0,0.0
SVR,107,18,False,PFI,oxide_bandgap,0.029116967947751215,5.0,0.0
SVR,107,18,False,KernelSHAP,electronegativity_M,0.029824638343885726,12.0,0.0
SVR,107,18,False,KernelSHAP,electronegativity_Mprime,0.03697346515210253,9.0,0.0
SVR,107,18,False,KernelSHAP,ionization_M,0.059120644501553,7.0,0.0
SVR,107,18,False,KernelSHAP,ionization_Mprime,0.011996539494380625,14.0,0.0
SVR,107,18,False,KernelSHAP,radius_M,0.13759420279261952,3.0,1.0
SVR,107,18,False,KernelSHAP,radius_Mprime,0.10631946111710686,4.0,0.0
SVR,107,18,False,KernelSHAP,oxide_enthalpy_M,0.25379231943883473,2.0,1.0
SVR,107,18,False,KernelSHAP,oxide_enthalpy_Mprime,0.09557190176759583,5.0,0.0
SVR,107,18,False,KernelSHAP,mixing_enthalpy,0.01974180094111502,13.0,0.0
SVR,107,18,False,KernelSHAP,sublimation_M,0.05589770268666086,8.0,0.0
SVR,107,18,False,KernelSHAP,sublimation_Mprime,0.03545527754151447,10.0,0.0
SVR,107,18,False,KernelSHAP,surface_energy_M,0.3559379048891083,1.0,1.0
SVR,107,18,False,KernelSHAP,electron_density_M,0.03425748188889309,11.0,0.0
SVR,107,18,False,KernelSHAP,oxide_bandgap,0.09282680012828634,6.0,0.0
GBRT,107,19,False,PFI,electronegativity_M,0.00853384596697568,7.0,0.0
GBRT,107,19,False,PFI,electronegativity_Mprime,0.0035687947185313574,9.0,0.0
GBRT,107,19,False,PFI,ionization_M,0.003568611199931809,10.0,0.0
GBRT,107,19,False,PFI,ionization_Mprime,0.0013840137912400645,12.0,0.0
GBRT,107,19,False,PFI,radius_M,0.0027642045462829743,11.0,0.0
GBRT,107,19,False,PFI,radius_Mprime,0.007860463247192525,8.0,0.0
GBRT,107,19,False,PFI,oxide_enthalpy_M,0.05756303822654126,2.0,1.0
GBRT,107,19,False,PFI,oxide_enthalpy_Mprime,-0.00039709820382226785,13.0,0.0
GBRT,107,19,False,PFI,mixing_enthalpy,0.00921153728454497,6.0,0.0
GBRT,107,19,False,PFI,sublimation_M,0.022554989882345566,5.0,0.0
GBRT,107,19,False,PFI,sublimation_Mprime,-0.0008662231355249684,14.0,0.0
GBRT,107,19,False,PFI,surface_energy_M,0.2203183313726789,1.0,1.0
GBRT,107,19,False,PFI,electron_density_M,0.026936023562889756,4.0,0.0
GBRT,107,19,False,PFI,oxide_bandgap,0.028328835074316418,3.0,1.0
GBRT,107,19,False,KernelSHAP,electronegativity_M,0.03126622212923427,10.0,0.0
GBRT,107,19,False,KernelSHAP,electronegativity_Mprime,0.05328819741163899,6.0,0.0
GBRT,107,19,False,KernelSHAP,ionization_M,0.019283196443415977,11.0,0.0
GBRT,107,19,False,KernelSHAP,ionization_Mprime,0.011587150501527383,12.0,0.0
GBRT,107,19,False,KernelSHAP,radius_M,0.009560655307126483,13.0,0.0
GBRT,107,19,False,KernelSHAP,radius_Mprime,0.03204483164606233,9.0,0.0
GBRT,107,19,False,KernelSHAP,oxide_enthalpy_M,0.09187160094174573,3.0,1.0
GBRT,107,19,False,KernelSHAP,oxide_enthalpy_Mprime,0.0643649594702562,5.0,0.0
GBRT,107,19,False,KernelSHAP,mixing_enthalpy,0.04935940651058532,7.0,0.0
GBRT,107,19,False,KernelSHAP,sublimation_M,0.12125312897061565,2.0,1.0
GBRT,107,19,False,KernelSHAP,sublimation_Mprime,0.008490798306077942,14.0,0.0
GBRT,107,19,False,KernelSHAP,surface_energy_M,0.28822108997918394,1.0,1.0
GBRT,107,19,False,KernelSHAP,electron_density_M,0.04325998397309823,8.0,0.0
GBRT,107,19,False,KernelSHAP,oxide_bandgap,0.0838485896556163,4.0,0.0
LR,107,19,False,PFI,electronegativity_M,-0.0011650603829200861,14.0,0.0
LR,107,19,False,PFI,electronegativity_Mprime,0.0009525365396480033,12.0,0.0
LR,107,19,False,PFI,ionization_M,0.024584275822577318,7.0,0.0
LR,107,19,False,PFI,ionization_Mprime,-0.000229923093635883,13.0,0.0
LR,107,19,False,PFI,radius_M,0.033169245369541446,5.0,0.0
LR,107,19,False,PFI,radius_Mprime,0.0018079299563985049,11.0,0.0
LR,107,19,False,PFI,oxide_enthalpy_M,0.10665559661050869,3.0,1.0
LR,107,19,False,PFI,oxide_enthalpy_Mprime,0.05388650846941827,4.0,0.0
LR,107,19,False,PFI,mixing_enthalpy,0.02744205289973238,6.0,0.0
LR,107,19,False,PFI,sublimation_M,0.012564306877250624,8.0,0.0
LR,107,19,False,PFI,sublimation_Mprime,0.012039713588743988,9.0,0.0
LR,107,19,False,PFI,surface_energy_M,0.787560298639363,1.0,1.0
LR,107,19,False,PFI,electron_density_M,0.20078072825846333,2.0,1.0
LR,107,19,False,PFI,oxide_bandgap,0.009975105552217532,10.0,0.0
LR,107,19,False,KernelSHAP,electronegativity_M,0.033315177272275814,13.0,0.0
LR,107,19,False,KernelSHAP,electronegativity_Mprime,0.0585334311190348,10.0,0.0
LR,107,19,False,KernelSHAP,ionization_M,0.08884432753144272,7.0,0.0
LR,107,19,False,KernelSHAP,ionization_Mprime,0.0014639594587767266,14.0,0.0
LR,107,19,False,KernelSHAP,radius_M,0.09794227187432171,6.0,0.0
LR,107,19,False,KernelSHAP,radius_Mprime,0.049784657133218356,12.0,0.0
LR,107,19,False,KernelSHAP,oxide_enthalpy_M,0.2070088124224897,3.0,1.0
LR,107,19,False,KernelSHAP,oxide_enthalpy_Mprime,0.14379125336610551,4.0,0.0
LR,107,19,False,KernelSHAP,mixing_enthalpy,0.06953048776496307,9.0,0.0
LR,107,19,False,KernelSHAP,sublimation_M,0.07749889853566512,8.0,0.0
LR,107,19,False,KernelSHAP,sublimation_Mprime,0.10614193417784078,5.0,0.0
LR,107,19,False,KernelSHAP,surface_energy_M,0.5992758673675129,1.0,1.0
LR,107,19,False,KernelSHAP,electron_density_M,0.2477905057678996,2.0,1.0
LR,107,19,False,KernelSHAP,oxide_bandgap,0.049843004565757826,11.0,0.0
RF,107,19,False,PFI,electronegativity_M,0.0013916849578053002,10.0,0.0
RF,107,19,False,PFI,electronegativity_Mprime,0.0015208916066318731,9.0,0.0
RF,107,19,False,PFI,ionization_M,0.0022850141235282247,8.0,0.0
RF,107,19,False,PFI,ionization_Mprime,0.0006499356246203238,11.0,0.0
RF,107,19,False,PFI,radius_M,0.012061854420638906,5.0,0.0
RF,107,19,False,PFI,radius_Mprime,-1.5073017787887074e-05,12.0,0.0
RF,107,19,False,PFI,oxide_enthalpy_M,0.023794060631505184,2.0,1.0
RF,107,19,False,PFI,oxide_enthalpy_Mprime,-2.6462534658512845e-05,13.0,0.0
RF,107,19,False,PFI,mixing_enthalpy,0.005718991458949653,6.0,0.0
RF,107,19,False,PFI,sublimation_M,0.021191896494972214,3.0,1.0
RF,107,19,False,PFI,sublimation_Mprime,-0.0007907340511954323,14.0,0.0
RF,107,19,False,PFI,surface_energy_M,0.10061214144252656,1.0,1.0
RF,107,19,False,PFI,electron_density_M,0.004754667095513283,7.0,0.0
RF,107,19,False,PFI,oxide_bandgap,0.013362554196417808,4.0,0.0
RF,107,19,False,KernelSHAP,electronegativity_M,0.030049085911196108,10.0,0.0
RF,107,19,False,KernelSHAP,electronegativity_Mprime,0.04218646552912043,5.0,0.0
RF,107,19,False,KernelSHAP,ionization_M,0.01111556728547364,13.0,0.0
RF,107,19,False,KernelSHAP,ionization_Mprime,0.010629487241794792,14.0,0.0
RF,107,19,False,KernelSHAP,radius_M,0.03439976562678099,8.0,0.0
RF,107,19,False,KernelSHAP,radius_Mprime,0.034041494770410775,9.0,0.0
RF,107,19,False,KernelSHAP,oxide_enthalpy_M,0.06039531930263663,3.0,1.0
RF,107,19,False,KernelSHAP,oxide_enthalpy_Mprime,0.05291472379238765,4.0,0.0
RF,107,19,False,KernelSHAP,mixing_enthalpy,0.040305339402897516,7.0,0.0
RF,107,19,False,KernelSHAP,sublimation_M,0.08938982261478541,2.0,1.0
RF,107,19,False,KernelSHAP,sublimation_Mprime,0.012552050466563842,12.0,0.0
RF,107,19,False,KernelSHAP,surface_energy_M,0.17181892325888712,1.0,1.0
RF,107,19,False,KernelSHAP,electron_density_M,0.02736636628703037,11.0,0.0
RF,107,19,False,KernelSHAP,oxide_bandgap,0.041261756748841916,6.0,0.0
SVR,107,19,False,PFI,electronegativity_M,0.016343847127556318,8.0,0.0
SVR,107,19,False,PFI,electronegativity_Mprime,0.026422525089284207,4.0,0.0
SVR,107,19,False,PFI,ionization_M,0.0036286985834189517,13.0,0.0
SVR,107,19,False,PFI,ionization_Mprime,0.000760050972983574,14.0,0.0
SVR,107,19,False,PFI,radius_M,0.06515569770360655,3.0,1.0
SVR,107,19,False,PFI,radius_Mprime,0.007345652729024793,10.0,0.0
SVR,107,19,False,PFI,oxide_enthalpy_M,0.13717471831062678,2.0,1.0
SVR,107,19,False,PFI,oxide_enthalpy_Mprime,0.020474494791072897,7.0,0.0
SVR,107,19,False,PFI,mixing_enthalpy,0.009822741875111958,9.0,0.0
SVR,107,19,False,PFI,sublimation_M,0.022070786554100406,6.0,0.0
SVR,107,19,False,PFI,sublimation_Mprime,0.0043377879327227975,12.0,0.0
SVR,107,19,False,PFI,surface_energy_M,0.29746291959380994,1.0,1.0
SVR,107,19,False,PFI,electron_density_M,0.006730829823465229,11.0,0.0
SVR,107,19,False,PFI,oxide_bandgap,0.025332392497426384,5.0,0.0
SVR,107,19,False,KernelSHAP,electronegativity_M,0.07077168537662679,6.0,0.0
SVR,107,19,False,KernelSHAP,electronegativity_Mprime,0.057947134494832145,8.0,0.0
SVR,107,19,False,KernelSHAP,ionization_M,0.025696396504330903,12.0,0.0
SVR,107,19,False,KernelSHAP,ionization_Mprime,0.019860379529344163,14.0,0.0
SVR,107,19,False,KernelSHAP,radius_M,0.15169061852444912,3.0,1.0
SVR,107,19,False,KernelSHAP,radius_Mprime,0.042397740833727715,9.0,0.0
SVR,107,19,False,KernelSHAP,oxide_enthalpy_M,0.20693655807783962,2.0,1.0
SVR,107,19,False,KernelSHAP,oxide_enthalpy_Mprime,0.0670304165236161,7.0,0.0
SVR,107,19,False,KernelSHAP,mixing_enthalpy,0.038690524120101245,10.0,0.0
SVR,107,19,False,KernelSHAP,sublimation_M,0.08014513133846807,5.0,0.0
SVR,107,19,False,KernelSHAP,sublimation_Mprime,0.02534695680693312,13.0,0.0
SVR,107,19,False,KernelSHAP,surface_energy_M,0.3589894088501167,1.0,1.0
SVR,107,19,False,KernelSHAP,electron_density_M,0.02651241911135402,11.0,0.0
SVR,107,19,False,KernelSHAP,oxide_bandgap,0.08157144395468639,4.0,0.0
GBRT,107,1,False,PFI,electronegativity_M,0.007319091707046668,6.0,0.0
GBRT,107,1,False,PFI,electronegativity_Mprime,0.005906007230571866,7.0,0.0
GBRT,107,1,False,PFI,ionization_M,0.007590438685880669,5.0,0.0
GBRT,107,1,False,PFI,ionization_Mprime,-0.002602703871490596,13.0,0.0
GBRT,107,1,False,PFI,radius_M,0.00041291526949108757,9.0,0.0
GBRT,107,1,False,PFI,radius_Mprime,0.0003790799619953484,10.0,0.0
GBRT,107,1,False,PFI,oxide_enthalpy_M,0.03701498913668729,2.0,1.0
GBRT,107,1,False,PFI,oxide_enthalpy_Mprime,0.0006329590093445192,8.0,0.0
GBRT,107,1,False,PFI,mixing_enthalpy,-0.0045349365735550505,14.0,0.0
GBRT,107,1,False,PFI,sublimation_M,0.01581284818086131,3.0,1.0
GBRT,107,1,False,PFI,sublimation_Mprime,-0.001377517383109812,12.0,0.0
GBRT,107,1,False,PFI,surface_energy_M,0.23092891393264955,1.0,1.0
GBRT,107,1,False,PFI,electron_density_M,-0.0006998668692339746,11.0,0.0
GBRT,107,1,False,PFI,oxide_bandgap,0.009385422861229191,4.0,0.0
GBRT,107,1,False,KernelSHAP,electronegativity_M,0.02960747323622633,9.0,0.0
GBRT,107,1,False,KernelSHAP,electronegativity_Mprime,0.047120990894091525,6.0,0.0
GBRT,107,1,False,KernelSHAP,ionization_M,0.031283968205593635,8.0,0.0
GBRT,107,1,False,KernelSHAP,ionization_Mprime,0.014717762162008834,12.0,0.0
GBRT,107,1,False,KernelSHAP,radius_M,0.01407263995201,13.0,0.0
GBRT,107,1,False,KernelSHAP,radius_Mprime,0.017047091414129807,11.0,0.0
GBRT,107,1,False,KernelSHAP,oxide_enthalpy_M,0.08147818139379687,4.0,0.0
GBRT,107,1,False,KernelSHAP,oxide_enthalpy_Mprime,0.11681652953405204,2.0,1.0
GBRT,107,1,False,KernelSHAP,mixing_enthalpy,0.06417797432449933,5.0,0.0
GBRT,107,1,False,KernelSHAP,sublimation_M,0.08537329856638418,3.0,1.0
GBRT,107,1,False,KernelSHAP,sublimation_Mprime,0.020081079188107014,10.0,0.0
GBRT,107,1,False,KernelSHAP,surface_energy_M,0.2882528719046245,1.0,1.0
GBRT,107,1,False,KernelSHAP,electron_density_M,0.011318820616058508,14.0,0.0
GBRT,107,1,False,KernelSHAP,oxide_bandgap,0.04691373638135229,7.0,0.0
LR,107,1,False,PFI,electronegativity_M,0.012002009153049394,13.0,0.0
LR,107,1,False,PFI,electronegativity_Mprime,-0.000718747828396824,14.0,0.0
LR,107,1,False,PFI,ionization_M,0.01709430718351907,10.0,0.0
LR,107,1,False,PFI,ionization_Mprime,0.026455786532606714,8.0,0.0
LR,107,1,False,PFI,radius_M,0.02278254108283848,9.0,0.0
LR,107,1,False,PFI,radius_Mprime,0.04150261992859464,5.0,0.0
LR,107,1,False,PFI,oxide_enthalpy_M,0.09837901603860068,2.0,1.0
LR,107,1,False,PFI,oxide_enthalpy_Mprime,0.08444879126975265,3.0,1.0
LR,107,1,False,PFI,mixing_enthalpy,0.03409897449212674,6.0,0.0
LR,107,1,False,PFI,sublimation_M,0.013569216761438104,12.0,0.0
LR,107,1,False,PFI,sublimation_Mprime,0.01550314990164196,11.0,0.0
LR,107,1,False,PFI,surface_energy_M,0.4741824736728261,1.0,1.0
LR,107,1,False,PFI,electron_density_M,0.061240757923902836,4.0,0.0
LR,107,1,False,PFI,oxide_bandgap,0.032059557125500834,7.0,0.0
LR,107,1,False,KernelSHAP,electronegativity_M,0.06811166369204885,12.0,0.0
LR,107,1,False,KernelSHAP,electronegativity_Mprime,0.004698390182439412,14.0,0.0
LR,107,1,False,KernelSHAP,ionization_M,0.07933437441443877,9.0,0.0
LR,107,1,False,KernelSHAP,ionization_Mprime,0.07753296282967498,11.0,0.0
LR,107,1,False,KernelSHAP,radius_M,0.08656509056809195,8.0,0.0
LR,107,1,False,KernelSHAP,radius_Mprime,0.1505635429399352,4.0,0.0
LR,107,1,False,KernelSHAP,oxide_enthalpy_M,0.1843104345594565,3.0,1.0
LR,107,1,False,KernelSHAP,oxide_enthalpy_Mprime,0.1924728129782472,2.0,1.0
LR,107,1,False,KernelSHAP,mixing_enthalpy,0.07762099743221351,10.0,0.0
LR,107,1,False,KernelSHAP,sublimation_M,0.06696698240425586,13.0,0.0
LR,107,1,False,KernelSHAP,sublimation_Mprime,0.12255480546780038,6.0,0.0
LR,107,1,False,KernelSHAP,surface_energy_M,0.4683977581488177,1.0,1.0
LR,107,1,False,KernelSHAP,electron_density_M,0.12695595520989478,5.0,0.0
LR,107,1,False,KernelSHAP,oxide_bandgap,0.09729102666713403,7.0,0.0
RF,107,1,False,PFI,electronegativity_M,0.0025430834298406186,8.0,0.0
RF,107,1,False,PFI,electronegativity_Mprime,-0.00013770090366041441,12.0,0.0
RF,107,1,False,PFI,ionization_M,0.001115306707426659,11.0,0.0
RF,107,1,False,PFI,ionization_Mprime,-0.00033268151031944635,13.0,0.0
RF,107,1,False,PFI,radius_M,0.012895597276708482,5.0,0.0
RF,107,1,False,PFI,radius_Mprime,0.0015976656745807182,9.0,0.0
RF,107,1,False,PFI,oxide_enthalpy_M,0.01702675246660261,4.0,0.0
RF,107,1,False,PFI,oxide_enthalpy_Mprime,0.0012610734994632665,10.0,0.0
RF,107,1,False,PFI,mixing_enthalpy,0.004752910726547288,6.0,0.0
RF,107,1,False,PFI,sublimation_M,0.029924686862679645,2.0,1.0
RF,107,1,False,PFI,sublimation_Mprime,-0.002917455044504969,14.0,0.0
RF,107,1,False,PFI,surface_energy_M,0.08582788863006009,1.0,1.0
RF,107,1,False,PFI,electron_density_M,0.004035151867519042,7.0,0.0
RF,107,1,False,PFI,oxide_bandgap,0.018776180971430318,3.0,1.0
RF,107,1,False,KernelSHAP,electronegativity_M,0.024715461005595695,9.0,0.0
RF,107,1,False,KernelSHAP,electronegativity_Mprime,0.03442793730739171,7.0,0.0
RF,107,1,False,KernelSHAP,ionization_M,0.007535559999516895,14.0,0.0
RF,107,1,False,KernelSHAP,ionization_Mprime,0.00782084530047751,13.0,0.0
RF,107,1,False,KernelSHAP,radius_M,0.049448963248892114,6.0,0.0
RF,107,1,False,KernelSHAP,radius_Mprime,0.009094469312597093,12.0,0.0
RF,107,1,False,KernelSHAP,oxide_enthalpy_M,0.05507301720652044,5.0,0.0
RF,107,1,False,KernelSHAP,oxide_enthalpy_Mprime,0.05719981051249331,4.0,0.0
RF,107,1,False,KernelSHAP,mixing_enthalpy,0.02474316120545018,8.0,0.0
RF,107,1,False,KernelSHAP,sublimation_M,0.11343845887285325,2.0,1.0
RF,107,1,False,KernelSHAP,sublimation_Mprime,0.012043216716877301,11.0,0.0
RF,107,1,False,KernelSHAP,surface_energy_M,0.17674029957697054,1.0,1.0
RF,107,1,False,KernelSHAP,electron_density_M,0.023443711549416435,10.0,0.0
RF,107,1,False,KernelSHAP,oxide_bandgap,0.06855396553248201,3.0,1.0
SVR,107,1,False,PFI,electronegativity_M,0.05020319929791244,4.0,0.0
SVR,107,1,False,PFI,electronegativity_Mprime,0.007043532574667347,13.0,0.0
SVR,107,1,False,PFI,ionization_M,0.0018444413411246537,14.0,0.0
SVR,107,1,False,PFI,ionization_Mprime,0.012601775626240432,11.0,0.0
SVR,107,1,False,PFI,radius_M,0.044595961689230475,5.0,0.0
SVR,107,1,False,PFI,radius_Mprime,0.020691170750195005,7.0,0.0
SVR,107,1,False,PFI,oxide_enthalpy_M,0.09933484651544448,2.0,1.0
SVR,107,1,False,PFI,oxide_enthalpy_Mprime,0.02295880009454165,6.0,0.0
SVR,107,1,False,PFI,mixing_enthalpy,0.013953615657781745,10.0,0.0
SVR,107,1,False,PFI,sublimation_M,0.062004079325389365,3.0,1.0
SVR,107,1,False,PFI,sublimation_Mprime,0.020559831062494087,8.0,0.0
SVR,107,1,False,PFI,surface_energy_M,0.23993639338228465,1.0,1.0
SVR,107,1,False,PFI,electron_density_M,0.010950602788768932,12.0,0.0
SVR,107,1,False,PFI,oxide_bandgap,0.01935905162807137,9.0,0.0
SVR,107,1,False,KernelSHAP,electronegativity_M,0.10385823942226775,7.0,0.0
SVR,107,1,False,KernelSHAP,electronegativity_Mprime,0.02868917992656159,13.0,0.0
SVR,107,1,False,KernelSHAP,ionization_M,0.05667204513452168,9.0,0.0
SVR,107,1,False,KernelSHAP,ionization_Mprime,0.013396573451151835,14.0,0.0
SVR,107,1,False,KernelSHAP,radius_M,0.13004157820391382,4.0,0.0
SVR,107,1,False,KernelSHAP,radius_Mprime,0.10702571802578854,6.0,0.0
SVR,107,1,False,KernelSHAP,oxide_enthalpy_M,0.16163343213477177,2.0,1.0
SVR,107,1,False,KernelSHAP,oxide_enthalpy_Mprime,0.12133369333992053,5.0,0.0
SVR,107,1,False,KernelSHAP,mixing_enthalpy,0.0466345145319416,11.0,0.0
SVR,107,1,False,KernelSHAP,sublimation_M,0.13739929203084258,3.0,1.0
SVR,107,1,False,KernelSHAP,sublimation_Mprime,0.06643113328191992,8.0,0.0
SVR,107,1,False,KernelSHAP,surface_energy_M,0.3063624462913693,1.0,1.0
SVR,107,1,False,KernelSHAP,electron_density_M,0.0390443238837046,12.0,0.0
SVR,107,1,False,KernelSHAP,oxide_bandgap,0.05590771964502804,10.0,0.0
GBRT,107,20,False,PFI,electronegativity_M,0.004967454833067288,9.0,0.0
GBRT,107,20,False,PFI,electronegativity_Mprime,-0.0029204204856501065,12.0,0.0
GBRT,107,20,False,PFI,ionization_M,0.0020558133138384553,10.0,0.0
GBRT,107,20,False,PFI,ionization_Mprime,0.005514603047244422,8.0,0.0
GBRT,107,20,False,PFI,radius_M,0.0061597416875738735,7.0,0.0
GBRT,107,20,False,PFI,radius_Mprime,0.00756343399150283,6.0,0.0
GBRT,107,20,False,PFI,oxide_enthalpy_M,0.030760575223039696,3.0,1.0
GBRT,107,20,False,PFI,oxide_enthalpy_Mprime,0.0010780729626671678,11.0,0.0
GBRT,107,20,False,PFI,mixing_enthalpy,-0.0031114982910144455,13.0,0.0
GBRT,107,20,False,PFI,sublimation_M,0.08833143394118123,1.0,1.0
GBRT,107,20,False,PFI,sublimation_Mprime,-0.00883570811843726,14.0,0.0
GBRT,107,20,False,PFI,surface_energy_M,0.056099096200018767,2.0,1.0
GBRT,107,20,False,PFI,electron_density_M,0.010418526357941922,5.0,0.0
GBRT,107,20,False,PFI,oxide_bandgap,0.027957743816872483,4.0,0.0
GBRT,107,20,False,KernelSHAP,electronegativity_M,0.04834811973329989,6.0,0.0
GBRT,107,20,False,KernelSHAP,electronegativity_Mprime,0.030124983380441252,9.0,0.0
GBRT,107,20,False,KernelSHAP,ionization_M,0.020104765748780756,12.0,0.0
GBRT,107,20,False,KernelSHAP,ionization_Mprime,0.016686042237377206,13.0,0.0
GBRT,107,20,False,KernelSHAP,radius_M,0.012312685814492191,14.0,0.0
GBRT,107,20,False,KernelSHAP,radius_Mprime,0.028092883544006908,10.0,0.0
GBRT,107,20,False,KernelSHAP,oxide_enthalpy_M,0.06658619575217373,5.0,0.0
GBRT,107,20,False,KernelSHAP,oxide_enthalpy_Mprime,0.08568971204186401,4.0,0.0
GBRT,107,20,False,KernelSHAP,mixing_enthalpy,0.03252248969653601,8.0,0.0
GBRT,107,20,False,KernelSHAP,sublimation_M,0.22690497749534375,1.0,1.0
GBRT,107,20,False,KernelSHAP,sublimation_Mprime,0.03408658491571934,7.0,0.0
GBRT,107,20,False,KernelSHAP,surface_energy_M,0.16867863546089173,2.0,1.0
GBRT,107,20,False,KernelSHAP,electron_density_M,0.02052967494895957,11.0,0.0
GBRT,107,20,False,KernelSHAP,oxide_bandgap,0.09789217677214905,3.0,1.0
LR,107,20,False,PFI,electronegativity_M,0.003761273518126261,13.0,0.0
LR,107,20,False,PFI,electronegativity_Mprime,-0.0010904402183830638,14.0,0.0
LR,107,20,False,PFI,ionization_M,0.02396045257801737,8.0,0.0
LR,107,20,False,PFI,ionization_Mprime,0.013339917820391348,11.0,0.0
LR,107,20,False,PFI,radius_M,0.051952422819010455,5.0,0.0
LR,107,20,False,PFI,radius_Mprime,0.020681925960884067,9.0,0.0
LR,107,20,False,PFI,oxide_enthalpy_M,0.091305352256146,4.0,0.0
LR,107,20,False,PFI,oxide_enthalpy_Mprime,0.11973632017578875,3.0,1.0
LR,107,20,False,PFI,mixing_enthalpy,0.04764955868153732,6.0,0.0
LR,107,20,False,PFI,sublimation_M,0.01724880142651102,10.0,0.0
LR,107,20,False,PFI,sublimation_Mprime,0.030257800642830665,7.0,0.0
LR,107,20,False,PFI,surface_energy_M,0.8768406702197361,1.0,1.0
LR,107,20,False,PFI,electron_density_M,0.24668349206135048,2.0,1.0
LR,107,20,False,PFI,oxide_bandgap,0.011267514428156683,12.0,0.0
LR,107,20,False,KernelSHAP,electronegativity_M,0.05039421681306714,12.0,0.0
LR,107,20,False,KernelSHAP,electronegativity_Mprime,0.009639668213033269,14.0,0.0
LR,107,20,False,KernelSHAP,ionization_M,0.08756632615502136,10.0,0.0
LR,107,20,False,KernelSHAP,ionization_Mprime,0.0470923665483101,13.0,0.0
LR,107,20,False,KernelSHAP,radius_M,0.1250337960572449,6.0,0.0
LR,107,20,False,KernelSHAP,radius_Mprime,0.1097188201844478,7.0,0.0
LR,107,20,False,KernelSHAP,oxide_enthalpy_M,0.1845295506385893,4.0,0.0
LR,107,20,False,KernelSHAP,oxide_enthalpy_Mprime,0.2284800858989938,3.0,1.0
LR,107,20,False,KernelSHAP,mixing_enthalpy,0.10011911183428096,9.0,0.0
LR,107,20,False,KernelSHAP,sublimation_M,0.1016243755635293,8.0,0.0
LR,107,20,False,KernelSHAP,sublimation_Mprime,0.15131088196144152,5.0,0.0
LR,107,20,False,KernelSHAP,surface_energy_M,0.6442591216094562,1.0,1.0
LR,107,20,False,KernelSHAP,electron_density_M,0.26554327644785725,2.0,1.0
LR,107,20,False,KernelSHAP,oxide_bandgap,0.059516316706464276,11.0,0.0
RF,107,20,False,PFI,electronegativity_M,0.005568129037115433,6.0,0.0
RF,107,20,False,PFI,electronegativity_Mprime,0.0005323526567019369,12.0,0.0
RF,107,20,False,PFI,ionization_M,0.002318036269050822,10.0,0.0
RF,107,20,False,PFI,ionization_Mprime,0.001883533013785928,11.0,0.0
RF,107,20,False,PFI,radius_M,0.012787034644882468,5.0,0.0
RF,107,20,False,PFI,radius_Mprime,-0.0002910467156986438,13.0,0.0
RF,107,20,False,PFI,oxide_enthalpy_M,0.019664116856700643,4.0,0.0
RF,107,20,False,PFI,oxide_enthalpy_Mprime,0.005058302732125776,8.0,0.0
RF,107,20,False,PFI,mixing_enthalpy,0.004680557551083935,9.0,0.0
RF,107,20,False,PFI,sublimation_M,0.05237661024399661,2.0,1.0
RF,107,20,False,PFI,sublimation_Mprime,-0.0007612242831064518,14.0,0.0
RF,107,20,False,PFI,surface_energy_M,0.062294699783526065,1.0,1.0
RF,107,20,False,PFI,electron_density_M,0.005498685524535824,7.0,0.0
RF,107,20,False,PFI,oxide_bandgap,0.02093482574010063,3.0,1.0
RF,107,20,False,KernelSHAP,electronegativity_M,0.03437880389689038,7.0,0.0
RF,107,20,False,KernelSHAP,electronegativity_Mprime,0.033847114417818285,8.0,0.0
RF,107,20,False,KernelSHAP,ionization_M,0.01805197343216548,11.0,0.0
RF,107,20,False,KernelSHAP,ionization_Mprime,0.011011301331569667,13.0,0.0
RF,107,20,False,KernelSHAP,radius_M,0.029942821915327624,9.0,0.0
RF,107,20,False,KernelSHAP,radius_Mprime,0.022877330768270643,10.0,0.0
RF,107,20,False,KernelSHAP,oxide_enthalpy_M,0.05126176568838903,5.0,0.0
RF,107,20,False,KernelSHAP,oxide_enthalpy_Mprime,0.061831400881781594,4.0,0.0
RF,107,20,False,KernelSHAP,mixing_enthalpy,0.016777057427961786,12.0,0.0
RF,107,20,False,KernelSHAP,sublimation_M,0.16282170215298084,1.0,1.0
RF,107,20,False,KernelSHAP,sublimation_Mprime,0.009079474288359523,14.0,0.0
RF,107,20,False,KernelSHAP,surface_energy_M,0.1551637752976966,2.0,1.0
RF,107,20,False,KernelSHAP,electron_density_M,0.034635519036675985,6.0,0.0
RF,107,20,False,KernelSHAP,oxide_bandgap,0.06896439031456811,3.0,1.0
SVR,107,20,False,PFI,electronegativity_M,0.04842905820033205,4.0,0.0
SVR,107,20,False,PFI,electronegativity_Mprime,0.012055716993562175,9.0,0.0
SVR,107,20,False,PFI,ionization_M,0.005828219597529161,14.0,0.0
SVR,107,20,False,PFI,ionization_Mprime,0.013668670550932623,8.0,0.0
SVR,107,20,False,PFI,radius_M,0.04877499671087098,3.0,1.0
SVR,107,20,False,PFI,radius_Mprime,0.007286807965220171,12.0,0.0
SVR,107,20,False,PFI,oxide_enthalpy_M,0.1543764366761734,2.0,1.0
SVR,107,20,False,PFI,oxide_enthalpy_Mprime,0.031136933928144133,5.0,0.0
SVR,107,20,False,PFI,mixing_enthalpy,0.017234224674873,6.0,0.0
SVR,107,20,False,PFI,sublimation_M,0.0068837519835777,13.0,0.0
SVR,107,20,False,PFI,sublimation_Mprime,0.016355633477875074,7.0,0.0
SVR,107,20,False,PFI,surface_energy_M,0.2696099722013113,1.0,1.0
SVR,107,20,False,PFI,electron_density_M,0.007835624180197566,11.0,0.0
SVR,107,20,False,PFI,oxide_bandgap,0.010069775736283832,10.0,0.0
SVR,107,20,False,KernelSHAP,electronegativity_M,0.10060867295150319,5.0,0.0
SVR,107,20,False,KernelSHAP,electronegativity_Mprime,0.03955134064135772,12.0,0.0
SVR,107,20,False,KernelSHAP,ionization_M,0.08285971500504986,6.0,0.0
SVR,107,20,False,KernelSHAP,ionization_Mprime,0.014365723146156735,14.0,0.0
SVR,107,20,False,KernelSHAP,radius_M,0.13244199356855224,3.0,1.0
SVR,107,20,False,KernelSHAP,radius_Mprime,0.07464371296463834,7.0,0.0
SVR,107,20,False,KernelSHAP,oxide_enthalpy_M,0.21568455944040632,2.0,1.0
SVR,107,20,False,KernelSHAP,oxide_enthalpy_Mprime,0.11748273079328163,4.0,0.0
SVR,107,20,False,KernelSHAP,mixing_enthalpy,0.05076843325076041,10.0,0.0
SVR,107,20,False,KernelSHAP,sublimation_M,0.059540572419432634,9.0,0.0
SVR,107,20,False,KernelSHAP,sublimation_Mprime,0.06933201282475908,8.0,0.0
SVR,107,20,False,KernelSHAP,surface_energy_M,0.3401538237284186,1.0,1.0
SVR,107,20,False,KernelSHAP,electron_density_M,0.035891145114274485,13.0,0.0
SVR,107,20,False,KernelSHAP,oxide_bandgap,0.04450357096371652,11.0,0.0
GBRT,107,21,False,PFI,electronegativity_M,0.008938993803007096,7.0,0.0
GBRT,107,21,False,PFI,electronegativity_Mprime,0.007139284496644871,9.0,0.0
GBRT,107,21,False,PFI,ionization_M,0.005555870068307879,10.0,0.0
GBRT,107,21,False,PFI,ionization_Mprime,0.0014441589240391677,13.0,0.0
GBRT,107,21,False,PFI,radius_M,0.008737101811920838,8.0,0.0
GBRT,107,21,False,PFI,radius_Mprime,0.0029715050921702074,12.0,0.0
GBRT,107,21,False,PFI,oxide_enthalpy_M,0.037144573931152856,2.0,1.0
GBRT,107,21,False,PFI,oxide_enthalpy_Mprime,0.0031100391960072584,11.0,0.0
GBRT,107,21,False,PFI,mixing_enthalpy,0.016694422783035425,5.0,0.0
GBRT,107,21,False,PFI,sublimation_M,0.020374470800319414,4.0,0.0
GBRT,107,21,False,PFI,sublimation_Mprime,3.635970483678111e-05,14.0,0.0
GBRT,107,21,False,PFI,surface_energy_M,0.23828354759565576,1.0,1.0
GBRT,107,21,False,PFI,electron_density_M,0.010314112195361741,6.0,0.0
GBRT,107,21,False,PFI,oxide_bandgap,0.022531928146777333,3.0,1.0
GBRT,107,21,False,KernelSHAP,electronegativity_M,0.033842720585167206,7.0,0.0
GBRT,107,21,False,KernelSHAP,electronegativity_Mprime,0.03176790625279515,8.0,0.0
GBRT,107,21,False,KernelSHAP,ionization_M,0.01582594203162194,14.0,0.0
GBRT,107,21,False,KernelSHAP,ionization_Mprime,0.016900593453995628,13.0,0.0
GBRT,107,21,False,KernelSHAP,radius_M,0.019311541436892454,11.0,0.0
GBRT,107,21,False,KernelSHAP,radius_Mprime,0.020813206787950938,10.0,0.0
GBRT,107,21,False,KernelSHAP,oxide_enthalpy_M,0.08639731322075542,3.0,1.0
GBRT,107,21,False,KernelSHAP,oxide_enthalpy_Mprime,0.08049862778522485,4.0,0.0
GBRT,107,21,False,KernelSHAP,mixing_enthalpy,0.06528220968825985,6.0,0.0
GBRT,107,21,False,KernelSHAP,sublimation_M,0.11297091301335395,2.0,1.0
GBRT,107,21,False,KernelSHAP,sublimation_Mprime,0.021287094725715314,9.0,0.0
GBRT,107,21,False,KernelSHAP,surface_energy_M,0.29782523382950005,1.0,1.0
GBRT,107,21,False,KernelSHAP,electron_density_M,0.017894398872686554,12.0,0.0
GBRT,107,21,False,KernelSHAP,oxide_bandgap,0.07180779333689236,5.0,0.0
LR,107,21,False,PFI,electronegativity_M,0.0032091317727782,12.0,0.0
LR,107,21,False,PFI,electronegativity_Mprime,0.00610811538300675,11.0,0.0
LR,107,21,False,PFI,ionization_M,0.03162859950841619,6.0,0.0
LR,107,21,False,PFI,ionization_Mprime,0.0014179676354035564,13.0,0.0
LR,107,21,False,PFI,radius_M,0.04366692790459723,5.0,0.0
LR,107,21,False,PFI,radius_Mprime,-0.0005280615806857014,14.0,0.0
LR,107,21,False,PFI,oxide_enthalpy_M,0.12345967705396875,3.0,1.0
LR,107,21,False,PFI,oxide_enthalpy_Mprime,0.058789975261779676,4.0,0.0
LR,107,21,False,PFI,mixing_enthalpy,0.031065037497467182,7.0,0.0
LR,107,21,False,PFI,sublimation_M,0.01384349324918876,8.0,0.0
LR,107,21,False,PFI,sublimation_Mprime,0.010078582659180232,9.0,0.0
LR,107,21,False,PFI,surface_energy_M,0.7262260471887443,1.0,1.0
LR,107,21,False,PFI,electron_density_M,0.15765390021308026,2.0,1.0
LR,107,21,False,PFI,oxide_bandgap,0.008343949490110504,10.0,0.0
LR,107,21,False,KernelSHAP,electronegativity_M,0.04957623732806789,11.0,0.0
LR,107,21,False,KernelSHAP,electronegativity_Mprime,0.08738793173862154,8.0,0.0
LR,107,21,False,KernelSHAP,ionization_M,0.10952802876308926,6.0,0.0
LR,107,21,False,KernelSHAP,ionization_Mprime,0.008239655500714257,14.0,0.0
LR,107,21,False,KernelSHAP,radius_M,0.11569346060181952,5.0,0.0
LR,107,21,False,KernelSHAP,radius_Mprime,0.027181775939309247,13.0,0.0
LR,107,21,False,KernelSHAP,oxide_enthalpy_M,0.22381927047520855,2.0,1.0
LR,107,21,False,KernelSHAP,oxide_enthalpy_Mprime,0.15079787988813637,4.0,0.0
LR,107,21,False,KernelSHAP,mixing_enthalpy,0.07822144275643426,10.0,0.0
LR,107,21,False,KernelSHAP,sublimation_M,0.08202513484097441,9.0,0.0
LR,107,21,False,KernelSHAP,sublimation_Mprime,0.10390693796575068,7.0,0.0
LR,107,21,False,KernelSHAP,surface_energy_M,0.5794705101032205,1.0,1.0
LR,107,21,False,KernelSHAP,electron_density_M,0.21239914695649284,3.0,1.0
LR,107,21,False,KernelSHAP,oxide_bandgap,0.04480749671155658,12.0,0.0
RF,107,21,False,PFI,electronegativity_M,0.00012186122196833361,14.0,0.0
RF,107,21,False,PFI,electronegativity_Mprime,0.0014710363215967195,12.0,0.0
RF,107,21,False,PFI,ionization_M,0.0018679422171998133,11.0,0.0
RF,107,21,False,PFI,ionization_Mprime,0.0018796823439636036,10.0,0.0
RF,107,21,False,PFI,radius_M,0.00954828876249267,5.0,0.0
RF,107,21,False,PFI,radius_Mprime,0.0041038077984950115,7.0,0.0
RF,107,21,False,PFI,oxide_enthalpy_M,0.033256226636153456,2.0,1.0
RF,107,21,False,PFI,oxide_enthalpy_Mprime,0.0027143935410370644,9.0,0.0
RF,107,21,False,PFI,mixing_enthalpy,0.005218864184507307,6.0,0.0
RF,107,21,False,PFI,sublimation_M,0.025089871454795576,3.0,1.0
RF,107,21,False,PFI,sublimation_Mprime,0.0006165530201866492,13.0,0.0
RF,107,21,False,PFI,surface_energy_M,0.06686689227375649,1.0,1.0
RF,107,21,False,PFI,electron_density_M,0.0036139150277553784,8.0,0.0
RF,107,21,False,PFI,oxide_bandgap,0.015774073882408403,4.0,0.0
RF,107,21,False,KernelSHAP,electronegativity_M,0.0449573995833048,8.0,0.0
RF,107,21,False,KernelSHAP,electronegativity_Mprime,0.023263208197290355,11.0,0.0
RF,107,21,False,KernelSHAP,ionization_M,0.009639222755922707,14.0,0.0
RF,107,21,False,KernelSHAP,ionization_Mprime,0.010394121383314144,12.0,0.0
RF,107,21,False,KernelSHAP,radius_M,0.051571910001529636,5.0,0.0
RF,107,21,False,KernelSHAP,radius_Mprime,0.025614304260333672,10.0,0.0
RF,107,21,False,KernelSHAP,oxide_enthalpy_M,0.07561074801147293,3.0,1.0
RF,107,21,False,KernelSHAP,oxide_enthalpy_Mprime,0.05064487141019544,6.0,0.0
RF,107,21,False,KernelSHAP,mixing_enthalpy,0.02608743647877718,9.0,0.0
RF,107,21,False,KernelSHAP,sublimation_M,0.10734237804152902,2.0,1.0
RF,107,21,False,KernelSHAP,sublimation_Mprime,0.010308803631437434,13.0,0.0
RF,107,21,False,KernelSHAP,surface_energy_M,0.15073853138712998,1.0,1.0
RF,107,21,False,KernelSHAP,electron_density_M,0.0492785665301724,7.0,0.0
RF,107,21,False,KernelSHAP,oxide_bandgap,0.0565340957190839,4.0,0.0
SVR,107,21,False,PFI,electronegativity_M,0.019291811527659193,6.0,0.0
SVR,107,21,False,PFI,electronegativity_Mprime,0.020580734831863377,5.0,0.0
SVR,107,21,False,PFI,ionization_M,0.010846584086735278,9.0,0.0
SVR,107,21,False,PFI,ionization_Mprime,0.01575331740819323,8.0,0.0
SVR,107,21,False,PFI,radius_M,0.04915995524999868,3.0,1.0
SVR,107,21,False,PFI,radius_Mprime,0.0037503631881120867,14.0,0.0
SVR,107,21,False,PFI,oxide_enthalpy_M,0.14937083266335266,2.0,1.0
SVR,107,21,False,PFI,oxide_enthalpy_Mprime,0.03583664397408331,4.0,0.0
SVR,107,21,False,PFI,mixing_enthalpy,0.008955860668066381,11.0,0.0
SVR,107,21,False,PFI,sublimation_M,0.018892521432376044,7.0,0.0
SVR,107,21,False,PFI,sublimation_Mprime,0.01062213943599667,10.0,0.0
SVR,107,21,False,PFI,surface_energy_M,0.2752492813417851,1.0,1.0
SVR,107,21,False,PFI,electron_density_M,0.004827684014890624,13.0,0.0
SVR,107,21,False,PFI,oxide_bandgap,0.005662286404493384,12.0,0.0
SVR,107,21,False,KernelSHAP,electronegativity_M,0.06247484293128796,7.0,0.0
SVR,107,21,False,KernelSHAP,electronegativity_Mprime,0.05730329151527461,8.0,0.0
SVR,107,21,False,KernelSHAP,ionization_M,0.06469674592281836,6.0,0.0
SVR,107,21,False,KernelSHAP,ionization_Mprime,0.024714621785767648,13.0,0.0
SVR,107,21,False,KernelSHAP,radius_M,0.12254065742465564,4.0,0.0
SVR,107,21,False,KernelSHAP,radius_Mprime,0.03267029816320627,12.0,0.0
SVR,107,21,False,KernelSHAP,oxide_enthalpy_M,0.21944898594763007,2.0,1.0
SVR,107,21,False,KernelSHAP,oxide_enthalpy_Mprime,0.1297950278243879,3.0,1.0
SVR,107,21,False,KernelSHAP,mixing_enthalpy,0.03914872829307129,11.0,0.0
SVR,107,21,False,KernelSHAP,sublimation_M,0.0977290777446693,5.0,0.0
SVR,107,21,False,KernelSHAP,sublimation_Mprime,0.044512794603399373,9.0,0.0
SVR,107,21,False,KernelSHAP,surface_energy_M,0.3447121798865542,1.0,1.0
SVR,107,21,False,KernelSHAP,electron_density_M,0.021030278905431396,14.0,0.0
SVR,107,21,False,KernelSHAP,oxide_bandgap,0.04125330701377666,10.0,0.0
GBRT,107,22,False,PFI,electronegativity_M,0.00731800243004256,8.0,0.0
GBRT,107,22,False,PFI,electronegativity_Mprime,0.00036401710131920564,13.0,0.0
GBRT,107,22,False,PFI,ionization_M,0.004666621244419754,9.0,0.0
GBRT,107,22,False,PFI,ionization_Mprime,0.00139745475459896,11.0,0.0
GBRT,107,22,False,PFI,radius_M,0.0011981280145992104,12.0,0.0
GBRT,107,22,False,PFI,radius_Mprime,0.025528004159113007,5.0,0.0
GBRT,107,22,False,PFI,oxide_enthalpy_M,0.03317678707722567,3.0,1.0
GBRT,107,22,False,PFI,oxide_enthalpy_Mprime,0.00449932759205603,10.0,0.0
GBRT,107,22,False,PFI,mixing_enthalpy,0.00851393847556664,7.0,0.0
GBRT,107,22,False,PFI,sublimation_M,0.029179306960880513,4.0,0.0
GBRT,107,22,False,PFI,sublimation_Mprime,-0.0009634310114091362,14.0,0.0
GBRT,107,22,False,PFI,surface_energy_M,0.20253537521828008,1.0,1.0
GBRT,107,22,False,PFI,electron_density_M,0.01754820646042583,6.0,0.0
GBRT,107,22,False,PFI,oxide_bandgap,0.0412005044176829,2.0,1.0
GBRT,107,22,False,KernelSHAP,electronegativity_M,0.03020820852062807,9.0,0.0
GBRT,107,22,False,KernelSHAP,electronegativity_Mprime,0.03749219877158418,8.0,0.0
GBRT,107,22,False,KernelSHAP,ionization_M,0.019185818678271103,11.0,0.0
GBRT,107,22,False,KernelSHAP,ionization_Mprime,0.012303640653617649,13.0,0.0
GBRT,107,22,False,KernelSHAP,radius_M,0.014906076143479984,12.0,0.0
GBRT,107,22,False,KernelSHAP,radius_Mprime,0.0482881154745313,6.0,0.0
GBRT,107,22,False,KernelSHAP,oxide_enthalpy_M,0.09638860725170877,4.0,0.0
GBRT,107,22,False,KernelSHAP,oxide_enthalpy_Mprime,0.05373934914403225,5.0,0.0
GBRT,107,22,False,KernelSHAP,mixing_enthalpy,0.041519186701362384,7.0,0.0
GBRT,107,22,False,KernelSHAP,sublimation_M,0.1399463671416634,2.0,1.0
GBRT,107,22,False,KernelSHAP,sublimation_Mprime,0.007206046248361891,14.0,0.0
GBRT,107,22,False,KernelSHAP,surface_energy_M,0.27526867780182446,1.0,1.0
GBRT,107,22,False,KernelSHAP,electron_density_M,0.028419472578925464,10.0,0.0
GBRT,107,22,False,KernelSHAP,oxide_bandgap,0.11725765109347042,3.0,1.0
LR,107,22,False,PFI,electronegativity_M,0.023288617793911996,10.0,0.0
LR,107,22,False,PFI,electronegativity_Mprime,0.0001306859685836106,14.0,0.0
LR,107,22,False,PFI,ionization_M,0.023092807515508205,11.0,0.0
LR,107,22,False,PFI,ionization_Mprime,0.018665617639463315,12.0,0.0
LR,107,22,False,PFI,radius_M,0.060647908612421995,5.0,0.0
LR,107,22,False,PFI,radius_Mprime,0.032968619766346366,8.0,0.0
LR,107,22,False,PFI,oxide_enthalpy_M,0.0824643323900561,3.0,1.0
LR,107,22,False,PFI,oxide_enthalpy_Mprime,0.06999996528132249,4.0,0.0
LR,107,22,False,PFI,mixing_enthalpy,0.03640216527345953,7.0,0.0
LR,107,22,False,PFI,sublimation_M,0.04299556652304903,6.0,0.0
LR,107,22,False,PFI,sublimation_Mprime,0.014153888149033584,13.0,0.0
LR,107,22,False,PFI,surface_energy_M,0.6229520273482928,1.0,1.0
LR,107,22,False,PFI,electron_density_M,0.14947697108474897,2.0,1.0
LR,107,22,False,PFI,oxide_bandgap,0.029811501427006542,9.0,0.0
LR,107,22,False,KernelSHAP,electronegativity_M,0.07871354544028004,12.0,0.0
LR,107,22,False,KernelSHAP,electronegativity_Mprime,0.0009199155473802848,14.0,0.0
LR,107,22,False,KernelSHAP,ionization_M,0.08948769375231852,9.0,0.0
LR,107,22,False,KernelSHAP,ionization_Mprime,0.05219642696534809,13.0,0.0
LR,107,22,False,KernelSHAP,radius_M,0.14535566487058563,6.0,0.0
LR,107,22,False,KernelSHAP,radius_Mprime,0.14507034739444247,7.0,0.0
LR,107,22,False,KernelSHAP,oxide_enthalpy_M,0.16905085646874884,4.0,0.0
LR,107,22,False,KernelSHAP,oxide_enthalpy_Mprime,0.18147329803778345,3.0,1.0
LR,107,22,False,KernelSHAP,mixing_enthalpy,0.0856763458490765,10.0,0.0
LR,107,22,False,KernelSHAP,sublimation_M,0.1466073182050261,5.0,0.0
LR,107,22,False,KernelSHAP,sublimation_Mprime,0.09901210522895337,8.0,0.0
LR,107,22,False,KernelSHAP,surface_energy_M,0.5459606304780129,1.0,1.0
LR,107,22,False,KernelSHAP,electron_density_M,0.19850583844538408,2.0,1.0
LR,107,22,False,KernelSHAP,oxide_bandgap,0.08446568574481933,11.0,0.0
RF,107,22,False,PFI,electronegativity_M,0.005191859355989922,9.0,0.0
RF,107,22,False,PFI,electronegativity_Mprime,0.0021088926724175394,12.0,0.0
RF,107,22,False,PFI,ionization_M,0.0023687942306799617,11.0,0.0
RF,107,22,False,PFI,ionization_Mprime,0.0010422559981338292,13.0,0.0
RF,107,22,False,PFI,radius_M,0.009990426260946853,5.0,0.0
RF,107,22,False,PFI,radius_Mprime,0.0025537315110080467,10.0,0.0
RF,107,22,False,PFI,oxide_enthalpy_M,0.01818475672701474,3.0,1.0
RF,107,22,False,PFI,oxide_enthalpy_Mprime,0.00530262569807748,8.0,0.0
RF,107,22,False,PFI,mixing_enthalpy,0.006263244625148411,7.0,0.0
RF,107,22,False,PFI,sublimation_M,0.036059881500182085,2.0,1.0
RF,107,22,False,PFI,sublimation_Mprime,-0.0007229700131211795,14.0,0.0
RF,107,22,False,PFI,surface_energy_M,0.07085977368049853,1.0,1.0
RF,107,22,False,PFI,electron_density_M,0.007962021520741918,6.0,0.0
RF,107,22,False,PFI,oxide_bandgap,0.016703985148682484,4.0,0.0
RF,107,22,False,KernelSHAP,electronegativity_M,0.023188270979322686,11.0,0.0
RF,107,22,False,KernelSHAP,electronegativity_Mprime,0.02505802365748376,9.0,0.0
RF,107,22,False,KernelSHAP,ionization_M,0.02525645250611829,8.0,0.0
RF,107,22,False,KernelSHAP,ionization_Mprime,0.009482707956070402,13.0,0.0
RF,107,22,False,KernelSHAP,radius_M,0.040516351487134394,6.0,0.0
RF,107,22,False,KernelSHAP,radius_Mprime,0.024246389027394292,10.0,0.0
RF,107,22,False,KernelSHAP,oxide_enthalpy_M,0.06905305963781237,3.0,1.0
RF,107,22,False,KernelSHAP,oxide_enthalpy_Mprime,0.04401059400132717,5.0,0.0
RF,107,22,False,KernelSHAP,mixing_enthalpy,0.014395767520826611,12.0,0.0
RF,107,22,False,KernelSHAP,sublimation_M,0.15111044598470982,2.0,1.0
RF,107,22,False,KernelSHAP,sublimation_Mprime,0.00808330075039597,14.0,0.0
RF,107,22,False,KernelSHAP,surface_energy_M,0.16592928987564542,1.0,1.0
RF,107,22,False,KernelSHAP,electron_density_M,0.03344816663922462,7.0,0.0
RF,107,22,False,KernelSHAP,oxide_bandgap,0.0539834754187979,4.0,0.0
SVR,107,22,False,PFI,electronegativity_M,0.0309652941113962,5.0,0.0
SVR,107,22,False,PFI,electronegativity_Mprime,0.01662648915902867,8.0,0.0
SVR,107,22,False,PFI,ionization_M,0.003852124813691945,13.0,0.0
SVR,107,22,False,PFI,ionization_Mprime,0.001875576991864771,14.0,0.0
SVR,107,22,False,PFI,radius_M,0.07020589871429829,3.0,1.0
SVR,107,22,False,PFI,radius_Mprime,0.013976844421530469,10.0,0.0
SVR,107,22,False,PFI,oxide_enthalpy_M,0.11926504018870324,2.0,1.0
SVR,107,22,False,PFI,oxide_enthalpy_Mprime,0.025000844268906804,6.0,0.0
SVR,107,22,False,PFI,mixing_enthalpy,0.014356096872382233,9.0,0.0
SVR,107,22,False,PFI,sublimation_M,0.03774830422048957,4.0,0.0
SVR,107,22,False,PFI,sublimation_Mprime,0.007882674292207289,12.0,0.0
SVR,107,22,False,PFI,surface_energy_M,0.21698705271308258,1.0,1.0
SVR,107,22,False,PFI,electron_density_M,0.010788234222565089,11.0,0.0
SVR,107,22,False,PFI,oxide_bandgap,0.021500355149359926,7.0,0.0
SVR,107,22,False,KernelSHAP,electronegativity_M,0.07955343755922183,5.0,0.0
SVR,107,22,False,KernelSHAP,electronegativity_Mprime,0.05658896569239104,8.0,0.0
SVR,107,22,False,KernelSHAP,ionization_M,0.04117544648235022,11.0,0.0
SVR,107,22,False,KernelSHAP,ionization_Mprime,0.025469521215097525,14.0,0.0
SVR,107,22,False,KernelSHAP,radius_M,0.15236073510070802,3.0,1.0
SVR,107,22,False,KernelSHAP,radius_Mprime,0.0537321565377626,10.0,0.0
SVR,107,22,False,KernelSHAP,oxide_enthalpy_M,0.19190483460268407,2.0,1.0
SVR,107,22,False,KernelSHAP,oxide_enthalpy_Mprime,0.07513128523103377,6.0,0.0
SVR,107,22,False,KernelSHAP,mixing_enthalpy,0.0548620512461048,9.0,0.0
SVR,107,22,False,KernelSHAP,sublimation_M,0.12189157844084485,4.0,0.0
SVR,107,22,False,KernelSHAP,sublimation_Mprime,0.026968135263000424,13.0,0.0
SVR,107,22,False,KernelSHAP,surface_energy_M,0.3132040149876437,1.0,1.0
SVR,107,22,False,KernelSHAP,electron_density_M,0.03833482893929821,12.0,0.0
SVR,107,22,False,KernelSHAP,oxide_bandgap,0.0702813687528123,7.0,0.0
GBRT,107,23,False,PFI,electronegativity_M,0.004118191625351237,7.0,0.0
GBRT,107,23,False,PFI,electronegativity_Mprime,-0.0002521204883191829,13.0,0.0
GBRT,107,23,False,PFI,ionization_M,0.003979280606974808,8.0,0.0
GBRT,107,23,False,PFI,ionization_Mprime,0.0015133639036176779,10.0,0.0
GBRT,107,23,False,PFI,radius_M,0.0010310942511728431,12.0,0.0
GBRT,107,23,False,PFI,radius_Mprime,0.0021896929632399375,9.0,0.0
GBRT,107,23,False,PFI,oxide_enthalpy_M,0.049746739388877706,2.0,1.0
GBRT,107,23,False,PFI,oxide_enthalpy_Mprime,0.0014590861229589254,11.0,0.0
GBRT,107,23,False,PFI,mixing_enthalpy,0.004792631884018946,6.0,0.0
GBRT,107,23,False,PFI,sublimation_M,0.03810535134278537,3.0,1.0
GBRT,107,23,False,PFI,sublimation_Mprime,-0.0027222524587443907,14.0,0.0
GBRT,107,23,False,PFI,surface_energy_M,0.1273909678596798,1.0,1.0
GBRT,107,23,False,PFI,electron_density_M,0.028114229830416008,4.0,0.0
GBRT,107,23,False,PFI,oxide_bandgap,0.021867979634331354,5.0,0.0
GBRT,107,23,False,KernelSHAP,electronegativity_M,0.026640150923223246,9.0,0.0
GBRT,107,23,False,KernelSHAP,electronegativity_Mprime,0.054662366460148236,6.0,0.0
GBRT,107,23,False,KernelSHAP,ionization_M,0.023390313467320165,10.0,0.0
GBRT,107,23,False,KernelSHAP,ionization_Mprime,0.01576561809281054,12.0,0.0
GBRT,107,23,False,KernelSHAP,radius_M,0.012259815783553299,14.0,0.0
GBRT,107,23,False,KernelSHAP,radius_Mprime,0.019984742958630956,11.0,0.0
GBRT,107,23,False,KernelSHAP,oxide_enthalpy_M,0.09202718510686698,4.0,0.0
GBRT,107,23,False,KernelSHAP,oxide_enthalpy_Mprime,0.07801312343376945,5.0,0.0
GBRT,107,23,False,KernelSHAP,mixing_enthalpy,0.03793089503625088,7.0,0.0
GBRT,107,23,False,KernelSHAP,sublimation_M,0.1839513141164033,2.0,1.0
GBRT,107,23,False,KernelSHAP,sublimation_Mprime,0.012828311611484261,13.0,0.0
GBRT,107,23,False,KernelSHAP,surface_energy_M,0.24167622739072123,1.0,1.0
GBRT,107,23,False,KernelSHAP,electron_density_M,0.03640615420333444,8.0,0.0
GBRT,107,23,False,KernelSHAP,oxide_bandgap,0.09222377088810355,3.0,1.0
LR,107,23,False,PFI,electronegativity_M,-0.0005599317913360702,14.0,0.0
LR,107,23,False,PFI,electronegativity_Mprime,0.0008881230882406649,13.0,0.0
LR,107,23,False,PFI,ionization_M,0.04101681516045173,9.0,0.0
LR,107,23,False,PFI,ionization_Mprime,0.006268815447515246,12.0,0.0
LR,107,23,False,PFI,radius_M,0.06438575993533242,7.0,0.0
LR,107,23,False,PFI,radius_Mprime,0.08141663019455422,4.0,0.0
LR,107,23,False,PFI,oxide_enthalpy_M,0.08644386183552501,3.0,1.0
LR,107,23,False,PFI,oxide_enthalpy_Mprime,0.06709186794696946,6.0,0.0
LR,107,23,False,PFI,mixing_enthalpy,0.07448535994905507,5.0,0.0
LR,107,23,False,PFI,sublimation_M,0.017236074833843772,10.0,0.0
LR,107,23,False,PFI,sublimation_Mprime,0.011742045743274773,11.0,0.0
LR,107,23,False,PFI,surface_energy_M,1.2163687579483111,1.0,1.0
LR,107,23,False,PFI,electron_density_M,0.42551562303312357,2.0,1.0
LR,107,23,False,PFI,oxide_bandgap,0.04636699901295618,8.0,0.0
LR,107,23,False,KernelSHAP,electronegativity_M,0.04329533412448972,12.0,0.0
LR,107,23,False,KernelSHAP,electronegativity_Mprime,0.007103665142417912,14.0,0.0
LR,107,23,False,KernelSHAP,ionization_M,0.1116225297542664,10.0,0.0
LR,107,23,False,KernelSHAP,ionization_Mprime,0.029288411011900693,13.0,0.0
LR,107,23,False,KernelSHAP,radius_M,0.14998640542549438,6.0,0.0
LR,107,23,False,KernelSHAP,radius_Mprime,0.19433882622009713,3.0,1.0
LR,107,23,False,KernelSHAP,oxide_enthalpy_M,0.18356842047636981,4.0,0.0
LR,107,23,False,KernelSHAP,oxide_enthalpy_Mprime,0.15957119343557558,5.0,0.0
LR,107,23,False,KernelSHAP,mixing_enthalpy,0.13266731933241446,7.0,0.0
LR,107,23,False,KernelSHAP,sublimation_M,0.08387756762638215,11.0,0.0
LR,107,23,False,KernelSHAP,sublimation_Mprime,0.1166861480799877,9.0,0.0
LR,107,23,False,KernelSHAP,surface_energy_M,0.7362671881869948,1.0,1.0
LR,107,23,False,KernelSHAP,electron_density_M,0.37296870335302446,2.0,1.0
LR,107,23,False,KernelSHAP,oxide_bandgap,0.11963624525064565,8.0,0.0
RF,107,23,False,PFI,electronegativity_M,-0.0014880074478147013,11.0,0.0
RF,107,23,False,PFI,electronegativity_Mprime,-0.0033715365851190258,12.0,0.0
RF,107,23,False,PFI,ionization_M,0.0018763121523635853,6.0,0.0
RF,107,23,False,PFI,ionization_Mprime,0.001063912535968391,9.0,0.0
RF,107,23,False,PFI,radius_M,0.004949136305555718,5.0,0.0
RF,107,23,False,PFI,radius_Mprime,0.001019756382453784,10.0,0.0
RF,107,23,False,PFI,oxide_enthalpy_M,0.022613968945055567,3.0,1.0
RF,107,23,False,PFI,oxide_enthalpy_Mprime,0.0015314113404818592,7.0,0.0
RF,107,23,False,PFI,mixing_enthalpy,0.001258580654569824,8.0,0.0
RF,107,23,False,PFI,sublimation_M,0.025015609868051215,2.0,1.0
RF,107,23,False,PFI,sublimation_Mprime,-0.005807725788744567,14.0,0.0
RF,107,23,False,PFI,surface_energy_M,0.04563133462991006,1.0,1.0
RF,107,23,False,PFI,electron_density_M,-0.003935490255986319,13.0,0.0
RF,107,23,False,PFI,oxide_bandgap,0.009458407952958202,4.0,0.0
RF,107,23,False,KernelSHAP,electronegativity_M,0.026447458412811858,8.0,0.0
RF,107,23,False,KernelSHAP,electronegativity_Mprime,0.03304102209173277,7.0,0.0
RF,107,23,False,KernelSHAP,ionization_M,0.014456178845298127,12.0,0.0
RF,107,23,False,KernelSHAP,ionization_Mprime,0.011226604093634412,14.0,0.0
RF,107,23,False,KernelSHAP,radius_M,0.02107739115625127,9.0,0.0
RF,107,23,False,KernelSHAP,radius_Mprime,0.02064692614500846,10.0,0.0
RF,107,23,False,KernelSHAP,oxide_enthalpy_M,0.08034332864777838,3.0,1.0
RF,107,23,False,KernelSHAP,oxide_enthalpy_Mprime,0.0341822550795958,6.0,0.0
RF,107,23,False,KernelSHAP,mixing_enthalpy,0.013094986055746332,13.0,0.0
RF,107,23,False,KernelSHAP,sublimation_M,0.13933603800839525,2.0,1.0
RF,107,23,False,KernelSHAP,sublimation_Mprime,0.017840940953347498,11.0,0.0
RF,107,23,False,KernelSHAP,surface_energy_M,0.14639050410408713,1.0,1.0
RF,107,23,False,KernelSHAP,electron_density_M,0.04593574435831253,5.0,0.0
RF,107,23,False,KernelSHAP,oxide_bandgap,0.05732208282159897,4.0,0.0
SVR,107,23,False,PFI,electronegativity_M,0.026271064917165878,7.0,0.0
SVR,107,23,False,PFI,electronegativity_Mprime,0.011696124615829456,10.0,0.0
SVR,107,23,False,PFI,ionization_M,0.004103776525214287,14.0,0.0
SVR,107,23,False,PFI,ionization_Mprime,0.017103548866674978,9.0,0.0
SVR,107,23,False,PFI,radius_M,0.07839283736749182,3.0,1.0
SVR,107,23,False,PFI,radius_Mprime,0.07084733452173105,4.0,0.0
SVR,107,23,False,PFI,oxide_enthalpy_M,0.1569240709573806,2.0,1.0
SVR,107,23,False,PFI,oxide_enthalpy_Mprime,0.03229598223891175,6.0,0.0
SVR,107,23,False,PFI,mixing_enthalpy,0.024456859464205224,8.0,0.0
SVR,107,23,False,PFI,sublimation_M,0.007996930973021852,11.0,0.0
SVR,107,23,False,PFI,sublimation_Mprime,0.00628703134519911,13.0,0.0
SVR,107,23,False,PFI,surface_energy_M,0.3350913196997834,1.0,1.0
SVR,107,23,False,PFI,electron_density_M,0.006944056210817983,12.0,0.0
SVR,107,23,False,PFI,oxide_bandgap,0.03253037635914324,5.0,0.0
SVR,107,23,False,KernelSHAP,electronegativity_M,0.08225687676837541,7.0,0.0
SVR,107,23,False,KernelSHAP,electronegativity_Mprime,0.038754138836351974,12.0,0.0
SVR,107,23,False,KernelSHAP,ionization_M,0.05736404163496026,10.0,0.0
SVR,107,23,False,KernelSHAP,ionization_Mprime,0.021168068086512684,13.0,0.0
SVR,107,23,False,KernelSHAP,radius_M,0.1599321502878651,4.0,0.0
SVR,107,23,False,KernelSHAP,radius_Mprime,0.17503888401118822,3.0,1.0
SVR,107,23,False,KernelSHAP,oxide_enthalpy_M,0.20753021102510177,2.0,1.0
SVR,107,23,False,KernelSHAP,oxide_enthalpy_Mprime,0.10730033939494035,5.0,0.0
SVR,107,23,False,KernelSHAP,mixing_enthalpy,0.07015990372957506,9.0,0.0
SVR,107,23,False,KernelSHAP,sublimation_M,0.08107010888123653,8.0,0.0
SVR,107,23,False,KernelSHAP,sublimation_Mprime,0.054910220733362915,11.0,0.0
SVR,107,23,False,KernelSHAP,surface_energy_M,0.39524036351447817,1.0,1.0
SVR,107,23,False,KernelSHAP,electron_density_M,0.017024696727118923,14.0,0.0
SVR,107,23,False,KernelSHAP,oxide_bandgap,0.09252982652866563,6.0,0.0
GBRT,107,24,False,PFI,electronegativity_M,0.007096847590674696,8.0,0.0
GBRT,107,24,False,PFI,electronegativity_Mprime,0.0015286328312120213,11.0,0.0
GBRT,107,24,False,PFI,ionization_M,0.002909265304023348,9.0,0.0
GBRT,107,24,False,PFI,ionization_Mprime,0.0017518879589555876,10.0,0.0
GBRT,107,24,False,PFI,radius_M,-0.0001914045319772132,14.0,0.0
GBRT,107,24,False,PFI,radius_Mprime,0.0007885299721717914,12.0,0.0
GBRT,107,24,False,PFI,oxide_enthalpy_M,0.043210691767594865,2.0,1.0
GBRT,107,24,False,PFI,oxide_enthalpy_Mprime,0.008658466155324932,7.0,0.0
GBRT,107,24,False,PFI,mixing_enthalpy,0.01814512548339421,4.0,0.0
GBRT,107,24,False,PFI,sublimation_M,0.026825871014063165,3.0,1.0
GBRT,107,24,False,PFI,sublimation_Mprime,0.00013104970763481392,13.0,0.0
GBRT,107,24,False,PFI,surface_energy_M,0.1835928760463967,1.0,1.0
GBRT,107,24,False,PFI,electron_density_M,0.014597857224831291,5.0,0.0
GBRT,107,24,False,PFI,oxide_bandgap,0.0101780143794251,6.0,0.0
GBRT,107,24,False,KernelSHAP,electronegativity_M,0.0388302325984939,8.0,0.0
GBRT,107,24,False,KernelSHAP,electronegativity_Mprime,0.023911101604988234,12.0,0.0
GBRT,107,24,False,KernelSHAP,ionization_M,0.018926391211104263,13.0,0.0
GBRT,107,24,False,KernelSHAP,ionization_Mprime,0.006726521732413262,14.0,0.0
GBRT,107,24,False,KernelSHAP,radius_M,0.024545966108098508,11.0,0.0
GBRT,107,24,False,KernelSHAP,radius_Mprime,0.024921574736432545,10.0,0.0
GBRT,107,24,False,KernelSHAP,oxide_enthalpy_M,0.10028228351311895,3.0,1.0
GBRT,107,24,False,KernelSHAP,oxide_enthalpy_Mprime,0.08427144302062863,4.0,0.0
GBRT,107,24,False,KernelSHAP,mixing_enthalpy,0.04837195675407956,6.0,0.0
GBRT,107,24,False,KernelSHAP,sublimation_M,0.13609549914218871,2.0,1.0
GBRT,107,24,False,KernelSHAP,sublimation_Mprime,0.0407521563311844,7.0,0.0
GBRT,107,24,False,KernelSHAP,surface_energy_M,0.2608578026534,1.0,1.0
GBRT,107,24,False,KernelSHAP,electron_density_M,0.029783234320292635,9.0,0.0
GBRT,107,24,False,KernelSHAP,oxide_bandgap,0.057146207575957196,5.0,0.0
LR,107,24,False,PFI,electronegativity_M,0.022261239856540098,9.0,0.0
LR,107,24,False,PFI,electronegativity_Mprime,-0.002875195174262429,14.0,0.0
LR,107,24,False,PFI,ionization_M,0.02577198640364504,8.0,0.0
LR,107,24,False,PFI,ionization_Mprime,0.0029309213773844253,11.0,0.0
LR,107,24,False,PFI,radius_M,0.03311095344625722,7.0,0.0
LR,107,24,False,PFI,radius_Mprime,-0.0016817275918385916,13.0,0.0
LR,107,24,False,PFI,oxide_enthalpy_M,0.09904554743429901,4.0,0.0
LR,107,24,False,PFI,oxide_enthalpy_Mprime,0.1254092578578857,2.0,1.0
LR,107,24,False,PFI,mixing_enthalpy,0.055967876093214054,5.0,0.0
LR,107,24,False,PFI,sublimation_M,0.010809738940939406,10.0,0.0
LR,107,24,False,PFI,sublimation_Mprime,0.03632312125565404,6.0,0.0
LR,107,24,False,PFI,surface_energy_M,0.5978743238362597,1.0,1.0
LR,107,24,False,PFI,electron_density_M,0.10105814186857677,3.0,1.0
LR,107,24,False,PFI,oxide_bandgap,0.0015280401334534844,12.0,0.0
LR,107,24,False,KernelSHAP,electronegativity_M,0.08672851660522966,9.0,0.0
LR,107,24,False,KernelSHAP,electronegativity_Mprime,0.056274222789376944,11.0,0.0
LR,107,24,False,KernelSHAP,ionization_M,0.10827858190011545,6.0,0.0
LR,107,24,False,KernelSHAP,ionization_Mprime,0.013565205865983112,14.0,0.0
LR,107,24,False,KernelSHAP,radius_M,0.10317306894956756,8.0,0.0
LR,107,24,False,KernelSHAP,radius_Mprime,0.03299774605155391,12.0,0.0
LR,107,24,False,KernelSHAP,oxide_enthalpy_M,0.18944188973505063,3.0,1.0
LR,107,24,False,KernelSHAP,oxide_enthalpy_Mprime,0.23713439356755212,2.0,1.0
LR,107,24,False,KernelSHAP,mixing_enthalpy,0.10763461839005845,7.0,0.0
LR,107,24,False,KernelSHAP,sublimation_M,0.06809635566647307,10.0,0.0
LR,107,24,False,KernelSHAP,sublimation_Mprime,0.16374285470303365,5.0,0.0
LR,107,24,False,KernelSHAP,surface_energy_M,0.5269245245275537,1.0,1.0
LR,107,24,False,KernelSHAP,electron_density_M,0.16377976292741064,4.0,0.0
LR,107,24,False,KernelSHAP,oxide_bandgap,0.01693723931127101,13.0,0.0
RF,107,24,False,PFI,electronegativity_M,0.0047728551664244084,8.0,0.0
RF,107,24,False,PFI,electronegativity_Mprime,0.00019633931363187394,12.0,0.0
RF,107,24,False,PFI,ionization_M,0.0013519066993990744,10.0,0.0
RF,107,24,False,PFI,ionization_Mprime,0.0004930109636585987,11.0,0.0
RF,107,24,False,PFI,radius_M,0.01880083946622967,4.0,0.0
RF,107,24,False,PFI,radius_Mprime,-0.00130461845383223,14.0,0.0
RF,107,24,False,PFI,oxide_enthalpy_M,0.020264140212993904,3.0,1.0
RF,107,24,False,PFI,oxide_enthalpy_Mprime,0.004983583943238672,7.0,0.0
RF,107,24,False,PFI,mixing_enthalpy,0.014749644353816076,5.0,0.0
RF,107,24,False,PFI,sublimation_M,0.03281054862838438,2.0,1.0
RF,107,24,False,PFI,sublimation_Mprime,-0.00098846239871064,13.0,0.0
RF,107,24,False,PFI,surface_energy_M,0.06691951474524052,1.0,1.0
RF,107,24,False,PFI,electron_density_M,0.002752003456317516,9.0,0.0
RF,107,24,False,PFI,oxide_bandgap,0.006163701910845988,6.0,0.0
RF,107,24,False,KernelSHAP,electronegativity_M,0.029835883297735694,10.0,0.0
RF,107,24,False,KernelSHAP,electronegativity_Mprime,0.04359104817685777,6.0,0.0
RF,107,24,False,KernelSHAP,ionization_M,0.011933612995189405,13.0,0.0
RF,107,24,False,KernelSHAP,ionization_Mprime,0.006661402084861226,14.0,0.0
RF,107,24,False,KernelSHAP,radius_M,0.054035993713627814,4.0,0.0
RF,107,24,False,KernelSHAP,radius_Mprime,0.013523311049594443,12.0,0.0
RF,107,24,False,KernelSHAP,oxide_enthalpy_M,0.05784517651551527,3.0,1.0
RF,107,24,False,KernelSHAP,oxide_enthalpy_Mprime,0.04138061258681605,8.0,0.0
RF,107,24,False,KernelSHAP,mixing_enthalpy,0.045451157481239506,5.0,0.0
RF,107,24,False,KernelSHAP,sublimation_M,0.11766318886281718,2.0,1.0
RF,107,24,False,KernelSHAP,sublimation_Mprime,0.025776324281538622,11.0,0.0
RF,107,24,False,KernelSHAP,surface_energy_M,0.14840912135054346,1.0,1.0
RF,107,24,False,KernelSHAP,electron_density_M,0.0393971723643241,9.0,0.0
RF,107,24,False,KernelSHAP,oxide_bandgap,0.042925838591388335,7.0,0.0
SVR,107,24,False,PFI,electronegativity_M,0.038197721507620706,4.0,0.0
SVR,107,24,False,PFI,electronegativity_Mprime,0.017942063290088534,7.0,0.0
SVR,107,24,False,PFI,ionization_M,0.008754761657889463,11.0,0.0
SVR,107,24,False,PFI,ionization_Mprime,0.014435435518167129,9.0,0.0
SVR,107,24,False,PFI,radius_M,0.04835123335365857,3.0,1.0
SVR,107,24,False,PFI,radius_Mprime,0.002086920696495648,14.0,0.0
SVR,107,24,False,PFI,oxide_enthalpy_M,0.14679192202187744,2.0,1.0
SVR,107,24,False,PFI,oxide_enthalpy_Mprime,0.032368394340948445,6.0,0.0
SVR,107,24,False,PFI,mixing_enthalpy,0.007409297393860356,13.0,0.0
SVR,107,24,False,PFI,sublimation_M,0.03658207718824306,5.0,0.0
SVR,107,24,False,PFI,sublimation_Mprime,0.016082892539515947,8.0,0.0
SVR,107,24,False,PFI,surface_energy_M,0.1857954580373514,1.0,1.0
SVR,107,24,False,PFI,electron_density_M,0.008032882963042283,12.0,0.0
SVR,107,24,False,PFI,oxide_bandgap,0.009958479859898357,10.0,0.0
SVR,107,24,False,KernelSHAP,electronegativity_M,0.08650250517708485,6.0,0.0
SVR,107,24,False,KernelSHAP,electronegativity_Mprime,0.06196680745001645,7.0,0.0
SVR,107,24,False,KernelSHAP,ionization_M,0.05541964979566401,8.0,0.0
SVR,107,24,False,KernelSHAP,ionization_Mprime,0.021465191027210864,13.0,0.0
SVR,107,24,False,KernelSHAP,radius_M,0.1269832096276003,3.0,1.0
SVR,107,24,False,KernelSHAP,radius_Mprime,0.013597410100827857,14.0,0.0
SVR,107,24,False,KernelSHAP,oxide_enthalpy_M,0.20844618518555194,2.0,1.0
SVR,107,24,False,KernelSHAP,oxide_enthalpy_Mprime,0.11271912119813769,4.0,0.0
SVR,107,24,False,KernelSHAP,mixing_enthalpy,0.022207191650090313,12.0,0.0
SVR,107,24,False,KernelSHAP,sublimation_M,0.11067764655951125,5.0,0.0
SVR,107,24,False,KernelSHAP,sublimation_Mprime,0.05078553348326802,9.0,0.0
SVR,107,24,False,KernelSHAP,surface_energy_M,0.287329197874998,1.0,1.0
SVR,107,24,False,KernelSHAP,electron_density_M,0.042006086985750396,10.0,0.0
SVR,107,24,False,KernelSHAP,oxide_bandgap,0.033997644046905945,11.0,0.0
GBRT,107,25,False,PFI,electronegativity_M,0.006466553286976874,7.0,0.0
GBRT,107,25,False,PFI,electronegativity_Mprime,0.0017792582718234892,12.0,0.0
GBRT,107,25,False,PFI,ionization_M,0.004502797769376796,10.0,0.0
GBRT,107,25,False,PFI,ionization_Mprime,0.0036858780334024527,11.0,0.0
GBRT,107,25,False,PFI,radius_M,0.005139262201518664,9.0,0.0
GBRT,107,25,False,PFI,radius_Mprime,0.005409116121188945,8.0,0.0
GBRT,107,25,False,PFI,oxide_enthalpy_M,0.06493384396064299,2.0,1.0
GBRT,107,25,False,PFI,oxide_enthalpy_Mprime,1.6552699052533223e-05,14.0,0.0
GBRT,107,25,False,PFI,mixing_enthalpy,0.007265865209190725,6.0,0.0
GBRT,107,25,False,PFI,sublimation_M,0.034401831157638806,3.0,1.0
GBRT,107,25,False,PFI,sublimation_Mprime,0.00010928147477708428,13.0,0.0
GBRT,107,25,False,PFI,surface_energy_M,0.16737649525232567,1.0,1.0
GBRT,107,25,False,PFI,electron_density_M,0.018461963597355285,5.0,0.0
GBRT,107,25,False,PFI,oxide_bandgap,0.02838810393490984,4.0,0.0
GBRT,107,25,False,KernelSHAP,electronegativity_M,0.029765236483797714,9.0,0.0
GBRT,107,25,False,KernelSHAP,electronegativity_Mprime,0.06292547787875326,6.0,0.0
GBRT,107,25,False,KernelSHAP,ionization_M,0.023396408791779892,11.0,0.0
GBRT,107,25,False,KernelSHAP,ionization_Mprime,0.008425241410005526,14.0,0.0
GBRT,107,25,False,KernelSHAP,radius_M,0.012958850508474149,12.0,0.0
GBRT,107,25,False,KernelSHAP,radius_Mprime,0.031282353721394054,8.0,0.0
GBRT,107,25,False,KernelSHAP,oxide_enthalpy_M,0.11299915402021858,4.0,0.0
GBRT,107,25,False,KernelSHAP,oxide_enthalpy_Mprime,0.08083051828484838,5.0,0.0
GBRT,107,25,False,KernelSHAP,mixing_enthalpy,0.03904252446754189,7.0,0.0
GBRT,107,25,False,KernelSHAP,sublimation_M,0.15854414015851223,2.0,1.0
GBRT,107,25,False,KernelSHAP,sublimation_Mprime,0.012069135758234935,13.0,0.0
GBRT,107,25,False,KernelSHAP,surface_energy_M,0.25159325658912846,1.0,1.0
GBRT,107,25,False,KernelSHAP,electron_density_M,0.029741086595746494,10.0,0.0
GBRT,107,25,False,KernelSHAP,oxide_bandgap,0.11367949366138043,3.0,1.0
LR,107,25,False,PFI,electronegativity_M,0.022255974532493842,9.0,0.0
LR,107,25,False,PFI,electronegativity_Mprime,-0.0017808255447181352,14.0,0.0
LR,107,25,False,PFI,ionization_M,0.02045485935051533,10.0,0.0
LR,107,25,False,PFI,ionization_Mprime,0.016343123528810285,12.0,0.0
LR,107,25,False,PFI,radius_M,0.04468073672394145,6.0,0.0
LR,107,25,False,PFI,radius_Mprime,0.017940119702551476,11.0,0.0
LR,107,25,False,PFI,oxide_enthalpy_M,0.08690279537822129,4.0,0.0
LR,107,25,False,PFI,oxide_enthalpy_Mprime,0.12369248646023571,3.0,1.0
LR,107,25,False,PFI,mixing_enthalpy,0.05099148960435139,5.0,0.0
LR,107,25,False,PFI,sublimation_M,0.029980546825933634,8.0,0.0
LR,107,25,False,PFI,sublimation_Mprime,0.03553496607060659,7.0,0.0
LR,107,25,False,PFI,surface_energy_M,0.6273141221619452,1.0,1.0
LR,107,25,False,PFI,electron_density_M,0.1380596945576443,2.0,1.0
LR,107,25,False,PFI,oxide_bandgap,0.015905426362852512,13.0,0.0
LR,107,25,False,KernelSHAP,electronegativity_M,0.08457682562545431,11.0,0.0
LR,107,25,False,KernelSHAP,electronegativity_Mprime,0.010968063379835188,14.0,0.0
LR,107,25,False,KernelSHAP,ionization_M,0.08520395965213196,10.0,0.0
LR,107,25,False,KernelSHAP,ionization_Mprime,0.04846106554652719,13.0,0.0
LR,107,25,False,KernelSHAP,radius_M,0.12935870415571638,6.0,0.0
LR,107,25,False,KernelSHAP,radius_Mprime,0.11675309775780736,7.0,0.0
LR,107,25,False,KernelSHAP,oxide_enthalpy_M,0.1727202076546121,4.0,0.0
LR,107,25,False,KernelSHAP,oxide_enthalpy_Mprime,0.24692052286261942,2.0,1.0
LR,107,25,False,KernelSHAP,mixing_enthalpy,0.09697173489084927,9.0,0.0
LR,107,25,False,KernelSHAP,sublimation_M,0.10838053089684836,8.0,0.0
LR,107,25,False,KernelSHAP,sublimation_Mprime,0.1582607501663377,5.0,0.0
LR,107,25,False,KernelSHAP,surface_energy_M,0.5379748755886751,1.0,1.0
LR,107,25,False,KernelSHAP,electron_density_M,0.19839692264206257,3.0,1.0
LR,107,25,False,KernelSHAP,oxide_bandgap,0.06870102390998216,12.0,0.0
RF,107,25,False,PFI,electronegativity_M,0.0015475567708694191,13.0,0.0
RF,107,25,False,PFI,electronegativity_Mprime,0.0016466508792779002,11.0,0.0
RF,107,25,False,PFI,ionization_M,0.0016720094485639812,10.0,0.0
RF,107,25,False,PFI,ionization_Mprime,0.0015495578095361896,12.0,0.0
RF,107,25,False,PFI,radius_M,0.003929385918346505,7.0,0.0
RF,107,25,False,PFI,radius_Mprime,0.0035121417698568986,8.0,0.0
RF,107,25,False,PFI,oxide_enthalpy_M,0.04053669314450157,2.0,1.0
RF,107,25,False,PFI,oxide_enthalpy_Mprime,0.0028279755363060308,9.0,0.0
RF,107,25,False,PFI,mixing_enthalpy,0.007357700114073266,5.0,0.0
RF,107,25,False,PFI,sublimation_M,0.013993287606353004,3.0,1.0
RF,107,25,False,PFI,sublimation_Mprime,0.0006429552580230022,14.0,0.0
RF,107,25,False,PFI,surface_energy_M,0.10936755557989036,1.0,1.0
RF,107,25,False,PFI,electron_density_M,0.005911501568596386,6.0,0.0
RF,107,25,False,PFI,oxide_bandgap,0.01165298505611691,4.0,0.0
RF,107,25,False,KernelSHAP,electronegativity_M,0.018409931687867986,11.0,0.0
RF,107,25,False,KernelSHAP,electronegativity_Mprime,0.039936822238911394,6.0,0.0
RF,107,25,False,KernelSHAP,ionization_M,0.013437305286229322,13.0,0.0
RF,107,25,False,KernelSHAP,ionization_Mprime,0.014362243592340491,12.0,0.0
RF,107,25,False,KernelSHAP,radius_M,0.03281306950286874,8.0,0.0
RF,107,25,False,KernelSHAP,radius_Mprime,0.03058871261606658,9.0,0.0
RF,107,25,False,KernelSHAP,oxide_enthalpy_M,0.08455031727540968,2.0,1.0
RF,107,25,False,KernelSHAP,oxide_enthalpy_Mprime,0.05553218251536629,5.0,0.0
RF,107,25,False,KernelSHAP,mixing_enthalpy,0.020242689542415718,10.0,0.0
RF,107,25,False,KernelSHAP,sublimation_M,0.08339912121770619,3.0,1.0
RF,107,25,False,KernelSHAP,sublimation_Mprime,0.008307890742822939,14.0,0.0
RF,107,25,False,KernelSHAP,surface_energy_M,0.19796073782014942,1.0,1.0
RF,107,25,False,KernelSHAP,electron_density_M,0.03320702911181103,7.0,0.0
RF,107,25,False,KernelSHAP,oxide_bandgap,0.0606195252093361,4.0,0.0
SVR,107,25,False,PFI,electronegativity_M,0.03572932545269542,5.0,0.0
SVR,107,25,False,PFI,electronegativity_Mprime,0.015739169109276963,10.0,0.0
SVR,107,25,False,PFI,ionization_M,0.008164977809121513,13.0,0.0
SVR,107,25,False,PFI,ionization_Mprime,0.01578031986591156,9.0,0.0
SVR,107,25,False,PFI,radius_M,0.05153182927999,3.0,1.0
SVR,107,25,False,PFI,radius_Mprime,0.010177467546992449,12.0,0.0
SVR,107,25,False,PFI,oxide_enthalpy_M,0.14176357090481537,2.0,1.0
SVR,107,25,False,PFI,oxide_enthalpy_Mprime,0.0352042292219827,6.0,0.0
SVR,107,25,False,PFI,mixing_enthalpy,0.01110761970131566,11.0,0.0
SVR,107,25,False,PFI,sublimation_M,0.04128886294821379,4.0,0.0
SVR,107,25,False,PFI,sublimation_Mprime,0.017985935867116127,8.0,0.0
SVR,107,25,False,PFI,surface_energy_M,0.21395387643309804,1.0,1.0
SVR,107,25,False,PFI,electron_density_M,0.005987126727660077,14.0,0.0
SVR,107,25,False,PFI,oxide_bandgap,0.022764599971060746,7.0,0.0
SVR,107,25,False,KernelSHAP,electronegativity_M,0.09037104825697788,6.0,0.0
SVR,107,25,False,KernelSHAP,electronegativity_Mprime,0.050982685441323713,10.0,0.0
SVR,107,25,False,KernelSHAP,ionization_M,0.056729119673450006,8.0,0.0
SVR,107,25,False,KernelSHAP,ionization_Mprime,0.02059384483738346,14.0,0.0
SVR,107,25,False,KernelSHAP,radius_M,0.13394979586302602,4.0,0.0
SVR,107,25,False,KernelSHAP,radius_Mprime,0.051813156504722985,9.0,0.0
SVR,107,25,False,KernelSHAP,oxide_enthalpy_M,0.20641175796669067,2.0,1.0
SVR,107,25,False,KernelSHAP,oxide_enthalpy_Mprime,0.1414411187272237,3.0,1.0
SVR,107,25,False,KernelSHAP,mixing_enthalpy,0.038200688012116096,12.0,0.0
SVR,107,25,False,KernelSHAP,sublimation_M,0.1190654697065221,5.0,0.0
SVR,107,25,False,KernelSHAP,sublimation_Mprime,0.049982760986248,11.0,0.0
SVR,107,25,False,KernelSHAP,surface_energy_M,0.298958531763844,1.0,1.0
SVR,107,25,False,KernelSHAP,electron_density_M,0.02267186447427073,13.0,0.0
SVR,107,25,False,KernelSHAP,oxide_bandgap,0.06897375143960571,7.0,0.0
GBRT,107,26,False,PFI,electronegativity_M,0.002923060159024702,7.0,0.0
GBRT,107,26,False,PFI,electronegativity_Mprime,-0.010717983567581173,14.0,0.0
GBRT,107,26,False,PFI,ionization_M,0.0019314282750202587,9.0,0.0
GBRT,107,26,False,PFI,ionization_Mprime,0.002094436828126539,8.0,0.0
GBRT,107,26,False,PFI,radius_M,-0.0011416706066471824,11.0,0.0
GBRT,107,26,False,PFI,radius_Mprime,0.005735474558632738,6.0,0.0
GBRT,107,26,False,PFI,oxide_enthalpy_M,0.031720927190798595,2.0,1.0
GBRT,107,26,False,PFI,oxide_enthalpy_Mprime,0.005827962870974602,5.0,0.0
GBRT,107,26,False,PFI,mixing_enthalpy,0.016913793802664504,4.0,0.0
GBRT,107,26,False,PFI,sublimation_M,-0.0031912236364489447,12.0,0.0
GBRT,107,26,False,PFI,sublimation_Mprime,-0.010420909955580865,13.0,0.0
GBRT,107,26,False,PFI,surface_energy_M,0.17919377552193272,1.0,1.0
GBRT,107,26,False,PFI,electron_density_M,0.01861741743929028,3.0,1.0
GBRT,107,26,False,PFI,oxide_bandgap,0.000802710428026538,10.0,0.0
GBRT,107,26,False,KernelSHAP,electronegativity_M,0.028772831203338442,9.0,0.0
GBRT,107,26,False,KernelSHAP,electronegativity_Mprime,0.03638971765881794,7.0,0.0
GBRT,107,26,False,KernelSHAP,ionization_M,0.01984256840104774,12.0,0.0
GBRT,107,26,False,KernelSHAP,ionization_Mprime,0.01698677834800478,14.0,0.0
GBRT,107,26,False,KernelSHAP,radius_M,0.024830477986534347,11.0,0.0
GBRT,107,26,False,KernelSHAP,radius_Mprime,0.01833731249987251,13.0,0.0
GBRT,107,26,False,KernelSHAP,oxide_enthalpy_M,0.0842667234017962,4.0,0.0
GBRT,107,26,False,KernelSHAP,oxide_enthalpy_Mprime,0.08813868218219172,3.0,1.0
GBRT,107,26,False,KernelSHAP,mixing_enthalpy,0.04902588967166099,6.0,0.0
GBRT,107,26,False,KernelSHAP,sublimation_M,0.10436709535126398,2.0,1.0
GBRT,107,26,False,KernelSHAP,sublimation_Mprime,0.03291421943599076,8.0,0.0
GBRT,107,26,False,KernelSHAP,surface_energy_M,0.2825519421698646,1.0,1.0
GBRT,107,26,False,KernelSHAP,electron_density_M,0.02644531661968809,10.0,0.0
GBRT,107,26,False,KernelSHAP,oxide_bandgap,0.06379190400582614,5.0,0.0
LR,107,26,False,PFI,electronegativity_M,0.008930955484059262,9.0,0.0
LR,107,26,False,PFI,electronegativity_Mprime,0.00791902805495561,11.0,0.0
LR,107,26,False,PFI,ionization_M,0.02145706074802896,7.0,0.0
LR,107,26,False,PFI,ionization_Mprime,-0.0012344719900085047,14.0,0.0
LR,107,26,False,PFI,radius_M,0.031257790415809984,6.0,0.0
LR,107,26,False,PFI,radius_Mprime,5.637445185799709e-05,13.0,0.0
LR,107,26,False,PFI,oxide_enthalpy_M,0.10925725564972356,3.0,1.0
LR,107,26,False,PFI,oxide_enthalpy_Mprime,0.07404873063511659,4.0,0.0
LR,107,26,False,PFI,mixing_enthalpy,0.04420935533910497,5.0,0.0
LR,107,26,False,PFI,sublimation_M,0.008520900793885606,10.0,0.0
LR,107,26,False,PFI,sublimation_Mprime,0.01661950486760416,8.0,0.0
LR,107,26,False,PFI,surface_energy_M,0.5895175978143143,1.0,1.0
LR,107,26,False,PFI,electron_density_M,0.11321596981524713,2.0,1.0
LR,107,26,False,PFI,oxide_bandgap,0.0036370528643005448,12.0,0.0
LR,107,26,False,KernelSHAP,electronegativity_M,0.061919446499499466,11.0,0.0
LR,107,26,False,KernelSHAP,electronegativity_Mprime,0.09539360298489273,7.0,0.0
LR,107,26,False,KernelSHAP,ionization_M,0.09429121802280022,8.0,0.0
LR,107,26,False,KernelSHAP,ionization_Mprime,0.01046705269047475,13.0,0.0
LR,107,26,False,KernelSHAP,radius_M,0.0916081902664096,9.0,0.0
LR,107,26,False,KernelSHAP,radius_Mprime,0.0008285362059834432,14.0,0.0
LR,107,26,False,KernelSHAP,oxide_enthalpy_M,0.20373146728404132,2.0,1.0
LR,107,26,False,KernelSHAP,oxide_enthalpy_Mprime,0.16893911276371723,4.0,0.0
LR,107,26,False,KernelSHAP,mixing_enthalpy,0.0994879738905685,6.0,0.0
LR,107,26,False,KernelSHAP,sublimation_M,0.06917461105209431,10.0,0.0
LR,107,26,False,KernelSHAP,sublimation_Mprime,0.13160670074723568,5.0,0.0
LR,107,26,False,KernelSHAP,surface_energy_M,0.5303550352047784,1.0,1.0
LR,107,26,False,KernelSHAP,electron_density_M,0.17192631756212498,3.0,1.0
LR,107,26,False,KernelSHAP,oxide_bandgap,0.036256441027591575,12.0,0.0
RF,107,26,False,PFI,electronegativity_M,0.0012315627106124364,9.0,0.0
RF,107,26,False,PFI,electronegativity_Mprime,-0.003753883049943401,13.0,0.0
RF,107,26,False,PFI,ionization_M,0.0028084020796326262,6.0,0.0
RF,107,26,False,PFI,ionization_Mprime,-0.0016265993373806016,12.0,0.0
RF,107,26,False,PFI,radius_M,0.0023383544838817345,7.0,0.0
RF,107,26,False,PFI,radius_Mprime,0.001253790099995916,8.0,0.0
RF,107,26,False,PFI,oxide_enthalpy_M,0.027189232894279613,2.0,1.0
RF,107,26,False,PFI,oxide_enthalpy_Mprime,0.00767475602123029,5.0,0.0
RF,107,26,False,PFI,mixing_enthalpy,0.010217572013100166,4.0,0.0
RF,107,26,False,PFI,sublimation_M,0.013592139980952433,3.0,1.0
RF,107,26,False,PFI,sublimation_Mprime,-0.006230930386492622,14.0,0.0
RF,107,26,False,PFI,surface_energy_M,0.07490050660222466,1.0,1.0
RF,107,26,False,PFI,electron_density_M,-0.0008819530600625287,11.0,0.0
RF,107,26,False,PFI,oxide_bandgap,-0.00025626717472895154,10.0,0.0
RF,107,26,False,KernelSHAP,electronegativity_M,0.016826123558983185,10.0,0.0
RF,107,26,False,KernelSHAP,electronegativity_Mprime,0.02713102409206778,8.0,0.0
RF,107,26,False,KernelSHAP,ionization_M,0.015304632274374995,11.0,0.0
RF,107,26,False,KernelSHAP,ionization_Mprime,0.008610254409652955,14.0,0.0
RF,107,26,False,KernelSHAP,radius_M,0.05009284273072085,5.0,0.0
RF,107,26,False,KernelSHAP,radius_Mprime,0.014753663380378732,13.0,0.0
RF,107,26,False,KernelSHAP,oxide_enthalpy_M,0.07709424587700636,3.0,1.0
RF,107,26,False,KernelSHAP,oxide_enthalpy_Mprime,0.051830446385516656,4.0,0.0
RF,107,26,False,KernelSHAP,mixing_enthalpy,0.025976423730537792,9.0,0.0
RF,107,26,False,KernelSHAP,sublimation_M,0.09919370996589648,2.0,1.0
RF,107,26,False,KernelSHAP,sublimation_Mprime,0.01485869972763509,12.0,0.0
RF,107,26,False,KernelSHAP,surface_energy_M,0.19475691762938027,1.0,1.0
RF,107,26,False,KernelSHAP,electron_density_M,0.03971691814269328,7.0,0.0
RF,107,26,False,KernelSHAP,oxide_bandgap,0.04247899722421225,6.0,0.0
SVR,107,26,False,PFI,electronegativity_M,0.0217061309790365,5.0,0.0
SVR,107,26,False,PFI,electronegativity_Mprime,0.01471581646683114,7.0,0.0
SVR,107,26,False,PFI,ionization_M,0.006093610014071677,12.0,0.0
SVR,107,26,False,PFI,ionization_Mprime,0.010522002211054734,10.0,0.0
SVR,107,26,False,PFI,radius_M,0.02679675213675066,4.0,0.0
SVR,107,26,False,PFI,radius_Mprime,0.01594451597522062,6.0,0.0
SVR,107,26,False,PFI,oxide_enthalpy_M,0.1090045628762374,2.0,1.0
SVR,107,26,False,PFI,oxide_enthalpy_Mprime,0.02966625786017548,3.0,1.0
SVR,107,26,False,PFI,mixing_enthalpy,0.012132330045280141,8.0,0.0
SVR,107,26,False,PFI,sublimation_M,0.011482064164663457,9.0,0.0
SVR,107,26,False,PFI,sublimation_Mprime,0.004547339641520451,14.0,0.0
SVR,107,26,False,PFI,surface_energy_M,0.2193773769091803,1.0,1.0
SVR,107,26,False,PFI,electron_density_M,0.004990211242070005,13.0,0.0
SVR,107,26,False,PFI,oxide_bandgap,0.008490168412274651,11.0,0.0
SVR,107,26,False,KernelSHAP,electronegativity_M,0.08384715543358638,5.0,0.0
SVR,107,26,False,KernelSHAP,electronegativity_Mprime,0.05014110062613486,9.0,0.0
SVR,107,26,False,KernelSHAP,ionization_M,0.06664925420966043,8.0,0.0
SVR,107,26,False,KernelSHAP,ionization_Mprime,0.021105856536231322,13.0,0.0
SVR,107,26,False,KernelSHAP,radius_M,0.07483836224860899,6.0,0.0
SVR,107,26,False,KernelSHAP,radius_Mprime,0.06924114793508812,7.0,0.0
SVR,107,26,False,KernelSHAP,oxide_enthalpy_M,0.18868764606705585,2.0,1.0
SVR,107,26,False,KernelSHAP,oxide_enthalpy_Mprime,0.08988890925190579,3.0,1.0
SVR,107,26,False,KernelSHAP,mixing_enthalpy,0.04679769653203264,10.0,0.0
SVR,107,26,False,KernelSHAP,sublimation_M,0.08431122272457788,4.0,0.0
SVR,107,26,False,KernelSHAP,sublimation_Mprime,0.03651675603735267,12.0,0.0
SVR,107,26,False,KernelSHAP,surface_energy_M,0.33377381398540895,1.0,1.0
SVR,107,26,False,KernelSHAP,electron_density_M,0.01779608322247429,14.0,0.0
SVR,107,26,False,KernelSHAP,oxide_bandgap,0.04490841780137226,11.0,0.0
GBRT,107,27,False,PFI,electronegativity_M,0.0043015709384590485,10.0,0.0
GBRT,107,27,False,PFI,electronegativity_Mprime,0.005350033386467638,8.0,0.0
GBRT,107,27,False,PFI,ionization_M,0.0013864926493719692,12.0,0.0
GBRT,107,27,False,PFI,ionization_Mprime,0.0012540392729896424,13.0,0.0
GBRT,107,27,False,PFI,radius_M,0.011633630815503924,5.0,0.0
GBRT,107,27,False,PFI,radius_Mprime,0.0014593108629757975,11.0,0.0
GBRT,107,27,False,PFI,oxide_enthalpy_M,0.030937048129322426,3.0,1.0
GBRT,107,27,False,PFI,oxide_enthalpy_Mprime,0.004919173191348155,9.0,0.0
GBRT,107,27,False,PFI,mixing_enthalpy,0.00886513534642951,6.0,0.0
GBRT,107,27,False,PFI,sublimation_M,0.043327895449693704,2.0,1.0
GBRT,107,27,False,PFI,sublimation_Mprime,-0.00047547648867636745,14.0,0.0
GBRT,107,27,False,PFI,surface_energy_M,0.1617666407600473,1.0,1.0
GBRT,107,27,False,PFI,electron_density_M,0.0062809960983001845,7.0,0.0
GBRT,107,27,False,PFI,oxide_bandgap,0.018683929701640022,4.0,0.0
GBRT,107,27,False,KernelSHAP,electronegativity_M,0.02112574887153154,9.0,0.0
GBRT,107,27,False,KernelSHAP,electronegativity_Mprime,0.04518314651730893,7.0,0.0
GBRT,107,27,False,KernelSHAP,ionization_M,0.011026967046447563,12.0,0.0
GBRT,107,27,False,KernelSHAP,ionization_Mprime,0.00753338216781486,14.0,0.0
GBRT,107,27,False,KernelSHAP,radius_M,0.020131028061370595,10.0,0.0
GBRT,107,27,False,KernelSHAP,radius_Mprime,0.02791303459535414,8.0,0.0
GBRT,107,27,False,KernelSHAP,oxide_enthalpy_M,0.08430439216738905,3.0,1.0
GBRT,107,27,False,KernelSHAP,oxide_enthalpy_Mprime,0.07066218601732609,4.0,0.0
GBRT,107,27,False,KernelSHAP,mixing_enthalpy,0.059034254138107575,6.0,0.0
GBRT,107,27,False,KernelSHAP,sublimation_M,0.1319678287557585,2.0,1.0
GBRT,107,27,False,KernelSHAP,sublimation_Mprime,0.009022176611675882,13.0,0.0
GBRT,107,27,False,KernelSHAP,surface_energy_M,0.21334055766139073,1.0,1.0
GBRT,107,27,False,KernelSHAP,electron_density_M,0.01177983626523608,11.0,0.0
GBRT,107,27,False,KernelSHAP,oxide_bandgap,0.06435200649136265,5.0,0.0
LR,107,27,False,PFI,electronegativity_M,0.0015568956228150942,14.0,0.0
LR,107,27,False,PFI,electronegativity_Mprime,0.01282250014757628,13.0,0.0
LR,107,27,False,PFI,ionization_M,0.025412493919958028,11.0,0.0
LR,107,27,False,PFI,ionization_Mprime,0.01841957611688484,12.0,0.0
LR,107,27,False,PFI,radius_M,0.042255014529381504,6.0,0.0
LR,107,27,False,PFI,radius_Mprime,0.07123907874066741,5.0,0.0
LR,107,27,False,PFI,oxide_enthalpy_M,0.09835993086427898,3.0,1.0
LR,107,27,False,PFI,oxide_enthalpy_Mprime,0.08604848742487431,4.0,0.0
LR,107,27,False,PFI,mixing_enthalpy,0.02834822675068214,8.0,0.0
LR,107,27,False,PFI,sublimation_M,0.026106116651105828,10.0,0.0
LR,107,27,False,PFI,sublimation_Mprime,0.02673604115507273,9.0,0.0
LR,107,27,False,PFI,surface_energy_M,0.7723998871398223,1.0,1.0
LR,107,27,False,PFI,electron_density_M,0.20175549408558377,2.0,1.0
LR,107,27,False,PFI,oxide_bandgap,0.032246521712370156,7.0,0.0
LR,107,27,False,KernelSHAP,electronegativity_M,0.039152783494130546,14.0,0.0
LR,107,27,False,KernelSHAP,electronegativity_Mprime,0.05666371180162214,13.0,0.0
LR,107,27,False,KernelSHAP,ionization_M,0.09035715360360431,10.0,0.0
LR,107,27,False,KernelSHAP,ionization_Mprime,0.0578765626273245,12.0,0.0
LR,107,27,False,KernelSHAP,radius_M,0.12046265250107448,7.0,0.0
LR,107,27,False,KernelSHAP,radius_Mprime,0.1878817931219985,5.0,0.0
LR,107,27,False,KernelSHAP,oxide_enthalpy_M,0.19623419011208865,3.0,1.0
LR,107,27,False,KernelSHAP,oxide_enthalpy_Mprime,0.18998863391996668,4.0,0.0
LR,107,27,False,KernelSHAP,mixing_enthalpy,0.07205521565542192,11.0,0.0
LR,107,27,False,KernelSHAP,sublimation_M,0.10628282575276751,8.0,0.0
LR,107,27,False,KernelSHAP,sublimation_Mprime,0.14073739185525638,6.0,0.0
LR,107,27,False,KernelSHAP,surface_energy_M,0.5899208249648387,1.0,1.0
LR,107,27,False,KernelSHAP,electron_density_M,0.24995528170058334,2.0,1.0
LR,107,27,False,KernelSHAP,oxide_bandgap,0.0925696656100858,9.0,0.0
RF,107,27,False,PFI,electronegativity_M,0.002181544885118119,10.0,0.0
RF,107,27,False,PFI,electronegativity_Mprime,0.0075887528564928634,6.0,0.0
RF,107,27,False,PFI,ionization_M,0.0006688745838288891,11.0,0.0
RF,107,27,False,PFI,ionization_Mprime,0.003514591553116139,8.0,0.0
RF,107,27,False,PFI,radius_M,0.016594248199060194,4.0,0.0
RF,107,27,False,PFI,radius_Mprime,0.0005628697661882895,12.0,0.0
RF,107,27,False,PFI,oxide_enthalpy_M,0.024078680922268943,2.0,1.0
RF,107,27,False,PFI,oxide_enthalpy_Mprime,0.0005610463580976444,13.0,0.0
RF,107,27,False,PFI,mixing_enthalpy,0.00350334649990619,9.0,0.0
RF,107,27,False,PFI,sublimation_M,0.02332133698645152,3.0,1.0
RF,107,27,False,PFI,sublimation_Mprime,-0.0004727009571544344,14.0,0.0
RF,107,27,False,PFI,surface_energy_M,0.07547127111024986,1.0,1.0
RF,107,27,False,PFI,electron_density_M,0.005825154431363883,7.0,0.0
RF,107,27,False,PFI,oxide_bandgap,0.01639226721274631,5.0,0.0
RF,107,27,False,KernelSHAP,electronegativity_M,0.03596498714708389,8.0,0.0
RF,107,27,False,KernelSHAP,electronegativity_Mprime,0.0363290056874407,7.0,0.0
RF,107,27,False,KernelSHAP,ionization_M,0.00883083617599844,14.0,0.0
RF,107,27,False,KernelSHAP,ionization_Mprime,0.009527364477206087,12.0,0.0
RF,107,27,False,KernelSHAP,radius_M,0.04759707653070384,6.0,0.0
RF,107,27,False,KernelSHAP,radius_Mprime,0.020465927250466965,10.0,0.0
RF,107,27,False,KernelSHAP,oxide_enthalpy_M,0.06454993288193128,3.0,1.0
RF,107,27,False,KernelSHAP,oxide_enthalpy_Mprime,0.03204049840140502,9.0,0.0
RF,107,27,False,KernelSHAP,mixing_enthalpy,0.017014461336067217,11.0,0.0
RF,107,27,False,KernelSHAP,sublimation_M,0.08778159734024833,2.0,1.0
RF,107,27,False,KernelSHAP,sublimation_Mprime,0.009011894010559542,13.0,0.0
RF,107,27,False,KernelSHAP,surface_energy_M,0.14660450770097788,1.0,1.0
RF,107,27,False,KernelSHAP,electron_density_M,0.05380546009194184,4.0,0.0
RF,107,27,False,KernelSHAP,oxide_bandgap,0.05326299381580532,5.0,0.0
SVR,107,27,False,PFI,electronegativity_M,0.025332979047594514,7.0,0.0
SVR,107,27,False,PFI,electronegativity_Mprime,0.009425510260378194,13.0,0.0
SVR,107,27,False,PFI,ionization_M,0.010447323311700788,12.0,0.0
SVR,107,27,False,PFI,ionization_Mprime,0.022737858534836543,8.0,0.0
SVR,107,27,False,PFI,radius_M,0.03653713573787208,3.0,1.0
SVR,107,27,False,PFI,radius_Mprime,0.03387542782765637,4.0,0.0
SVR,107,27,False,PFI,oxide_enthalpy_M,0.12750612337693937,2.0,1.0
SVR,107,27,False,PFI,oxide_enthalpy_Mprime,0.02649633528530102,6.0,0.0
SVR,107,27,False,PFI,mixing_enthalpy,0.004280138999081462,14.0,0.0
SVR,107,27,False,PFI,sublimation_M,0.029548300549840683,5.0,0.0
SVR,107,27,False,PFI,sublimation_Mprime,0.013431487595480273,11.0,0.0
SVR,107,27,False,PFI,surface_energy_M,0.3256269039174464,1.0,1.0
SVR,107,27,False,PFI,electron_density_M,0.015049940580187254,10.0,0.0
SVR,107,27,False,PFI,oxide_bandgap,0.02092358065840163,9.0,0.0
SVR,107,27,False,KernelSHAP,electronegativity_M,0.07620723152066534,7.0,0.0
SVR,107,27,False,KernelSHAP,electronegativity_Mprime,0.032471768547640195,13.0,0.0
SVR,107,27,False,KernelSHAP,ionization_M,0.06490931457350346,8.0,0.0
SVR,107,27,False,KernelSHAP,ionization_Mprime,0.038068447601456834,12.0,0.0
SVR,107,27,False,KernelSHAP,radius_M,0.12081776225882979,4.0,0.0
SVR,107,27,False,KernelSHAP,radius_Mprime,0.13743993395944032,3.0,1.0
SVR,107,27,False,KernelSHAP,oxide_enthalpy_M,0.19832863838362258,2.0,1.0
SVR,107,27,False,KernelSHAP,oxide_enthalpy_Mprime,0.11161428526181322,5.0,0.0
SVR,107,27,False,KernelSHAP,mixing_enthalpy,0.028192251745709298,14.0,0.0
SVR,107,27,False,KernelSHAP,sublimation_M,0.10479905901898186,6.0,0.0
SVR,107,27,False,KernelSHAP,sublimation_Mprime,0.05854584332684662,10.0,0.0
SVR,107,27,False,KernelSHAP,surface_energy_M,0.3607255053881349,1.0,1.0
SVR,107,27,False,KernelSHAP,electron_density_M,0.05615191310335737,11.0,0.0
SVR,107,27,False,KernelSHAP,oxide_bandgap,0.05935936295597853,9.0,0.0
GBRT,107,28,False,PFI,electronegativity_M,0.004259730681677389,10.0,0.0
GBRT,107,28,False,PFI,electronegativity_Mprime,0.0047599874134883115,9.0,0.0
GBRT,107,28,False,PFI,ionization_M,0.0017270315874856955,12.0,0.0
GBRT,107,28,False,PFI,ionization_Mprime,0.002707759321837923,11.0,0.0
GBRT,107,28,False,PFI,radius_M,0.00617626351243063,8.0,0.0
GBRT,107,28,False,PFI,radius_Mprime,0.0064217328873929355,7.0,0.0
GBRT,107,28,False,PFI,oxide_enthalpy_M,0.05088932294254655,3.0,1.0
GBRT,107,28,False,PFI,oxide_enthalpy_Mprime,0.0012938211619813933,13.0,0.0
GBRT,107,28,False,PFI,mixing_enthalpy,0.011680830185428308,6.0,0.0
GBRT,107,28,False,PFI,sublimation_M,0.07082871448106848,2.0,1.0
GBRT,107,28,False,PFI,sublimation_Mprime,-0.0023800761111972724,14.0,0.0
GBRT,107,28,False,PFI,surface_energy_M,0.09199071416083487,1.0,1.0
GBRT,107,28,False,PFI,electron_density_M,0.023313524792385465,5.0,0.0
GBRT,107,28,False,PFI,oxide_bandgap,0.026124962715681533,4.0,0.0
GBRT,107,28,False,KernelSHAP,electronegativity_M,0.02888707085502353,9.0,0.0
GBRT,107,28,False,KernelSHAP,electronegativity_Mprime,0.03693208475577391,8.0,0.0
GBRT,107,28,False,KernelSHAP,ionization_M,0.01159593910595564,14.0,0.0
GBRT,107,28,False,KernelSHAP,ionization_Mprime,0.015182868170949528,13.0,0.0
GBRT,107,28,False,KernelSHAP,radius_M,0.016166410942386727,12.0,0.0
GBRT,107,28,False,KernelSHAP,radius_Mprime,0.023793766072958827,11.0,0.0
GBRT,107,28,False,KernelSHAP,oxide_enthalpy_M,0.10941901748764342,3.0,1.0
GBRT,107,28,False,KernelSHAP,oxide_enthalpy_Mprime,0.0635039058394113,5.0,0.0
GBRT,107,28,False,KernelSHAP,mixing_enthalpy,0.04282757143316674,7.0,0.0
GBRT,107,28,False,KernelSHAP,sublimation_M,0.22472230025199436,2.0,1.0
GBRT,107,28,False,KernelSHAP,sublimation_Mprime,0.02468254623682304,10.0,0.0
GBRT,107,28,False,KernelSHAP,surface_energy_M,0.23814179302547053,1.0,1.0
GBRT,107,28,False,KernelSHAP,electron_density_M,0.044097808682010096,6.0,0.0
GBRT,107,28,False,KernelSHAP,oxide_bandgap,0.0930430007712856,4.0,0.0
LR,107,28,False,PFI,electronegativity_M,0.009781390152570355,11.0,0.0
LR,107,28,False,PFI,electronegativity_Mprime,0.004438982627227975,14.0,0.0
LR,107,28,False,PFI,ionization_M,0.02153159295562319,8.0,0.0
LR,107,28,False,PFI,ionization_Mprime,0.022064044643141788,7.0,0.0
LR,107,28,False,PFI,radius_M,0.038696622192086146,6.0,0.0
LR,107,28,False,PFI,radius_Mprime,0.007564852139784213,12.0,0.0
LR,107,28,False,PFI,oxide_enthalpy_M,0.10005289686804948,3.0,1.0
LR,107,28,False,PFI,oxide_enthalpy_Mprime,0.07415623390917529,4.0,0.0
LR,107,28,False,PFI,mixing_enthalpy,0.055105489474718036,5.0,0.0
LR,107,28,False,PFI,sublimation_M,0.01007935904591603,10.0,0.0
LR,107,28,False,PFI,sublimation_Mprime,0.006254076104175225,13.0,0.0
LR,107,28,False,PFI,surface_energy_M,0.6917356905080801,1.0,1.0
LR,107,28,False,PFI,electron_density_M,0.13248686503245238,2.0,1.0
LR,107,28,False,PFI,oxide_bandgap,0.021003861775190136,9.0,0.0
LR,107,28,False,KernelSHAP,electronegativity_M,0.06019918973436204,14.0,0.0
LR,107,28,False,KernelSHAP,electronegativity_Mprime,0.10766317276035064,7.0,0.0
LR,107,28,False,KernelSHAP,ionization_M,0.09260044785028579,8.0,0.0
LR,107,28,False,KernelSHAP,ionization_Mprime,0.07203097610242484,12.0,0.0
LR,107,28,False,KernelSHAP,radius_M,0.11470976096329334,5.0,0.0
LR,107,28,False,KernelSHAP,radius_Mprime,0.07890521983735835,11.0,0.0
LR,107,28,False,KernelSHAP,oxide_enthalpy_M,0.18089808559037382,4.0,0.0
LR,107,28,False,KernelSHAP,oxide_enthalpy_Mprime,0.18291513546119836,3.0,1.0
LR,107,28,False,KernelSHAP,mixing_enthalpy,0.10883059547499262,6.0,0.0
LR,107,28,False,KernelSHAP,sublimation_M,0.0626616065631862,13.0,0.0
LR,107,28,False,KernelSHAP,sublimation_Mprime,0.09183439069777016,9.0,0.0
LR,107,28,False,KernelSHAP,surface_energy_M,0.5647225379646701,1.0,1.0
LR,107,28,False,KernelSHAP,electron_density_M,0.1905148085130057,2.0,1.0
LR,107,28,False,KernelSHAP,oxide_bandgap,0.08094835102218087,10.0,0.0
RF,107,28,False,PFI,electronegativity_M,0.0019685265282954616,10.0,0.0
RF,107,28,False,PFI,electronegativity_Mprime,-0.0046504022528550916,14.0,0.0
RF,107,28,False,PFI,ionization_M,0.0012816764561279384,11.0,0.0
RF,107,28,False,PFI,ionization_Mprime,0.0036640989449416034,9.0,0.0
RF,107,28,False,PFI,radius_M,0.004497760533651716,6.0,0.0
RF,107,28,False,PFI,radius_Mprime,-0.000469238229534074,12.0,0.0
RF,107,28,False,PFI,oxide_enthalpy_M,0.03160809275605838,2.0,1.0
RF,107,28,False,PFI,oxide_enthalpy_Mprime,0.004097372179408732,7.0,0.0
RF,107,28,False,PFI,mixing_enthalpy,0.007286968990672978,5.0,0.0
RF,107,28,False,PFI,sublimation_M,0.043576395135973264,1.0,1.0
RF,107,28,False,PFI,sublimation_Mprime,-0.003343430193402569,13.0,0.0
RF,107,28,False,PFI,surface_energy_M,0.026206765164524772,3.0,1.0
RF,107,28,False,PFI,electron_density_M,0.003882007499515101,8.0,0.0
RF,107,28,False,PFI,oxide_bandgap,0.009827267027254295,4.0,0.0
RF,107,28,False,KernelSHAP,electronegativity_M,0.024872089874099165,10.0,0.0
RF,107,28,False,KernelSHAP,electronegativity_Mprime,0.03568454945367014,7.0,0.0
RF,107,28,False,KernelSHAP,ionization_M,0.009213097270672111,13.0,0.0
RF,107,28,False,KernelSHAP,ionization_Mprime,0.008960570269140926,14.0,0.0
RF,107,28,False,KernelSHAP,radius_M,0.029915830198123248,8.0,0.0
RF,107,28,False,KernelSHAP,radius_Mprime,0.02712702422247496,9.0,0.0
RF,107,28,False,KernelSHAP,oxide_enthalpy_M,0.07941718098428335,3.0,1.0
RF,107,28,False,KernelSHAP,oxide_enthalpy_Mprime,0.047946844746696124,5.0,0.0
RF,107,28,False,KernelSHAP,mixing_enthalpy,0.01660909211863605,11.0,0.0
RF,107,28,False,KernelSHAP,sublimation_M,0.16473519548805532,1.0,1.0
RF,107,28,False,KernelSHAP,sublimation_Mprime,0.016368087256749857,12.0,0.0
RF,107,28,False,KernelSHAP,surface_energy_M,0.13699341284192965,2.0,1.0
RF,107,28,False,KernelSHAP,electron_density_M,0.04379350980677702,6.0,0.0
RF,107,28,False,KernelSHAP,oxide_bandgap,0.07244701224744113,4.0,0.0
SVR,107,28,False,PFI,electronegativity_M,0.04240655882949609,5.0,0.0
SVR,107,28,False,PFI,electronegativity_Mprime,0.010821027718536073,9.0,0.0
SVR,107,28,False,PFI,ionization_M,0.003294344708930828,14.0,0.0
SVR,107,28,False,PFI,ionization_Mprime,0.010229186754367351,10.0,0.0
SVR,107,28,False,PFI,radius_M,0.07834951106234041,3.0,1.0
SVR,107,28,False,PFI,radius_Mprime,0.008962520851049106,13.0,0.0
SVR,107,28,False,PFI,oxide_enthalpy_M,0.13631794646128467,2.0,1.0
SVR,107,28,False,PFI,oxide_enthalpy_Mprime,0.028726953308095948,6.0,0.0
SVR,107,28,False,PFI,mixing_enthalpy,0.01518862838370865,8.0,0.0
SVR,107,28,False,PFI,sublimation_M,0.04345968239211649,4.0,0.0
SVR,107,28,False,PFI,sublimation_Mprime,0.009242888459105602,12.0,0.0
SVR,107,28,False,PFI,surface_energy_M,0.14009398073720705,1.0,1.0
SVR,107,28,False,PFI,electron_density_M,0.00925936186682254,11.0,0.0
SVR,107,28,False,PFI,oxide_bandgap,0.02253703486125952,7.0,0.0
SVR,107,28,False,KernelSHAP,electronegativity_M,0.09638898660220811,6.0,0.0
SVR,107,28,False,KernelSHAP,electronegativity_Mprime,0.0646004044066881,9.0,0.0
SVR,107,28,False,KernelSHAP,ionization_M,0.0485533296794742,12.0,0.0
SVR,107,28,False,KernelSHAP,ionization_Mprime,0.016548037613534645,14.0,0.0
SVR,107,28,False,KernelSHAP,radius_M,0.16452858234735362,3.0,1.0
SVR,107,28,False,KernelSHAP,radius_Mprime,0.05647995392896732,10.0,0.0
SVR,107,28,False,KernelSHAP,oxide_enthalpy_M,0.19090036490637008,2.0,1.0
SVR,107,28,False,KernelSHAP,oxide_enthalpy_Mprime,0.10378361697307213,5.0,0.0
SVR,107,28,False,KernelSHAP,mixing_enthalpy,0.050650644609909805,11.0,0.0
SVR,107,28,False,KernelSHAP,sublimation_M,0.12736672248338876,4.0,0.0
SVR,107,28,False,KernelSHAP,sublimation_Mprime,0.048065190043675626,13.0,0.0
SVR,107,28,False,KernelSHAP,surface_energy_M,0.26030366589727005,1.0,1.0
SVR,107,28,False,KernelSHAP,electron_density_M,0.07691821291085067,7.0,0.0
SVR,107,28,False,KernelSHAP,oxide_bandgap,0.07558869954679616,8.0,0.0
GBRT,107,29,False,PFI,electronegativity_M,0.009209355117394909,7.0,0.0
GBRT,107,29,False,PFI,electronegativity_Mprime,0.010015559815511126,6.0,0.0
GBRT,107,29,False,PFI,ionization_M,0.006768029515369473,10.0,0.0
GBRT,107,29,False,PFI,ionization_Mprime,0.0025924299602254185,11.0,0.0
GBRT,107,29,False,PFI,radius_M,0.01607801237485908,5.0,0.0
GBRT,107,29,False,PFI,radius_Mprime,0.007026712883882628,9.0,0.0
GBRT,107,29,False,PFI,oxide_enthalpy_M,0.05674673682823177,2.0,1.0
GBRT,107,29,False,PFI,oxide_enthalpy_Mprime,0.0019516961962664592,12.0,0.0
GBRT,107,29,False,PFI,mixing_enthalpy,0.008685744462995639,8.0,0.0
GBRT,107,29,False,PFI,sublimation_M,0.0170816412969003,4.0,0.0
GBRT,107,29,False,PFI,sublimation_Mprime,-0.002721793248520138,14.0,0.0
GBRT,107,29,False,PFI,surface_energy_M,0.20282259681703596,1.0,1.0
GBRT,107,29,False,PFI,electron_density_M,0.0005683889699096717,13.0,0.0
GBRT,107,29,False,PFI,oxide_bandgap,0.027598123085086055,3.0,1.0
GBRT,107,29,False,KernelSHAP,electronegativity_M,0.03495704791573927,8.0,0.0
GBRT,107,29,False,KernelSHAP,electronegativity_Mprime,0.06278918722664029,6.0,0.0
GBRT,107,29,False,KernelSHAP,ionization_M,0.025174376595582734,10.0,0.0
GBRT,107,29,False,KernelSHAP,ionization_Mprime,0.017361572592585646,12.0,0.0
GBRT,107,29,False,KernelSHAP,radius_M,0.01986890347499083,11.0,0.0
GBRT,107,29,False,KernelSHAP,radius_Mprime,0.025710998796745335,9.0,0.0
GBRT,107,29,False,KernelSHAP,oxide_enthalpy_M,0.08405073416257153,5.0,0.0
GBRT,107,29,False,KernelSHAP,oxide_enthalpy_Mprime,0.08571690782028045,4.0,0.0
GBRT,107,29,False,KernelSHAP,mixing_enthalpy,0.046292441200500696,7.0,0.0
GBRT,107,29,False,KernelSHAP,sublimation_M,0.13564787276329185,2.0,1.0
GBRT,107,29,False,KernelSHAP,sublimation_Mprime,0.01622129863817371,13.0,0.0
GBRT,107,29,False,KernelSHAP,surface_energy_M,0.28035570323339076,1.0,1.0
GBRT,107,29,False,KernelSHAP,electron_density_M,0.0027799164641725068,14.0,0.0
GBRT,107,29,False,KernelSHAP,oxide_bandgap,0.09649574044715246,3.0,1.0
LR,107,29,False,PFI,electronegativity_M,0.013834427893980983,11.0,0.0
LR,107,29,False,PFI,electronegativity_Mprime,-0.0029310603961314684,14.0,0.0
LR,107,29,False,PFI,ionization_M,0.029699179139514136,8.0,0.0
LR,107,29,False,PFI,ionization_Mprime,0.0027965480416098343,13.0,0.0
LR,107,29,False,PFI,radius_M,0.04443875336800006,5.0,0.0
LR,107,29,False,PFI,radius_Mprime,0.004631652626708533,12.0,0.0
LR,107,29,False,PFI,oxide_enthalpy_M,0.06897620718372952,3.0,1.0
LR,107,29,False,PFI,oxide_enthalpy_Mprime,0.06298717155783701,4.0,0.0
LR,107,29,False,PFI,mixing_enthalpy,0.04012205147503969,6.0,0.0
LR,107,29,False,PFI,sublimation_M,0.038015094004137114,7.0,0.0
LR,107,29,False,PFI,sublimation_Mprime,0.014598750625234027,9.0,0.0
LR,107,29,False,PFI,surface_energy_M,0.7261288507368177,1.0,1.0
LR,107,29,False,PFI,electron_density_M,0.2562196110254732,2.0,1.0
LR,107,29,False,PFI,oxide_bandgap,0.013877425609854515,10.0,0.0
LR,107,29,False,KernelSHAP,electronegativity_M,0.07243058621117689,11.0,0.0
LR,107,29,False,KernelSHAP,electronegativity_Mprime,0.05316023075647611,13.0,0.0
LR,107,29,False,KernelSHAP,ionization_M,0.10256975133806574,8.0,0.0
LR,107,29,False,KernelSHAP,ionization_Mprime,0.012426751542244974,14.0,0.0
LR,107,29,False,KernelSHAP,radius_M,0.11454135432587573,7.0,0.0
LR,107,29,False,KernelSHAP,radius_Mprime,0.07298014871270463,10.0,0.0
LR,107,29,False,KernelSHAP,oxide_enthalpy_M,0.14870361147182098,4.0,0.0
LR,107,29,False,KernelSHAP,oxide_enthalpy_Mprime,0.15676637783980285,3.0,1.0
LR,107,29,False,KernelSHAP,mixing_enthalpy,0.08500769438257506,9.0,0.0
LR,107,29,False,KernelSHAP,sublimation_M,0.13010254856285772,6.0,0.0
LR,107,29,False,KernelSHAP,sublimation_Mprime,0.13570147398733598,5.0,0.0
LR,107,29,False,KernelSHAP,surface_energy_M,0.5911764050031614,1.0,1.0
LR,107,29,False,KernelSHAP,electron_density_M,0.27032047914396135,2.0,1.0
LR,107,29,False,KernelSHAP,oxide_bandgap,0.06615534100127406,12.0,0.0
RF,107,29,False,PFI,electronegativity_M,0.004658988290525985,6.0,0.0
RF,107,29,False,PFI,electronegativity_Mprime,-0.003071034824762659,13.0,0.0
RF,107,29,False,PFI,ionization_M,0.00418632096792094,7.0,0.0
RF,107,29,False,PFI,ionization_Mprime,0.002861301371692375,8.0,0.0
RF,107,29,False,PFI,radius_M,0.0070466413092536906,5.0,0.0
RF,107,29,False,PFI,radius_Mprime,-0.00040726575432555013,11.0,0.0
RF,107,29,False,PFI,oxide_enthalpy_M,0.02017070363130955,3.0,1.0
RF,107,29,False,PFI,oxide_enthalpy_Mprime,0.00011529958299360173,10.0,0.0
RF,107,29,False,PFI,mixing_enthalpy,0.001342542533765596,9.0,0.0
RF,107,29,False,PFI,sublimation_M,0.02995249142874968,2.0,1.0
RF,107,29,False,PFI,sublimation_Mprime,-0.002229810521816208,12.0,0.0
RF,107,29,False,PFI,surface_energy_M,0.058064731095817654,1.0,1.0
RF,107,29,False,PFI,electron_density_M,-0.003462978478873271,14.0,0.0
RF,107,29,False,PFI,oxide_bandgap,0.012468987196412781,4.0,0.0
RF,107,29,False,KernelSHAP,electronegativity_M,0.04716971758912701,7.0,0.0
RF,107,29,False,KernelSHAP,electronegativity_Mprime,0.042674975310422664,8.0,0.0
RF,107,29,False,KernelSHAP,ionization_M,0.01909394924906736,11.0,0.0
RF,107,29,False,KernelSHAP,ionization_Mprime,0.010286071246049994,14.0,0.0
RF,107,29,False,KernelSHAP,radius_M,0.052642163076169375,5.0,0.0
RF,107,29,False,KernelSHAP,radius_Mprime,0.030762164622218122,10.0,0.0
RF,107,29,False,KernelSHAP,oxide_enthalpy_M,0.04928723567106844,6.0,0.0
RF,107,29,False,KernelSHAP,oxide_enthalpy_Mprime,0.0578808291288999,4.0,0.0
RF,107,29,False,KernelSHAP,mixing_enthalpy,0.01827120192511163,12.0,0.0
RF,107,29,False,KernelSHAP,sublimation_M,0.1276899559846583,2.0,1.0
RF,107,29,False,KernelSHAP,sublimation_Mprime,0.013018605711203175,13.0,0.0
RF,107,29,False,KernelSHAP,surface_energy_M,0.1697062944360115,1.0,1.0
RF,107,29,False,KernelSHAP,electron_density_M,0.04201111497093199,9.0,0.0
RF,107,29,False,KernelSHAP,oxide_bandgap,0.06739602333793174,3.0,1.0
SVR,107,29,False,PFI,electronegativity_M,0.030428380115154606,5.0,0.0
SVR,107,29,False,PFI,electronegativity_Mprime,0.012483941356172593,10.0,0.0
SVR,107,29,False,PFI,ionization_M,-0.0012138446965657946,14.0,0.0
SVR,107,29,False,PFI,ionization_Mprime,0.01245350716037848,11.0,0.0
SVR,107,29,False,PFI,radius_M,0.08355504733371082,3.0,1.0
SVR,107,29,False,PFI,radius_Mprime,0.02480968199097984,6.0,0.0
SVR,107,29,False,PFI,oxide_enthalpy_M,0.12488613843584358,2.0,1.0
SVR,107,29,False,PFI,oxide_enthalpy_Mprime,0.03447065453821449,4.0,0.0
SVR,107,29,False,PFI,mixing_enthalpy,0.020970454913419652,7.0,0.0
SVR,107,29,False,PFI,sublimation_M,0.01893373774313748,8.0,0.0
SVR,107,29,False,PFI,sublimation_Mprime,0.006865688247623836,12.0,0.0
SVR,107,29,False,PFI,surface_energy_M,0.2850905684391788,1.0,1.0
SVR,107,29,False,PFI,electron_density_M,0.004559603763190901,13.0,0.0
SVR,107,29,False,PFI,oxide_bandgap,0.016309420245595414,9.0,0.0
SVR,107,29,False,KernelSHAP,electronegativity_M,0.08572190134531665,7.0,0.0
SVR,107,29,False,KernelSHAP,electronegativity_Mprime,0.035355845817338145,11.0,0.0
SVR,107,29,False,KernelSHAP,ionization_M,0.023084952673627413,13.0,0.0
SVR,107,29,False,KernelSHAP,ionization_Mprime,0.014264728783461791,14.0,0.0
SVR,107,29,False,KernelSHAP,radius_M,0.16441298127046966,3.0,1.0
SVR,107,29,False,KernelSHAP,radius_Mprime,0.10067216971945069,5.0,0.0
SVR,107,29,False,KernelSHAP,oxide_enthalpy_M,0.17866840742429532,2.0,1.0
SVR,107,29,False,KernelSHAP,oxide_enthalpy_Mprime,0.09716084906072645,6.0,0.0
SVR,107,29,False,KernelSHAP,mixing_enthalpy,0.058733793957545584,10.0,0.0
SVR,107,29,False,KernelSHAP,sublimation_M,0.10860716922704271,4.0,0.0
SVR,107,29,False,KernelSHAP,sublimation_Mprime,0.06344625019182187,8.0,0.0
SVR,107,29,False,KernelSHAP,surface_energy_M,0.3628949389779824,1.0,1.0
SVR,107,29,False,KernelSHAP,electron_density_M,0.028982202196991175,12.0,0.0
SVR,107,29,False,KernelSHAP,oxide_bandgap,0.059816274773296096,9.0,0.0
GBRT,107,2,False,PFI,electronegativity_M,0.005524078732087343,8.0,0.0
GBRT,107,2,False,PFI,electronegativity_Mprime,0.0036443336855050148,9.0,0.0
GBRT,107,2,False,PFI,ionization_M,0.001866329352445424,11.0,0.0
GBRT,107,2,False,PFI,ionization_Mprime,0.002606754902054029,10.0,0.0
GBRT,107,2,False,PFI,radius_M,0.0014474563067961648,13.0,0.0
GBRT,107,2,False,PFI,radius_Mprime,0.0014810383534068175,12.0,0.0
GBRT,107,2,False,PFI,oxide_enthalpy_M,0.0672817344389259,2.0,1.0
GBRT,107,2,False,PFI,oxide_enthalpy_Mprime,0.008036304547834511,6.0,0.0
GBRT,107,2,False,PFI,mixing_enthalpy,0.008979146590969798,5.0,0.0
GBRT,107,2,False,PFI,sublimation_M,0.01651004153208469,3.0,1.0
GBRT,107,2,False,PFI,sublimation_Mprime,0.00012792053765698733,14.0,0.0
GBRT,107,2,False,PFI,surface_energy_M,0.2066299701396029,1.0,1.0
GBRT,107,2,False,PFI,electron_density_M,0.006247589927923776,7.0,0.0
GBRT,107,2,False,PFI,oxide_bandgap,0.014955018740950893,4.0,0.0
GBRT,107,2,False,KernelSHAP,electronegativity_M,0.041303138651113416,7.0,0.0
GBRT,107,2,False,KernelSHAP,electronegativity_Mprime,0.054218497511562797,6.0,0.0
GBRT,107,2,False,KernelSHAP,ionization_M,0.013400033693285643,12.0,0.0
GBRT,107,2,False,KernelSHAP,ionization_Mprime,0.02329764051721508,11.0,0.0
GBRT,107,2,False,KernelSHAP,radius_M,0.009860061491368886,14.0,0.0
GBRT,107,2,False,KernelSHAP,radius_Mprime,0.026954579826373795,9.0,0.0
GBRT,107,2,False,KernelSHAP,oxide_enthalpy_M,0.1345808034504682,2.0,1.0
GBRT,107,2,False,KernelSHAP,oxide_enthalpy_Mprime,0.08259724085737451,4.0,0.0
GBRT,107,2,False,KernelSHAP,mixing_enthalpy,0.040887553977634224,8.0,0.0
GBRT,107,2,False,KernelSHAP,sublimation_M,0.08989742578276146,3.0,1.0
GBRT,107,2,False,KernelSHAP,sublimation_Mprime,0.024321352954652986,10.0,0.0
GBRT,107,2,False,KernelSHAP,surface_energy_M,0.2731180233232399,1.0,1.0
GBRT,107,2,False,KernelSHAP,electron_density_M,0.010198514867372074,13.0,0.0
GBRT,107,2,False,KernelSHAP,oxide_bandgap,0.05581077538816605,5.0,0.0
LR,107,2,False,PFI,electronegativity_M,0.024317164270221032,9.0,0.0
LR,107,2,False,PFI,electronegativity_Mprime,-0.0006990735489774622,13.0,0.0
LR,107,2,False,PFI,ionization_M,0.027992468101291326,7.0,0.0
LR,107,2,False,PFI,ionization_Mprime,0.004956903147769906,12.0,0.0
LR,107,2,False,PFI,radius_M,0.034043807906236116,6.0,0.0
LR,107,2,False,PFI,radius_Mprime,-0.0029285450866854404,14.0,0.0
LR,107,2,False,PFI,oxide_enthalpy_M,0.09111755981919968,3.0,1.0
LR,107,2,False,PFI,oxide_enthalpy_Mprime,0.08030677037330555,4.0,0.0
LR,107,2,False,PFI,mixing_enthalpy,0.055166273441501684,5.0,0.0
LR,107,2,False,PFI,sublimation_M,0.025426299549504105,8.0,0.0
LR,107,2,False,PFI,sublimation_Mprime,0.021919750834444716,10.0,0.0
LR,107,2,False,PFI,surface_energy_M,0.5997183821401069,1.0,1.0
LR,107,2,False,PFI,electron_density_M,0.13288199119605587,2.0,1.0
LR,107,2,False,PFI,oxide_bandgap,0.006478320272905093,11.0,0.0
LR,107,2,False,KernelSHAP,electronegativity_M,0.087425460028833,11.0,0.0
LR,107,2,False,KernelSHAP,electronegativity_Mprime,0.09164399353076567,10.0,0.0
LR,107,2,False,KernelSHAP,ionization_M,0.11096304930343376,6.0,0.0
LR,107,2,False,KernelSHAP,ionization_Mprime,0.019960465788341205,14.0,0.0
LR,107,2,False,KernelSHAP,radius_M,0.10965906207884293,7.0,0.0
LR,107,2,False,KernelSHAP,radius_Mprime,0.05123941703747088,12.0,0.0
LR,107,2,False,KernelSHAP,oxide_enthalpy_M,0.1792220591715313,4.0,0.0
LR,107,2,False,KernelSHAP,oxide_enthalpy_Mprime,0.1912528873851491,3.0,1.0
LR,107,2,False,KernelSHAP,mixing_enthalpy,0.10507968552566689,8.0,0.0
LR,107,2,False,KernelSHAP,sublimation_M,0.09601621251680614,9.0,0.0
LR,107,2,False,KernelSHAP,sublimation_Mprime,0.13155175389058138,5.0,0.0
LR,107,2,False,KernelSHAP,surface_energy_M,0.5195946938694683,1.0,1.0
LR,107,2,False,KernelSHAP,electron_density_M,0.19714908329640166,2.0,1.0
LR,107,2,False,KernelSHAP,oxide_bandgap,0.031726994798376026,13.0,0.0
RF,107,2,False,PFI,electronegativity_M,0.0023673769936730232,9.0,0.0
RF,107,2,False,PFI,electronegativity_Mprime,-0.0001784327035417043,13.0,0.0
RF,107,2,False,PFI,ionization_M,0.0007453049994827203,11.0,0.0
RF,107,2,False,PFI,ionization_Mprime,-8.50072671995492e-05,12.0,0.0
RF,107,2,False,PFI,radius_M,0.02319916434163486,4.0,0.0
RF,107,2,False,PFI,radius_Mprime,-0.002352958489246986,14.0,0.0
RF,107,2,False,PFI,oxide_enthalpy_M,0.04401705050725842,2.0,1.0
RF,107,2,False,PFI,oxide_enthalpy_Mprime,0.003709726278763011,7.0,0.0
RF,107,2,False,PFI,mixing_enthalpy,0.007423128526445311,6.0,0.0
RF,107,2,False,PFI,sublimation_M,0.025908912786888623,3.0,1.0
RF,107,2,False,PFI,sublimation_Mprime,0.0018019313734075326,10.0,0.0
RF,107,2,False,PFI,surface_energy_M,0.07203732837255071,1.0,1.0
RF,107,2,False,PFI,electron_density_M,0.002496152822521941,8.0,0.0
RF,107,2,False,PFI,oxide_bandgap,0.009595370015345448,5.0,0.0
RF,107,2,False,KernelSHAP,electronegativity_M,0.02115745134192183,10.0,0.0
RF,107,2,False,KernelSHAP,electronegativity_Mprime,0.05508585482395053,4.0,0.0
RF,107,2,False,KernelSHAP,ionization_M,0.009361486690189652,14.0,0.0
RF,107,2,False,KernelSHAP,ionization_Mprime,0.010062867203752941,13.0,0.0
RF,107,2,False,KernelSHAP,radius_M,0.05491976994095715,5.0,0.0
RF,107,2,False,KernelSHAP,radius_Mprime,0.028983864856205577,8.0,0.0
RF,107,2,False,KernelSHAP,oxide_enthalpy_M,0.10797931779154986,2.0,1.0
RF,107,2,False,KernelSHAP,oxide_enthalpy_Mprime,0.03605588142388133,7.0,0.0
RF,107,2,False,KernelSHAP,mixing_enthalpy,0.026949721334730944,9.0,0.0
RF,107,2,False,KernelSHAP,sublimation_M,0.10321254699104519,3.0,1.0
RF,107,2,False,KernelSHAP,sublimation_Mprime,0.012066723604886946,12.0,0.0
RF,107,2,False,KernelSHAP,surface_energy_M,0.15375793186303355,1.0,1.0
RF,107,2,False,KernelSHAP,electron_density_M,0.02055776849800202,11.0,0.0
RF,107,2,False,KernelSHAP,oxide_bandgap,0.041363096139482886,6.0,0.0
SVR,107,2,False,PFI,electronegativity_M,0.05917282881618769,3.0,1.0
SVR,107,2,False,PFI,electronegativity_Mprime,0.02052477146343174,7.0,0.0
SVR,107,2,False,PFI,ionization_M,0.014405880301663,11.0,0.0
SVR,107,2,False,PFI,ionization_Mprime,0.018886852769260647,8.0,0.0
SVR,107,2,False,PFI,radius_M,0.05649799346034445,4.0,0.0
SVR,107,2,False,PFI,radius_Mprime,0.004811460685266046,14.0,0.0
SVR,107,2,False,PFI,oxide_enthalpy_M,0.13061582397663196,2.0,1.0
SVR,107,2,False,PFI,oxide_enthalpy_Mprime,0.03470799184811895,6.0,0.0
SVR,107,2,False,PFI,mixing_enthalpy,0.01689762651514898,10.0,0.0
SVR,107,2,False,PFI,sublimation_M,0.05205136040536786,5.0,0.0
SVR,107,2,False,PFI,sublimation_Mprime,0.01725396593573451,9.0,0.0
SVR,107,2,False,PFI,surface_energy_M,0.22523278446284817,1.0,1.0
SVR,107,2,False,PFI,electron_density_M,0.007184436171386386,12.0,0.0
SVR,107,2,False,PFI,oxide_bandgap,0.006559799923787607,13.0,0.0
SVR,107,2,False,KernelSHAP,electronegativity_M,0.10897899201213392,6.0,0.0
SVR,107,2,False,KernelSHAP,electronegativity_Mprime,0.05597309597558045,9.0,0.0
SVR,107,2,False,KernelSHAP,ionization_M,0.08348348402218003,7.0,0.0
SVR,107,2,False,KernelSHAP,ionization_Mprime,0.02591609862869386,12.0,0.0
SVR,107,2,False,KernelSHAP,radius_M,0.15605177638583478,3.0,1.0
SVR,107,2,False,KernelSHAP,radius_Mprime,0.049381692358882456,11.0,0.0
SVR,107,2,False,KernelSHAP,oxide_enthalpy_M,0.2086124796825031,2.0,1.0
SVR,107,2,False,KernelSHAP,oxide_enthalpy_Mprime,0.12417121492736248,4.0,0.0
SVR,107,2,False,KernelSHAP,mixing_enthalpy,0.0530394642099317,10.0,0.0
SVR,107,2,False,KernelSHAP,sublimation_M,0.11563212384067717,5.0,0.0
SVR,107,2,False,KernelSHAP,sublimation_Mprime,0.06696562752873901,8.0,0.0
SVR,107,2,False,KernelSHAP,surface_energy_M,0.28802447421408833,1.0,1.0
SVR,107,2,False,KernelSHAP,electron_density_M,0.013873651662951656,14.0,0.0
SVR,107,2,False,KernelSHAP,oxide_bandgap,0.020813586325717788,13.0,0.0
GBRT,107,3,False,PFI,electronegativity_M,0.0012432963176278434,11.0,0.0
GBRT,107,3,False,PFI,electronegativity_Mprime,-0.0024848332905146914,12.0,0.0
GBRT,107,3,False,PFI,ionization_M,0.0021952215727483555,9.0,0.0
GBRT,107,3,False,PFI,ionization_Mprime,0.003431643501819904,8.0,0.0
GBRT,107,3,False,PFI,radius_M,-0.009857518284631472,14.0,0.0
GBRT,107,3,False,PFI,radius_Mprime,0.0043969071307824,7.0,0.0
GBRT,107,3,False,PFI,oxide_enthalpy_M,0.03896840418783498,2.0,1.0
GBRT,107,3,False,PFI,oxide_enthalpy_Mprime,0.0015109102118094227,10.0,0.0
GBRT,107,3,False,PFI,mixing_enthalpy,0.018380927779110948,5.0,0.0
GBRT,107,3,False,PFI,sublimation_M,0.0650695883945513,1.0,1.0
GBRT,107,3,False,PFI,sublimation_Mprime,-0.0028768078423815043,13.0,0.0
GBRT,107,3,False,PFI,surface_energy_M,0.03576807713333223,3.0,1.0
GBRT,107,3,False,PFI,electron_density_M,0.011479888527268953,6.0,0.0
GBRT,107,3,False,PFI,oxide_bandgap,0.025622970107756344,4.0,0.0
GBRT,107,3,False,KernelSHAP,electronegativity_M,0.011666810753766606,13.0,0.0
GBRT,107,3,False,KernelSHAP,electronegativity_Mprime,0.03544596424658472,7.0,0.0
GBRT,107,3,False,KernelSHAP,ionization_M,0.018131035097337593,12.0,0.0
GBRT,107,3,False,KernelSHAP,ionization_Mprime,0.020435542068910094,11.0,0.0
GBRT,107,3,False,KernelSHAP,radius_M,0.035004971908455744,8.0,0.0
GBRT,107,3,False,KernelSHAP,radius_Mprime,0.033428808914685054,9.0,0.0
GBRT,107,3,False,KernelSHAP,oxide_enthalpy_M,0.08021500563937468,4.0,0.0
GBRT,107,3,False,KernelSHAP,oxide_enthalpy_Mprime,0.06605162706935036,5.0,0.0
GBRT,107,3,False,KernelSHAP,mixing_enthalpy,0.046772470862968665,6.0,0.0
GBRT,107,3,False,KernelSHAP,sublimation_M,0.21711986994469892,1.0,1.0
GBRT,107,3,False,KernelSHAP,sublimation_Mprime,0.010467967570847772,14.0,0.0
GBRT,107,3,False,KernelSHAP,surface_energy_M,0.17787007820300837,2.0,1.0
GBRT,107,3,False,KernelSHAP,electron_density_M,0.02540567414947034,10.0,0.0
GBRT,107,3,False,KernelSHAP,oxide_bandgap,0.11746432345353508,3.0,1.0
LR,107,3,False,PFI,electronegativity_M,0.0037253614359891744,8.0,0.0
LR,107,3,False,PFI,electronegativity_Mprime,-0.006370707825415037,13.0,0.0
LR,107,3,False,PFI,ionization_M,-0.001301195408488605,12.0,0.0
LR,107,3,False,PFI,ionization_Mprime,0.013764712607723053,5.0,0.0
LR,107,3,False,PFI,radius_M,0.0015622726001063838,10.0,0.0
LR,107,3,False,PFI,radius_Mprime,0.0025795241111899337,9.0,0.0
LR,107,3,False,PFI,oxide_enthalpy_M,0.20848406439528752,2.0,1.0
LR,107,3,False,PFI,oxide_enthalpy_Mprime,0.05774782279232135,3.0,1.0
LR,107,3,False,PFI,mixing_enthalpy,0.0012239837376092886,11.0,0.0
LR,107,3,False,PFI,sublimation_M,0.016136091355946878,4.0,0.0
LR,107,3,False,PFI,sublimation_Mprime,0.005849542136604546,7.0,0.0
LR,107,3,False,PFI,surface_energy_M,0.329105759457846,1.0,1.0
LR,107,3,False,PFI,electron_density_M,-0.008291162205364081,14.0,0.0
LR,107,3,False,PFI,oxide_bandgap,0.011095635061968786,6.0,0.0
LR,107,3,False,KernelSHAP,electronegativity_M,0.029318979595221104,12.0,0.0
LR,107,3,False,KernelSHAP,electronegativity_Mprime,0.04428867150004759,10.0,0.0
LR,107,3,False,KernelSHAP,ionization_M,0.05618086321731847,8.0,0.0
LR,107,3,False,KernelSHAP,ionization_Mprime,0.039276581691972144,11.0,0.0
LR,107,3,False,KernelSHAP,radius_M,0.010963318850980277,13.0,0.0
LR,107,3,False,KernelSHAP,radius_Mprime,0.06353039385270018,6.0,0.0
LR,107,3,False,KernelSHAP,oxide_enthalpy_M,0.25097000028989047,2.0,1.0
LR,107,3,False,KernelSHAP,oxide_enthalpy_Mprime,0.1720315595370121,3.0,1.0
LR,107,3,False,KernelSHAP,mixing_enthalpy,0.004314149965837254,14.0,0.0
LR,107,3,False,KernelSHAP,sublimation_M,0.059048230658882664,7.0,0.0
LR,107,3,False,KernelSHAP,sublimation_Mprime,0.10255243010622135,4.0,0.0
LR,107,3,False,KernelSHAP,surface_energy_M,0.4134688807365329,1.0,1.0
LR,107,3,False,KernelSHAP,electron_density_M,0.04735323625705043,9.0,0.0
LR,107,3,False,KernelSHAP,oxide_bandgap,0.07902442726781246,5.0,0.0
RF,107,3,False,PFI,electronegativity_M,0.0016389315524931156,9.0,0.0
RF,107,3,False,PFI,electronegativity_Mprime,-0.001217226764656588,13.0,0.0
RF,107,3,False,PFI,ionization_M,0.0008218481796298104,10.0,0.0
RF,107,3,False,PFI,ionization_Mprime,0.0023893326092285726,8.0,0.0
RF,107,3,False,PFI,radius_M,0.008367325285486588,5.0,0.0
RF,107,3,False,PFI,radius_Mprime,0.0005523515795152691,11.0,0.0
RF,107,3,False,PFI,oxide_enthalpy_M,0.023961401812214848,3.0,1.0
RF,107,3,False,PFI,oxide_enthalpy_Mprime,0.002563144558581605,7.0,0.0
RF,107,3,False,PFI,mixing_enthalpy,0.007360047474431462,6.0,0.0
RF,107,3,False,PFI,sublimation_M,0.031691107070262695,1.0,1.0
RF,107,3,False,PFI,sublimation_Mprime,-0.0005447666485257007,12.0,0.0
RF,107,3,False,PFI,surface_energy_M,0.02615796972835823,2.0,1.0
RF,107,3,False,PFI,electron_density_M,-0.002307541087690939,14.0,0.0
RF,107,3,False,PFI,oxide_bandgap,0.017351764319174644,4.0,0.0
RF,107,3,False,KernelSHAP,electronegativity_M,0.014931979142415251,12.0,0.0
RF,107,3,False,KernelSHAP,electronegativity_Mprime,0.024802896592225333,9.0,0.0
RF,107,3,False,KernelSHAP,ionization_M,0.008130379567538091,13.0,0.0
RF,107,3,False,KernelSHAP,ionization_Mprime,0.01584382306287439,11.0,0.0
RF,107,3,False,KernelSHAP,radius_M,0.056712174662025605,5.0,0.0
RF,107,3,False,KernelSHAP,radius_Mprime,0.023738763352855182,10.0,0.0
RF,107,3,False,KernelSHAP,oxide_enthalpy_M,0.05674294429954953,4.0,0.0
RF,107,3,False,KernelSHAP,oxide_enthalpy_Mprime,0.054703335047393255,6.0,0.0
RF,107,3,False,KernelSHAP,mixing_enthalpy,0.031369102740935136,8.0,0.0
RF,107,3,False,KernelSHAP,sublimation_M,0.149156838874977,1.0,1.0
RF,107,3,False,KernelSHAP,sublimation_Mprime,0.004155977364607203,14.0,0.0
RF,107,3,False,KernelSHAP,surface_energy_M,0.11643469222159213,2.0,1.0
RF,107,3,False,KernelSHAP,electron_density_M,0.037176538507759246,7.0,0.0
RF,107,3,False,KernelSHAP,oxide_bandgap,0.08287614842775681,3.0,1.0
SVR,107,3,False,PFI,electronegativity_M,0.0068522271051861,10.0,0.0
SVR,107,3,False,PFI,electronegativity_Mprime,0.01374989770611346,7.0,0.0
SVR,107,3,False,PFI,ionization_M,0.0021371826775828085,14.0,0.0
SVR,107,3,False,PFI,ionization_Mprime,0.004639464490140638,12.0,0.0
SVR,107,3,False,PFI,radius_M,0.017145528610973768,6.0,0.0
SVR,107,3,False,PFI,radius_Mprime,0.004868209245747209,11.0,0.0
SVR,107,3,False,PFI,oxide_enthalpy_M,0.14279377627667958,2.0,1.0
SVR,107,3,False,PFI,oxide_enthalpy_Mprime,0.02813563380894087,3.0,1.0
SVR,107,3,False,PFI,mixing_enthalpy,0.003870326938949856,13.0,0.0
SVR,107,3,False,PFI,sublimation_M,0.021047983905313476,4.0,0.0
SVR,107,3,False,PFI,sublimation_Mprime,0.013552752990954382,8.0,0.0
SVR,107,3,False,PFI,surface_energy_M,0.14431732267491618,1.0,1.0
SVR,107,3,False,PFI,electron_density_M,0.007070705553594811,9.0,0.0
SVR,107,3,False,PFI,oxide_bandgap,0.017963210883636695,5.0,0.0
SVR,107,3,False,KernelSHAP,electronegativity_M,0.03721253398478812,10.0,0.0
SVR,107,3,False,KernelSHAP,electronegativity_Mprime,0.05154752566059941,8.0,0.0
SVR,107,3,False,KernelSHAP,ionization_M,0.03370319754366544,11.0,0.0
SVR,107,3,False,KernelSHAP,ionization_Mprime,0.02249264258075843,13.0,0.0
SVR,107,3,False,KernelSHAP,radius_M,0.06904605549206533,6.0,0.0
SVR,107,3,False,KernelSHAP,radius_Mprime,0.03302962320802452,12.0,0.0
SVR,107,3,False,KernelSHAP,oxide_enthalpy_M,0.19612309032754546,2.0,1.0
SVR,107,3,False,KernelSHAP,oxide_enthalpy_Mprime,0.08767099781932325,3.0,1.0
SVR,107,3,False,KernelSHAP,mixing_enthalpy,0.018530215409103587,14.0,0.0
SVR,107,3,False,KernelSHAP,sublimation_M,0.07813002192488577,5.0,0.0
SVR,107,3,False,KernelSHAP,sublimation_Mprime,0.038095154048170904,9.0,0.0
SVR,107,3,False,KernelSHAP,surface_energy_M,0.2549690575465045,1.0,1.0
SVR,107,3,False,KernelSHAP,electron_density_M,0.06848597812128329,7.0,0.0
SVR,107,3,False,KernelSHAP,oxide_bandgap,0.07871554772648706,4.0,0.0
GBRT,107,4,False,PFI,electronegativity_M,0.002202987995236866,11.0,0.0
GBRT,107,4,False,PFI,electronegativity_Mprime,-0.0005968928654790367,13.0,0.0
GBRT,107,4,False,PFI,ionization_M,0.001763444643511706,12.0,0.0
GBRT,107,4,False,PFI,ionization_Mprime,0.0032425967045582927,7.0,0.0
GBRT,107,4,False,PFI,radius_M,0.0027302757259416322,9.0,0.0
GBRT,107,4,False,PFI,radius_Mprime,0.010339891991729256,4.0,0.0
GBRT,107,4,False,PFI,oxide_enthalpy_M,0.07079591534047966,2.0,1.0
GBRT,107,4,False,PFI,oxide_enthalpy_Mprime,0.002246307766726504,10.0,0.0
GBRT,107,4,False,PFI,mixing_enthalpy,0.006419389081643813,6.0,0.0
GBRT,107,4,False,PFI,sublimation_M,0.0032344475222532143,8.0,0.0
GBRT,107,4,False,PFI,sublimation_Mprime,-0.002496057154223274,14.0,0.0
GBRT,107,4,False,PFI,surface_energy_M,0.2060341437975821,1.0,1.0
GBRT,107,4,False,PFI,electron_density_M,0.008136294005043006,5.0,0.0
GBRT,107,4,False,PFI,oxide_bandgap,0.030488897486731437,3.0,1.0
GBRT,107,4,False,KernelSHAP,electronegativity_M,0.03392059937127091,7.0,0.0
GBRT,107,4,False,KernelSHAP,electronegativity_Mprime,0.029788671308421222,9.0,0.0
GBRT,107,4,False,KernelSHAP,ionization_M,0.016080550505567986,11.0,0.0
GBRT,107,4,False,KernelSHAP,ionization_Mprime,0.015746418302214855,12.0,0.0
GBRT,107,4,False,KernelSHAP,radius_M,0.009112474806504808,14.0,0.0
GBRT,107,4,False,KernelSHAP,radius_Mprime,0.033090379685274666,8.0,0.0
GBRT,107,4,False,KernelSHAP,oxide_enthalpy_M,0.1252148553073711,2.0,1.0
GBRT,107,4,False,KernelSHAP,oxide_enthalpy_Mprime,0.07708522204221907,5.0,0.0
GBRT,107,4,False,KernelSHAP,mixing_enthalpy,0.03784374206722738,6.0,0.0
GBRT,107,4,False,KernelSHAP,sublimation_M,0.0934695929772254,4.0,0.0
GBRT,107,4,False,KernelSHAP,sublimation_Mprime,0.013709053558202358,13.0,0.0
GBRT,107,4,False,KernelSHAP,surface_energy_M,0.29374418400826224,1.0,1.0
GBRT,107,4,False,KernelSHAP,electron_density_M,0.018898148718681868,10.0,0.0
GBRT,107,4,False,KernelSHAP,oxide_bandgap,0.09513195011665435,3.0,1.0
LR,107,4,False,PFI,electronegativity_M,0.012713172926994344,11.0,0.0
LR,107,4,False,PFI,electronegativity_Mprime,-0.001500034588808084,14.0,0.0
LR,107,4,False,PFI,ionization_M,0.038639119067349695,7.0,0.0
LR,107,4,False,PFI,ionization_Mprime,0.0004616061694452817,13.0,0.0
LR,107,4,False,PFI,radius_M,0.05169883712951104,6.0,0.0
LR,107,4,False,PFI,radius_Mprime,0.005619692831680238,12.0,0.0
LR,107,4,False,PFI,oxide_enthalpy_M,0.09374690857965198,3.0,1.0
LR,107,4,False,PFI,oxide_enthalpy_Mprime,0.06695540469036666,4.0,0.0
LR,107,4,False,PFI,mixing_enthalpy,0.05190791666997297,5.0,0.0
LR,107,4,False,PFI,sublimation_M,0.03434692807575627,8.0,0.0
LR,107,4,False,PFI,sublimation_Mprime,0.019553872703830712,9.0,0.0
LR,107,4,False,PFI,surface_energy_M,0.8012742408510956,1.0,1.0
LR,107,4,False,PFI,electron_density_M,0.228392454304535,2.0,1.0
LR,107,4,False,PFI,oxide_bandgap,0.015172942063405451,10.0,0.0
LR,107,4,False,KernelSHAP,electronegativity_M,0.0762482775534823,11.0,0.0
LR,107,4,False,KernelSHAP,electronegativity_Mprime,0.05470281285789787,13.0,0.0
LR,107,4,False,KernelSHAP,ionization_M,0.11700716992202659,7.0,0.0
LR,107,4,False,KernelSHAP,ionization_Mprime,0.002468183558169875,14.0,0.0
LR,107,4,False,KernelSHAP,radius_M,0.14167389293177018,5.0,0.0
LR,107,4,False,KernelSHAP,radius_Mprime,0.08127997651057013,10.0,0.0
LR,107,4,False,KernelSHAP,oxide_enthalpy_M,0.19326429971990366,3.0,1.0
LR,107,4,False,KernelSHAP,oxide_enthalpy_Mprime,0.16615188190362842,4.0,0.0
LR,107,4,False,KernelSHAP,mixing_enthalpy,0.1019163068483084,9.0,0.0
LR,107,4,False,KernelSHAP,sublimation_M,0.10698755005620722,8.0,0.0
LR,107,4,False,KernelSHAP,sublimation_Mprime,0.1304394745185654,6.0,0.0
LR,107,4,False,KernelSHAP,surface_energy_M,0.5923393618680698,1.0,1.0
LR,107,4,False,KernelSHAP,electron_density_M,0.2738097894204362,2.0,1.0
LR,107,4,False,KernelSHAP,oxide_bandgap,0.05783703560736426,12.0,0.0
RF,107,4,False,PFI,electronegativity_M,0.0015141767020454327,13.0,0.0
RF,107,4,False,PFI,electronegativity_Mprime,0.0016121586572616458,12.0,0.0
RF,107,4,False,PFI,ionization_M,0.0024438687852950235,9.0,0.0
RF,107,4,False,PFI,ionization_Mprime,0.001701374249599357,11.0,0.0
RF,107,4,False,PFI,radius_M,0.0038507685626826696,6.0,0.0
RF,107,4,False,PFI,radius_Mprime,0.0028193983627734292,8.0,0.0
RF,107,4,False,PFI,oxide_enthalpy_M,0.05027914144543412,2.0,1.0
RF,107,4,False,PFI,oxide_enthalpy_Mprime,0.0020552753931452525,10.0,0.0
RF,107,4,False,PFI,mixing_enthalpy,0.003079226858250675,7.0,0.0
RF,107,4,False,PFI,sublimation_M,0.02500339367465409,3.0,1.0
RF,107,4,False,PFI,sublimation_Mprime,-0.0012766426766309717,14.0,0.0
RF,107,4,False,PFI,surface_energy_M,0.09363736714368548,1.0,1.0
RF,107,4,False,PFI,electron_density_M,0.008379577770376958,5.0,0.0
RF,107,4,False,PFI,oxide_bandgap,0.019037953878269943,4.0,0.0
RF,107,4,False,KernelSHAP,electronegativity_M,0.023840457588995858,10.0,0.0
RF,107,4,False,KernelSHAP,electronegativity_Mprime,0.025316046814570673,9.0,0.0
RF,107,4,False,KernelSHAP,ionization_M,0.01634293178956206,13.0,0.0
RF,107,4,False,KernelSHAP,ionization_Mprime,0.016665709903921383,12.0,0.0
RF,107,4,False,KernelSHAP,radius_M,0.031196078289943682,6.0,0.0
RF,107,4,False,KernelSHAP,radius_Mprime,0.030995967176067937,7.0,0.0
RF,107,4,False,KernelSHAP,oxide_enthalpy_M,0.11262880347633858,2.0,1.0
RF,107,4,False,KernelSHAP,oxide_enthalpy_Mprime,0.04538885774366413,5.0,0.0
RF,107,4,False,KernelSHAP,mixing_enthalpy,0.02383798138774578,11.0,0.0
RF,107,4,False,KernelSHAP,sublimation_M,0.1091611642283135,3.0,1.0
RF,107,4,False,KernelSHAP,sublimation_Mprime,0.010415001343657547,14.0,0.0
RF,107,4,False,KernelSHAP,surface_energy_M,0.17863767073386974,1.0,1.0
RF,107,4,False,KernelSHAP,electron_density_M,0.028886999288933006,8.0,0.0
RF,107,4,False,KernelSHAP,oxide_bandgap,0.07459519962335139,4.0,0.0
SVR,107,4,False,PFI,electronegativity_M,0.024732819595192804,6.0,0.0
SVR,107,4,False,PFI,electronegativity_Mprime,0.012974658995899689,9.0,0.0
SVR,107,4,False,PFI,ionization_M,0.010789856798850531,10.0,0.0
SVR,107,4,False,PFI,ionization_Mprime,-0.0005134136430894441,14.0,0.0
SVR,107,4,False,PFI,radius_M,0.0513581976959704,3.0,1.0
SVR,107,4,False,PFI,radius_Mprime,0.009103416199344351,12.0,0.0
SVR,107,4,False,PFI,oxide_enthalpy_M,0.14429407817316378,2.0,1.0
SVR,107,4,False,PFI,oxide_enthalpy_Mprime,0.03017746308575409,5.0,0.0
SVR,107,4,False,PFI,mixing_enthalpy,0.009954716242380113,11.0,0.0
SVR,107,4,False,PFI,sublimation_M,0.042233151924129554,4.0,0.0
SVR,107,4,False,PFI,sublimation_Mprime,0.01588823849073932,8.0,0.0
SVR,107,4,False,PFI,surface_energy_M,0.26396643229880346,1.0,1.0
SVR,107,4,False,PFI,electron_density_M,0.007024172917331337,13.0,0.0
SVR,107,4,False,PFI,oxide_bandgap,0.019037502049480685,7.0,0.0
SVR,107,4,False,KernelSHAP,electronegativity_M,0.07088689189967322,6.0,0.0
SVR,107,4,False,KernelSHAP,electronegativity_Mprime,0.04274345563656391,10.0,0.0
SVR,107,4,False,KernelSHAP,ionization_M,0.058814414378458836,9.0,0.0
SVR,107,4,False,KernelSHAP,ionization_Mprime,0.027151366031453447,13.0,0.0
SVR,107,4,False,KernelSHAP,radius_M,0.13539301369665813,3.0,1.0
SVR,107,4,False,KernelSHAP,radius_Mprime,0.06334820270600229,7.0,0.0
SVR,107,4,False,KernelSHAP,oxide_enthalpy_M,0.20783516398749635,2.0,1.0
SVR,107,4,False,KernelSHAP,oxide_enthalpy_Mprime,0.10079791772306955,5.0,0.0
SVR,107,4,False,KernelSHAP,mixing_enthalpy,0.025355502029164305,14.0,0.0
SVR,107,4,False,KernelSHAP,sublimation_M,0.12407275105786808,4.0,0.0
SVR,107,4,False,KernelSHAP,sublimation_Mprime,0.04006711265169129,11.0,0.0
SVR,107,4,False,KernelSHAP,surface_energy_M,0.3306755659637106,1.0,1.0
SVR,107,4,False,KernelSHAP,electron_density_M,0.028093863103394554,12.0,0.0
SVR,107,4,False,KernelSHAP,oxide_bandgap,0.0614460946028732,8.0,0.0
GBRT,107,5,False,PFI,electronegativity_M,-0.0010274267402672036,12.0,0.0
GBRT,107,5,False,PFI,electronegativity_Mprime,0.004092401770138046,8.0,0.0
GBRT,107,5,False,PFI,ionization_M,0.0035460868033542732,10.0,0.0
GBRT,107,5,False,PFI,ionization_Mprime,0.001264784958132874,11.0,0.0
GBRT,107,5,False,PFI,radius_M,-0.002831749215486995,13.0,0.0
GBRT,107,5,False,PFI,radius_Mprime,0.007505876644545673,7.0,0.0
GBRT,107,5,False,PFI,oxide_enthalpy_M,0.03829758632118251,3.0,1.0
GBRT,107,5,False,PFI,oxide_enthalpy_Mprime,0.0039019964404892133,9.0,0.0
GBRT,107,5,False,PFI,mixing_enthalpy,0.017569311530498743,5.0,0.0
GBRT,107,5,False,PFI,sublimation_M,0.05759500157514153,2.0,1.0
GBRT,107,5,False,PFI,sublimation_Mprime,-0.0028391917394588397,14.0,0.0
GBRT,107,5,False,PFI,surface_energy_M,0.10674807885475625,1.0,1.0
GBRT,107,5,False,PFI,electron_density_M,0.00894298880749152,6.0,0.0
GBRT,107,5,False,PFI,oxide_bandgap,0.025344641782321375,4.0,0.0
GBRT,107,5,False,KernelSHAP,electronegativity_M,0.026411398193692447,9.0,0.0
GBRT,107,5,False,KernelSHAP,electronegativity_Mprime,0.023941462350499064,10.0,0.0
GBRT,107,5,False,KernelSHAP,ionization_M,0.027263999808448888,8.0,0.0
GBRT,107,5,False,KernelSHAP,ionization_Mprime,0.02067470592980484,14.0,0.0
GBRT,107,5,False,KernelSHAP,radius_M,0.03517335433809803,7.0,0.0
GBRT,107,5,False,KernelSHAP,radius_Mprime,0.021599342473858456,12.0,0.0
GBRT,107,5,False,KernelSHAP,oxide_enthalpy_M,0.10085291621458287,4.0,0.0
GBRT,107,5,False,KernelSHAP,oxide_enthalpy_Mprime,0.09300548209994851,5.0,0.0
GBRT,107,5,False,KernelSHAP,mixing_enthalpy,0.05365310132990281,6.0,0.0
GBRT,107,5,False,KernelSHAP,sublimation_M,0.15982168084433568,2.0,1.0
GBRT,107,5,False,KernelSHAP,sublimation_Mprime,0.02291430351361471,11.0,0.0
GBRT,107,5,False,KernelSHAP,surface_energy_M,0.20370554314473832,1.0,1.0
GBRT,107,5,False,KernelSHAP,electron_density_M,0.02079240770870937,13.0,0.0
GBRT,107,5,False,KernelSHAP,oxide_bandgap,0.10432903495522935,3.0,1.0
LR,107,5,False,PFI,electronegativity_M,0.006127578242665937,9.0,0.0
LR,107,5,False,PFI,electronegativity_Mprime,-0.002628508252010439,14.0,0.0
LR,107,5,False,PFI,ionization_M,0.00301559005746833,11.0,0.0
LR,107,5,False,PFI,ionization_Mprime,0.00492149273185473,10.0,0.0
LR,107,5,False,PFI,radius_M,0.0016433813248697402,12.0,0.0
LR,107,5,False,PFI,radius_Mprime,0.014077559533754528,7.0,0.0
LR,107,5,False,PFI,oxide_enthalpy_M,0.15438470312683558,2.0,1.0
LR,107,5,False,PFI,oxide_enthalpy_Mprime,0.06723561695086455,3.0,1.0
LR,107,5,False,PFI,mixing_enthalpy,0.024143923926997927,6.0,0.0
LR,107,5,False,PFI,sublimation_M,0.025793496758265647,5.0,0.0
LR,107,5,False,PFI,sublimation_Mprime,0.0015162780403476593,13.0,0.0
LR,107,5,False,PFI,surface_energy_M,0.577063107392807,1.0,1.0
LR,107,5,False,PFI,electron_density_M,0.031882031732596315,4.0,0.0
LR,107,5,False,PFI,oxide_bandgap,0.013365893304256487,8.0,0.0
LR,107,5,False,KernelSHAP,electronegativity_M,0.023227129067272992,13.0,0.0
LR,107,5,False,KernelSHAP,electronegativity_Mprime,0.043727127158146105,10.0,0.0
LR,107,5,False,KernelSHAP,ionization_M,0.04099025128990148,11.0,0.0
LR,107,5,False,KernelSHAP,ionization_Mprime,0.02676230417723112,12.0,0.0
LR,107,5,False,KernelSHAP,radius_M,0.009029080984863993,14.0,0.0
LR,107,5,False,KernelSHAP,radius_Mprime,0.07263440862369183,7.0,0.0
LR,107,5,False,KernelSHAP,oxide_enthalpy_M,0.22065885979626212,2.0,1.0
LR,107,5,False,KernelSHAP,oxide_enthalpy_Mprime,0.16368372327471511,3.0,1.0
LR,107,5,False,KernelSHAP,mixing_enthalpy,0.060048660801822945,9.0,0.0
LR,107,5,False,KernelSHAP,sublimation_M,0.08663149460570067,6.0,0.0
LR,107,5,False,KernelSHAP,sublimation_Mprime,0.10360906925194273,5.0,0.0
LR,107,5,False,KernelSHAP,surface_energy_M,0.5352889654937519,1.0,1.0
LR,107,5,False,KernelSHAP,electron_density_M,0.07201924154674653,8.0,0.0
LR,107,5,False,KernelSHAP,oxide_bandgap,0.1064702936953766,4.0,0.0
RF,107,5,False,PFI,electronegativity_M,-3.992469069922002e-05,13.0,0.0
RF,107,5,False,PFI,electronegativity_Mprime,0.0023933480466404563,12.0,0.0
RF,107,5,False,PFI,ionization_M,-0.001355994720677656,14.0,0.0
RF,107,5,False,PFI,ionization_Mprime,0.0025617365104887964,11.0,0.0
RF,107,5,False,PFI,radius_M,0.007303866942417341,5.0,0.0
RF,107,5,False,PFI,radius_Mprime,0.003020436407713288,8.0,0.0
RF,107,5,False,PFI,oxide_enthalpy_M,0.022344901544575017,3.0,1.0
RF,107,5,False,PFI,oxide_enthalpy_Mprime,0.0028460148399362785,10.0,0.0
RF,107,5,False,PFI,mixing_enthalpy,0.004732153887148826,6.0,0.0
RF,107,5,False,PFI,sublimation_M,0.028752238164086324,2.0,1.0
RF,107,5,False,PFI,sublimation_Mprime,0.0028518575229163107,9.0,0.0
RF,107,5,False,PFI,surface_energy_M,0.05332870319259006,1.0,1.0
RF,107,5,False,PFI,electron_density_M,0.003186883280033838,7.0,0.0
RF,107,5,False,PFI,oxide_bandgap,0.0182360149857236,4.0,0.0
RF,107,5,False,KernelSHAP,electronegativity_M,0.02543324988811703,10.0,0.0
RF,107,5,False,KernelSHAP,electronegativity_Mprime,0.030947371887100266,9.0,0.0
RF,107,5,False,KernelSHAP,ionization_M,0.010039530206976238,12.0,0.0
RF,107,5,False,KernelSHAP,ionization_Mprime,0.012026735182254342,11.0,0.0
RF,107,5,False,KernelSHAP,radius_M,0.04661871907599518,6.0,0.0
RF,107,5,False,KernelSHAP,radius_Mprime,0.009888190728211916,13.0,0.0
RF,107,5,False,KernelSHAP,oxide_enthalpy_M,0.06428221947749393,3.0,1.0
RF,107,5,False,KernelSHAP,oxide_enthalpy_Mprime,0.06265008778707477,5.0,0.0
RF,107,5,False,KernelSHAP,mixing_enthalpy,0.042436167031277096,7.0,0.0
RF,107,5,False,KernelSHAP,sublimation_M,0.10503745629353824,2.0,1.0
RF,107,5,False,KernelSHAP,sublimation_Mprime,0.008795811408498519,14.0,0.0
RF,107,5,False,KernelSHAP,surface_energy_M,0.13943949730955932,1.0,1.0
RF,107,5,False,KernelSHAP,electron_density_M,0.03372372078039068,8.0,0.0
RF,107,5,False,KernelSHAP,oxide_bandgap,0.06415352842056113,4.0,0.0
SVR,107,5,False,PFI,electronegativity_M,0.005487175087149775,11.0,0.0
SVR,107,5,False,PFI,electronegativity_Mprime,0.012680813050255804,8.0,0.0
SVR,107,5,False,PFI,ionization_M,0.004667500400287889,12.0,0.0
SVR,107,5,False,PFI,ionization_Mprime,0.0008814081789390394,14.0,0.0
SVR,107,5,False,PFI,radius_M,0.02767731015788192,4.0,0.0
SVR,107,5,False,PFI,radius_Mprime,0.017755474073374907,6.0,0.0
SVR,107,5,False,PFI,oxide_enthalpy_M,0.1454259213696006,2.0,1.0
SVR,107,5,False,PFI,oxide_enthalpy_Mprime,0.030196524465892376,3.0,1.0
SVR,107,5,False,PFI,mixing_enthalpy,0.0169710117903905,7.0,0.0
SVR,107,5,False,PFI,sublimation_M,0.0041147483699222566,13.0,0.0
SVR,107,5,False,PFI,sublimation_Mprime,0.010401423158577934,10.0,0.0
SVR,107,5,False,PFI,surface_energy_M,0.267588838480442,1.0,1.0
SVR,107,5,False,PFI,electron_density_M,0.01041347527344439,9.0,0.0
SVR,107,5,False,PFI,oxide_bandgap,0.024280523844799066,5.0,0.0
SVR,107,5,False,KernelSHAP,electronegativity_M,0.029139681578764343,12.0,0.0
SVR,107,5,False,KernelSHAP,electronegativity_Mprime,0.0362066695072093,10.0,0.0
SVR,107,5,False,KernelSHAP,ionization_M,0.03394037339752918,11.0,0.0
SVR,107,5,False,KernelSHAP,ionization_Mprime,0.02406804681748377,13.0,0.0
SVR,107,5,False,KernelSHAP,radius_M,0.09237214714051033,4.0,0.0
SVR,107,5,False,KernelSHAP,radius_Mprime,0.07047023345781261,6.0,0.0
SVR,107,5,False,KernelSHAP,oxide_enthalpy_M,0.19455558324998035,2.0,1.0
SVR,107,5,False,KernelSHAP,oxide_enthalpy_Mprime,0.08423125826003458,5.0,0.0
SVR,107,5,False,KernelSHAP,mixing_enthalpy,0.056161430272133175,7.0,0.0
SVR,107,5,False,KernelSHAP,sublimation_M,0.016864978149805913,14.0,0.0
SVR,107,5,False,KernelSHAP,sublimation_Mprime,0.04735735592232391,8.0,0.0
SVR,107,5,False,KernelSHAP,surface_energy_M,0.3380172243268852,1.0,1.0
SVR,107,5,False,KernelSHAP,electron_density_M,0.04073527622196664,9.0,0.0
SVR,107,5,False,KernelSHAP,oxide_bandgap,0.09907122872516272,3.0,1.0
GBRT,107,6,False,PFI,electronegativity_M,0.003938289820276568,8.0,0.0
GBRT,107,6,False,PFI,electronegativity_Mprime,-0.008277917416426885,14.0,0.0
GBRT,107,6,False,PFI,ionization_M,0.009300578080709231,5.0,0.0
GBRT,107,6,False,PFI,ionization_Mprime,0.0005629871450987376,11.0,0.0
GBRT,107,6,False,PFI,radius_M,0.00550760576315018,7.0,0.0
GBRT,107,6,False,PFI,radius_Mprime,0.003022513762645453,10.0,0.0
GBRT,107,6,False,PFI,oxide_enthalpy_M,0.04120076512342175,2.0,1.0
GBRT,107,6,False,PFI,oxide_enthalpy_Mprime,-0.00035173137129919835,12.0,0.0
GBRT,107,6,False,PFI,mixing_enthalpy,0.008084297298441777,6.0,0.0
GBRT,107,6,False,PFI,sublimation_M,0.003215514006673166,9.0,0.0
GBRT,107,6,False,PFI,sublimation_Mprime,-0.0024149728611882015,13.0,0.0
GBRT,107,6,False,PFI,surface_energy_M,0.13701141220967109,1.0,1.0
GBRT,107,6,False,PFI,electron_density_M,0.013559690158287318,3.0,1.0
GBRT,107,6,False,PFI,oxide_bandgap,0.00968100179669492,4.0,0.0
GBRT,107,6,False,KernelSHAP,electronegativity_M,0.012234782705894521,12.0,0.0
GBRT,107,6,False,KernelSHAP,electronegativity_Mprime,0.058007695088299394,6.0,0.0
GBRT,107,6,False,KernelSHAP,ionization_M,0.019254187041635076,10.0,0.0
GBRT,107,6,False,KernelSHAP,ionization_Mprime,0.018933901761096883,11.0,0.0
GBRT,107,6,False,KernelSHAP,radius_M,0.05276285110101057,7.0,0.0
GBRT,107,6,False,KernelSHAP,radius_Mprime,0.03988806566715934,9.0,0.0
GBRT,107,6,False,KernelSHAP,oxide_enthalpy_M,0.0840277371872397,3.0,1.0
GBRT,107,6,False,KernelSHAP,oxide_enthalpy_Mprime,0.0838605413637169,4.0,0.0
GBRT,107,6,False,KernelSHAP,mixing_enthalpy,0.047100123337892354,8.0,0.0
GBRT,107,6,False,KernelSHAP,sublimation_M,0.11005122552774928,2.0,1.0
GBRT,107,6,False,KernelSHAP,sublimation_Mprime,0.009081147606984885,14.0,0.0
GBRT,107,6,False,KernelSHAP,surface_energy_M,0.23163053902561673,1.0,1.0
GBRT,107,6,False,KernelSHAP,electron_density_M,0.012182092402687769,13.0,0.0
GBRT,107,6,False,KernelSHAP,oxide_bandgap,0.07680071731462888,5.0,0.0
LR,107,6,False,PFI,electronegativity_M,0.0069315540777737305,11.0,0.0
LR,107,6,False,PFI,electronegativity_Mprime,-0.006783472474108589,14.0,0.0
LR,107,6,False,PFI,ionization_M,0.02129321138252018,8.0,0.0
LR,107,6,False,PFI,ionization_Mprime,0.006770305264108039,12.0,0.0
LR,107,6,False,PFI,radius_M,0.026345368537069393,6.0,0.0
LR,107,6,False,PFI,radius_Mprime,0.00452602292285527,13.0,0.0
LR,107,6,False,PFI,oxide_enthalpy_M,0.12444174168299957,2.0,1.0
LR,107,6,False,PFI,oxide_enthalpy_Mprime,0.08772746046718173,4.0,0.0
LR,107,6,False,PFI,mixing_enthalpy,0.03521215836040136,5.0,0.0
LR,107,6,False,PFI,sublimation_M,0.011457368605449773,10.0,0.0
LR,107,6,False,PFI,sublimation_Mprime,0.0246622593898183,7.0,0.0
LR,107,6,False,PFI,surface_energy_M,0.5685872859020226,1.0,1.0
LR,107,6,False,PFI,electron_density_M,0.1197568048983159,3.0,1.0
LR,107,6,False,PFI,oxide_bandgap,0.012685996743786213,9.0,0.0
LR,107,6,False,KernelSHAP,electronegativity_M,0.05449771567488679,12.0,0.0
LR,107,6,False,KernelSHAP,electronegativity_Mprime,0.052962991613586904,13.0,0.0
LR,107,6,False,KernelSHAP,ionization_M,0.10342267551701405,6.0,0.0
LR,107,6,False,KernelSHAP,ionization_Mprime,0.022866903710692287,14.0,0.0
LR,107,6,False,KernelSHAP,radius_M,0.08638694329670535,8.0,0.0
LR,107,6,False,KernelSHAP,radius_Mprime,0.08784686581441527,7.0,0.0
LR,107,6,False,KernelSHAP,oxide_enthalpy_M,0.20432018958101925,2.0,1.0
LR,107,6,False,KernelSHAP,oxide_enthalpy_Mprime,0.19866618639217132,3.0,1.0
LR,107,6,False,KernelSHAP,mixing_enthalpy,0.07216924414109566,10.0,0.0
LR,107,6,False,KernelSHAP,sublimation_M,0.07383248439182676,9.0,0.0
LR,107,6,False,KernelSHAP,sublimation_Mprime,0.16682157658623054,5.0,0.0
LR,107,6,False,KernelSHAP,surface_energy_M,0.5237008863144346,1.0,1.0
LR,107,6,False,KernelSHAP,electron_density_M,0.17360132663972455,4.0,0.0
LR,107,6,False,KernelSHAP,oxide_bandgap,0.06645952315603915,11.0,0.0
RF,107,6,False,PFI,electronegativity_M,0.0024814902291177545,9.0,0.0
RF,107,6,False,PFI,electronegativity_Mprime,-0.0011589272534444403,13.0,0.0
RF,107,6,False,PFI,ionization_M,0.0037723782879229895,8.0,0.0
RF,107,6,False,PFI,ionization_Mprime,0.0019094274347521245,10.0,0.0
RF,107,6,False,PFI,radius_M,0.02115189266423885,3.0,1.0
RF,107,6,False,PFI,radius_Mprime,-0.0005905078491761339,11.0,0.0
RF,107,6,False,PFI,oxide_enthalpy_M,0.025384919615188652,2.0,1.0
RF,107,6,False,PFI,oxide_enthalpy_Mprime,0.004113652567524243,6.0,0.0
RF,107,6,False,PFI,mixing_enthalpy,0.004015741244627389,7.0,0.0
RF,107,6,False,PFI,sublimation_M,0.020705412308160098,4.0,0.0
RF,107,6,False,PFI,sublimation_Mprime,-0.000809853881127925,12.0,0.0
RF,107,6,False,PFI,surface_energy_M,0.04485121951465519,1.0,1.0
RF,107,6,False,PFI,electron_density_M,-0.003125743223670984,14.0,0.0
RF,107,6,False,PFI,oxide_bandgap,0.012300205593235093,5.0,0.0
RF,107,6,False,KernelSHAP,electronegativity_M,0.01498643598388915,10.0,0.0
RF,107,6,False,KernelSHAP,electronegativity_Mprime,0.041363813633565706,8.0,0.0
RF,107,6,False,KernelSHAP,ionization_M,0.007885715183012879,13.0,0.0
RF,107,6,False,KernelSHAP,ionization_Mprime,0.008942362426572778,12.0,0.0
RF,107,6,False,KernelSHAP,radius_M,0.072244553548371,3.0,1.0
RF,107,6,False,KernelSHAP,radius_Mprime,0.02214836028875473,9.0,0.0
RF,107,6,False,KernelSHAP,oxide_enthalpy_M,0.060520137668836904,5.0,0.0
RF,107,6,False,KernelSHAP,oxide_enthalpy_Mprime,0.06004620116127746,6.0,0.0
RF,107,6,False,KernelSHAP,mixing_enthalpy,0.011927818127277522,11.0,0.0
RF,107,6,False,KernelSHAP,sublimation_M,0.10968803978326366,2.0,1.0
RF,107,6,False,KernelSHAP,sublimation_Mprime,0.007189359627364427,14.0,0.0
RF,107,6,False,KernelSHAP,surface_energy_M,0.1242369298457835,1.0,1.0
RF,107,6,False,KernelSHAP,electron_density_M,0.04456810370472114,7.0,0.0
RF,107,6,False,KernelSHAP,oxide_bandgap,0.07166217550328108,4.0,0.0
SVR,107,6,False,PFI,electronegativity_M,0.029803497822538848,5.0,0.0
SVR,107,6,False,PFI,electronegativity_Mprime,0.01553493170477921,8.0,0.0
SVR,107,6,False,PFI,ionization_M,0.009751256679567659,9.0,0.0
SVR,107,6,False,PFI,ionization_Mprime,0.007316652621940163,11.0,0.0
SVR,107,6,False,PFI,radius_M,0.035401950137654764,4.0,0.0
SVR,107,6,False,PFI,radius_Mprime,0.009263174884766856,10.0,0.0
SVR,107,6,False,PFI,oxide_enthalpy_M,0.15800230369955603,2.0,1.0
SVR,107,6,False,PFI,oxide_enthalpy_Mprime,0.0379137858927262,3.0,1.0
SVR,107,6,False,PFI,mixing_enthalpy,0.0038912173046167183,13.0,0.0
SVR,107,6,False,PFI,sublimation_M,0.02016155521709149,7.0,0.0
SVR,107,6,False,PFI,sublimation_Mprime,0.025561633083378558,6.0,0.0
SVR,107,6,False,PFI,surface_energy_M,0.1858997544158215,1.0,1.0
SVR,107,6,False,PFI,electron_density_M,0.0020379781965517442,14.0,0.0
SVR,107,6,False,PFI,oxide_bandgap,0.005396636733521569,12.0,0.0
SVR,107,6,False,KernelSHAP,electronegativity_M,0.07762537110650385,6.0,0.0
SVR,107,6,False,KernelSHAP,electronegativity_Mprime,0.07025499713083812,8.0,0.0
SVR,107,6,False,KernelSHAP,ionization_M,0.06830297766821126,9.0,0.0
SVR,107,6,False,KernelSHAP,ionization_Mprime,0.037006931691983755,11.0,0.0
SVR,107,6,False,KernelSHAP,radius_M,0.10643687800367901,3.0,1.0
SVR,107,6,False,KernelSHAP,radius_Mprime,0.021410642782872864,13.0,0.0
SVR,107,6,False,KernelSHAP,oxide_enthalpy_M,0.21660214550998044,2.0,1.0
SVR,107,6,False,KernelSHAP,oxide_enthalpy_Mprime,0.10630611569758584,4.0,0.0
SVR,107,6,False,KernelSHAP,mixing_enthalpy,0.018465828419930764,14.0,0.0
SVR,107,6,False,KernelSHAP,sublimation_M,0.09596043887549881,5.0,0.0
SVR,107,6,False,KernelSHAP,sublimation_Mprime,0.07680900793867645,7.0,0.0
SVR,107,6,False,KernelSHAP,surface_energy_M,0.2938003624631609,1.0,1.0
SVR,107,6,False,KernelSHAP,electron_density_M,0.0372726102128417,10.0,0.0
SVR,107,6,False,KernelSHAP,oxide_bandgap,0.02692502251394069,12.0,0.0
GBRT,107,7,False,PFI,electronegativity_M,0.005256954231347384,8.0,0.0
GBRT,107,7,False,PFI,electronegativity_Mprime,0.001972977694044456,12.0,0.0
GBRT,107,7,False,PFI,ionization_M,0.010095769486600487,5.0,0.0
GBRT,107,7,False,PFI,ionization_Mprime,0.0033538874015140974,11.0,0.0
GBRT,107,7,False,PFI,radius_M,0.0056762794424675645,7.0,0.0
GBRT,107,7,False,PFI,radius_Mprime,0.0015361327125003764,13.0,0.0
GBRT,107,7,False,PFI,oxide_enthalpy_M,0.05375893903062846,2.0,1.0
GBRT,107,7,False,PFI,oxide_enthalpy_Mprime,0.004659438453096594,9.0,0.0
GBRT,107,7,False,PFI,mixing_enthalpy,0.007257487312494075,6.0,0.0
GBRT,107,7,False,PFI,sublimation_M,0.0035469200297135006,10.0,0.0
GBRT,107,7,False,PFI,sublimation_Mprime,-0.0019021352608585191,14.0,0.0
GBRT,107,7,False,PFI,surface_energy_M,0.21217275576142763,1.0,1.0
GBRT,107,7,False,PFI,electron_density_M,0.012735722397216622,3.0,1.0
GBRT,107,7,False,PFI,oxide_bandgap,0.011982563424072707,4.0,0.0
GBRT,107,7,False,KernelSHAP,electronegativity_M,0.035556735273445675,8.0,0.0
GBRT,107,7,False,KernelSHAP,electronegativity_Mprime,0.031053634752212962,9.0,0.0
GBRT,107,7,False,KernelSHAP,ionization_M,0.021765650067715518,10.0,0.0
GBRT,107,7,False,KernelSHAP,ionization_Mprime,0.01029414970489926,14.0,0.0
GBRT,107,7,False,KernelSHAP,radius_M,0.012803416478306965,12.0,0.0
GBRT,107,7,False,KernelSHAP,radius_Mprime,0.01587426725601883,11.0,0.0
GBRT,107,7,False,KernelSHAP,oxide_enthalpy_M,0.09685840277644608,3.0,1.0
GBRT,107,7,False,KernelSHAP,oxide_enthalpy_Mprime,0.09397099827415219,4.0,0.0
GBRT,107,7,False,KernelSHAP,mixing_enthalpy,0.0606416608880453,6.0,0.0
GBRT,107,7,False,KernelSHAP,sublimation_M,0.09808361345343149,2.0,1.0
GBRT,107,7,False,KernelSHAP,sublimation_Mprime,0.04113971563674729,7.0,0.0
GBRT,107,7,False,KernelSHAP,surface_energy_M,0.3177675227573095,1.0,1.0
GBRT,107,7,False,KernelSHAP,electron_density_M,0.010329406828071888,13.0,0.0
GBRT,107,7,False,KernelSHAP,oxide_bandgap,0.06679992636742281,5.0,0.0
LR,107,7,False,PFI,electronegativity_M,0.010084066884923115,11.0,0.0
LR,107,7,False,PFI,electronegativity_Mprime,0.0018719760986001684,14.0,0.0
LR,107,7,False,PFI,ionization_M,0.03034000986175914,8.0,0.0
LR,107,7,False,PFI,ionization_Mprime,0.007441615600170556,13.0,0.0
LR,107,7,False,PFI,radius_M,0.05411922701755131,5.0,0.0
LR,107,7,False,PFI,radius_Mprime,0.015772894474410708,10.0,0.0
LR,107,7,False,PFI,oxide_enthalpy_M,0.08514818641179711,4.0,0.0
LR,107,7,False,PFI,oxide_enthalpy_Mprime,0.13648246338437742,3.0,1.0
LR,107,7,False,PFI,mixing_enthalpy,0.049335554711987216,6.0,0.0
LR,107,7,False,PFI,sublimation_M,0.024411978386958747,9.0,0.0
LR,107,7,False,PFI,sublimation_Mprime,0.04585952892170916,7.0,0.0
LR,107,7,False,PFI,surface_energy_M,0.8255947875044805,1.0,1.0
LR,107,7,False,PFI,electron_density_M,0.22235209081272672,2.0,1.0
LR,107,7,False,PFI,oxide_bandgap,0.007502912029631148,12.0,0.0
LR,107,7,False,KernelSHAP,electronegativity_M,0.06934523566395527,11.0,0.0
LR,107,7,False,KernelSHAP,electronegativity_Mprime,0.011447572847843094,14.0,0.0
LR,107,7,False,KernelSHAP,ionization_M,0.10344557194909117,7.0,0.0
LR,107,7,False,KernelSHAP,ionization_Mprime,0.030918627923726676,13.0,0.0
LR,107,7,False,KernelSHAP,radius_M,0.1407859972859922,6.0,0.0
LR,107,7,False,KernelSHAP,radius_Mprime,0.09739455532291662,9.0,0.0
LR,107,7,False,KernelSHAP,oxide_enthalpy_M,0.1748163655050748,5.0,0.0
LR,107,7,False,KernelSHAP,oxide_enthalpy_Mprime,0.24063386091347866,3.0,1.0
LR,107,7,False,KernelSHAP,mixing_enthalpy,0.09740974410576422,8.0,0.0
LR,107,7,False,KernelSHAP,sublimation_M,0.09676163101356496,10.0,0.0
LR,107,7,False,KernelSHAP,sublimation_Mprime,0.19311195979274048,4.0,0.0
LR,107,7,False,KernelSHAP,surface_energy_M,0.6149834610898055,1.0,1.0
LR,107,7,False,KernelSHAP,electron_density_M,0.2586693215639171,2.0,1.0
LR,107,7,False,KernelSHAP,oxide_bandgap,0.053624726604921374,12.0,0.0
RF,107,7,False,PFI,electronegativity_M,0.0008244348987493116,9.0,0.0
RF,107,7,False,PFI,electronegativity_Mprime,-0.00238526769218619,13.0,0.0
RF,107,7,False,PFI,ionization_M,0.0028349141305492897,7.0,0.0
RF,107,7,False,PFI,ionization_Mprime,7.15598450136167e-05,11.0,0.0
RF,107,7,False,PFI,radius_M,0.004680118815698545,5.0,0.0
RF,107,7,False,PFI,radius_Mprime,0.00019324583545063807,10.0,0.0
RF,107,7,False,PFI,oxide_enthalpy_M,0.03055730510597097,2.0,1.0
RF,107,7,False,PFI,oxide_enthalpy_Mprime,0.0009684084001462301,8.0,0.0
RF,107,7,False,PFI,mixing_enthalpy,0.007191299734253251,4.0,0.0
RF,107,7,False,PFI,sublimation_M,0.009528216522617946,3.0,1.0
RF,107,7,False,PFI,sublimation_Mprime,-0.007073321675847277,14.0,0.0
RF,107,7,False,PFI,surface_energy_M,0.10341929470224114,1.0,1.0
RF,107,7,False,PFI,electron_density_M,2.1741619221563267e-05,12.0,0.0
RF,107,7,False,PFI,oxide_bandgap,0.004455969022779086,6.0,0.0
RF,107,7,False,KernelSHAP,electronegativity_M,0.026917394245076196,8.0,0.0
RF,107,7,False,KernelSHAP,electronegativity_Mprime,0.03329875135290602,6.0,0.0
RF,107,7,False,KernelSHAP,ionization_M,0.008343046784292828,13.0,0.0
RF,107,7,False,KernelSHAP,ionization_Mprime,0.005934038539906698,14.0,0.0
RF,107,7,False,KernelSHAP,radius_M,0.029725994597887297,7.0,0.0
RF,107,7,False,KernelSHAP,radius_Mprime,0.024663787922591437,10.0,0.0
RF,107,7,False,KernelSHAP,oxide_enthalpy_M,0.06812753772092506,3.0,1.0
RF,107,7,False,KernelSHAP,oxide_enthalpy_Mprime,0.049256292462620185,5.0,0.0
RF,107,7,False,KernelSHAP,mixing_enthalpy,0.021300035268788667,11.0,0.0
RF,107,7,False,KernelSHAP,sublimation_M,0.08552175833041424,2.0,1.0
RF,107,7,False,KernelSHAP,sublimation_Mprime,0.020764046548268352,12.0,0.0
RF,107,7,False,KernelSHAP,surface_energy_M,0.2256630937257138,1.0,1.0
RF,107,7,False,KernelSHAP,electron_density_M,0.026530168789205246,9.0,0.0
RF,107,7,False,KernelSHAP,oxide_bandgap,0.059124668828818776,4.0,0.0
SVR,107,7,False,PFI,electronegativity_M,0.047221578383658994,5.0,0.0
SVR,107,7,False,PFI,electronegativity_Mprime,0.014767221975451236,7.0,0.0
SVR,107,7,False,PFI,ionization_M,0.011263687357623921,10.0,0.0
SVR,107,7,False,PFI,ionization_Mprime,0.006301667863308441,13.0,0.0
SVR,107,7,False,PFI,radius_M,0.06612414970196409,3.0,1.0
SVR,107,7,False,PFI,radius_Mprime,0.011324327607001366,9.0,0.0
SVR,107,7,False,PFI,oxide_enthalpy_M,0.14925763984941864,2.0,1.0
SVR,107,7,False,PFI,oxide_enthalpy_Mprime,0.047303502542082466,4.0,0.0
SVR,107,7,False,PFI,mixing_enthalpy,0.013197127535250696,8.0,0.0
SVR,107,7,False,PFI,sublimation_M,0.015336491573202762,6.0,0.0
SVR,107,7,False,PFI,sublimation_Mprime,0.010312771615751013,11.0,0.0
SVR,107,7,False,PFI,surface_energy_M,0.17638165179064075,1.0,1.0
SVR,107,7,False,PFI,electron_density_M,-0.00043870122836178055,14.0,0.0
SVR,107,7,False,PFI,oxide_bandgap,0.008088563002560053,12.0,0.0
SVR,107,7,False,KernelSHAP,electronegativity_M,0.1049478646963474,5.0,0.0
SVR,107,7,False,KernelSHAP,electronegativity_Mprime,0.03201209774999032,13.0,0.0
SVR,107,7,False,KernelSHAP,ionization_M,0.07695284183477209,8.0,0.0
SVR,107,7,False,KernelSHAP,ionization_Mprime,0.012330432438759082,14.0,0.0
SVR,107,7,False,KernelSHAP,radius_M,0.1330993925141632,4.0,0.0
SVR,107,7,False,KernelSHAP,radius_Mprime,0.05462925632601215,11.0,0.0
SVR,107,7,False,KernelSHAP,oxide_enthalpy_M,0.21195405671710144,2.0,1.0
SVR,107,7,False,KernelSHAP,oxide_enthalpy_Mprime,0.13382166999433112,3.0,1.0
SVR,107,7,False,KernelSHAP,mixing_enthalpy,0.05028984210823925,12.0,0.0
SVR,107,7,False,KernelSHAP,sublimation_M,0.08699343458590954,6.0,0.0
SVR,107,7,False,KernelSHAP,sublimation_Mprime,0.0804005499508797,7.0,0.0
SVR,107,7,False,KernelSHAP,surface_energy_M,0.3055123575526475,1.0,1.0
SVR,107,7,False,KernelSHAP,electron_density_M,0.056334174174136914,10.0,0.0
SVR,107,7,False,KernelSHAP,oxide_bandgap,0.06211946109439581,9.0,0.0
GBRT,107,8,False,PFI,electronegativity_M,0.008571312993339701,8.0,0.0
GBRT,107,8,False,PFI,electronegativity_Mprime,-0.0005479517309533752,12.0,0.0
GBRT,107,8,False,PFI,ionization_M,0.005650380314596511,10.0,0.0
GBRT,107,8,False,PFI,ionization_Mprime,0.0060567950651874295,9.0,0.0
GBRT,107,8,False,PFI,radius_M,-0.001829260468118318,13.0,0.0
GBRT,107,8,False,PFI,radius_Mprime,0.008600617187180982,7.0,0.0
GBRT,107,8,False,PFI,oxide_enthalpy_M,0.07262848483845225,2.0,1.0
GBRT,107,8,False,PFI,oxide_enthalpy_Mprime,0.002555017486813961,11.0,0.0
GBRT,107,8,False,PFI,mixing_enthalpy,0.010002931197071224,6.0,0.0
GBRT,107,8,False,PFI,sublimation_M,0.014592232706075826,4.0,0.0
GBRT,107,8,False,PFI,sublimation_Mprime,-0.003719238219279378,14.0,0.0
GBRT,107,8,False,PFI,surface_energy_M,0.13675707345962257,1.0,1.0
GBRT,107,8,False,PFI,electron_density_M,0.013039899746215968,5.0,0.0
GBRT,107,8,False,PFI,oxide_bandgap,0.027298069420628436,3.0,1.0
GBRT,107,8,False,KernelSHAP,electronegativity_M,0.031184917273559067,8.0,0.0
GBRT,107,8,False,KernelSHAP,electronegativity_Mprime,0.041831551852079644,6.0,0.0
GBRT,107,8,False,KernelSHAP,ionization_M,0.030783919765755605,9.0,0.0
GBRT,107,8,False,KernelSHAP,ionization_Mprime,0.01014777617664943,13.0,0.0
GBRT,107,8,False,KernelSHAP,radius_M,0.009207234641678564,14.0,0.0
GBRT,107,8,False,KernelSHAP,radius_Mprime,0.022448813404983448,11.0,0.0
GBRT,107,8,False,KernelSHAP,oxide_enthalpy_M,0.12453537198577116,3.0,1.0
GBRT,107,8,False,KernelSHAP,oxide_enthalpy_Mprime,0.06774722324494027,5.0,0.0
GBRT,107,8,False,KernelSHAP,mixing_enthalpy,0.03785827253481484,7.0,0.0
GBRT,107,8,False,KernelSHAP,sublimation_M,0.14948109747044233,2.0,1.0
GBRT,107,8,False,KernelSHAP,sublimation_Mprime,0.013276302887256225,12.0,0.0
GBRT,107,8,False,KernelSHAP,surface_energy_M,0.2453061405018669,1.0,1.0
GBRT,107,8,False,KernelSHAP,electron_density_M,0.023004515540704814,10.0,0.0
GBRT,107,8,False,KernelSHAP,oxide_bandgap,0.09932341035437314,4.0,0.0
LR,107,8,False,PFI,electronegativity_M,-7.247542508339195e-05,14.0,0.0
LR,107,8,False,PFI,electronegativity_Mprime,0.00162398726701526,13.0,0.0
LR,107,8,False,PFI,ionization_M,0.028067939349770723,9.0,0.0
LR,107,8,False,PFI,ionization_Mprime,0.003960394649227099,12.0,0.0
LR,107,8,False,PFI,radius_M,0.033451916278125486,8.0,0.0
LR,107,8,False,PFI,radius_Mprime,0.0595619175797754,4.0,0.0
LR,107,8,False,PFI,oxide_enthalpy_M,0.11386276863912627,3.0,1.0
LR,107,8,False,PFI,oxide_enthalpy_Mprime,0.05391290504004503,5.0,0.0
LR,107,8,False,PFI,mixing_enthalpy,0.03938983290266363,7.0,0.0
LR,107,8,False,PFI,sublimation_M,0.0054398805657376184,11.0,0.0
LR,107,8,False,PFI,sublimation_Mprime,0.0072090330852926255,10.0,0.0
LR,107,8,False,PFI,surface_energy_M,0.7254984736939174,1.0,1.0
LR,107,8,False,PFI,electron_density_M,0.14436800207120673,2.0,1.0
LR,107,8,False,PFI,oxide_bandgap,0.04071110565746365,6.0,0.0
LR,107,8,False,KernelSHAP,electronegativity_M,0.04225215151861073,12.0,0.0
LR,107,8,False,KernelSHAP,electronegativity_Mprime,0.017627654076945068,14.0,0.0
LR,107,8,False,KernelSHAP,ionization_M,0.09540363561452503,10.0,0.0
LR,107,8,False,KernelSHAP,ionization_Mprime,0.023871834909924887,13.0,0.0
LR,107,8,False,KernelSHAP,radius_M,0.09914876365336746,8.0,0.0
LR,107,8,False,KernelSHAP,radius_Mprime,0.15631851082445158,4.0,0.0
LR,107,8,False,KernelSHAP,oxide_enthalpy_M,0.21737495633643256,2.0,1.0
LR,107,8,False,KernelSHAP,oxide_enthalpy_Mprime,0.1345434870490155,5.0,0.0
LR,107,8,False,KernelSHAP,mixing_enthalpy,0.0956756053775682,9.0,0.0
LR,107,8,False,KernelSHAP,sublimation_M,0.04860192472645996,11.0,0.0
LR,107,8,False,KernelSHAP,sublimation_Mprime,0.10205807649400973,7.0,0.0
LR,107,8,False,KernelSHAP,surface_energy_M,0.5754767638554352,1.0,1.0
LR,107,8,False,KernelSHAP,electron_density_M,0.20829242557451805,3.0,1.0
LR,107,8,False,KernelSHAP,oxide_bandgap,0.1144955479633044,6.0,0.0
RF,107,8,False,PFI,electronegativity_M,0.0023420606643447207,8.0,0.0
RF,107,8,False,PFI,electronegativity_Mprime,0.0016948666440513539,11.0,0.0
RF,107,8,False,PFI,ionization_M,0.0020976960989013307,9.0,0.0
RF,107,8,False,PFI,ionization_Mprime,0.002478296256077055,7.0,0.0
RF,107,8,False,PFI,radius_M,0.003257708237102287,6.0,0.0
RF,107,8,False,PFI,radius_Mprime,0.0013300466350515897,12.0,0.0
RF,107,8,False,PFI,oxide_enthalpy_M,0.024489235240958716,2.0,1.0
RF,107,8,False,PFI,oxide_enthalpy_Mprime,0.0018474285542150512,10.0,0.0
RF,107,8,False,PFI,mixing_enthalpy,0.0092120823130078,5.0,0.0
RF,107,8,False,PFI,sublimation_M,0.02442713709416066,3.0,1.0
RF,107,8,False,PFI,sublimation_Mprime,-0.0010565192221301607,14.0,0.0
RF,107,8,False,PFI,surface_energy_M,0.052455820098509395,1.0,1.0
RF,107,8,False,PFI,electron_density_M,-0.0010016686591228779,13.0,0.0
RF,107,8,False,PFI,oxide_bandgap,0.010083748272792289,4.0,0.0
RF,107,8,False,KernelSHAP,electronegativity_M,0.026995356063777565,8.0,0.0
RF,107,8,False,KernelSHAP,electronegativity_Mprime,0.026581952614738863,9.0,0.0
RF,107,8,False,KernelSHAP,ionization_M,0.013502007257221709,13.0,0.0
RF,107,8,False,KernelSHAP,ionization_Mprime,0.01853186629687228,11.0,0.0
RF,107,8,False,KernelSHAP,radius_M,0.034854045588415775,6.0,0.0
RF,107,8,False,KernelSHAP,radius_Mprime,0.008895289496167769,14.0,0.0
RF,107,8,False,KernelSHAP,oxide_enthalpy_M,0.07592646242918902,3.0,1.0
RF,107,8,False,KernelSHAP,oxide_enthalpy_Mprime,0.03035448918682171,7.0,0.0
RF,107,8,False,KernelSHAP,mixing_enthalpy,0.020813194240022037,10.0,0.0
RF,107,8,False,KernelSHAP,sublimation_M,0.10651254398217179,2.0,1.0
RF,107,8,False,KernelSHAP,sublimation_Mprime,0.017796011342661722,12.0,0.0
RF,107,8,False,KernelSHAP,surface_energy_M,0.14541195245841365,1.0,1.0
RF,107,8,False,KernelSHAP,electron_density_M,0.046010626980354886,5.0,0.0
RF,107,8,False,KernelSHAP,oxide_bandgap,0.0672806289282321,4.0,0.0
SVR,107,8,False,PFI,electronegativity_M,0.0166196984201245,7.0,0.0
SVR,107,8,False,PFI,electronegativity_Mprime,0.00820372503781256,11.0,0.0
SVR,107,8,False,PFI,ionization_M,0.008340251477371214,10.0,0.0
SVR,107,8,False,PFI,ionization_Mprime,0.0009293569703279457,14.0,0.0
SVR,107,8,False,PFI,radius_M,0.04956463377588892,4.0,0.0
SVR,107,8,False,PFI,radius_Mprime,0.05246938135646359,3.0,1.0
SVR,107,8,False,PFI,oxide_enthalpy_M,0.15023752744739202,2.0,1.0
SVR,107,8,False,PFI,oxide_enthalpy_Mprime,0.017299174305169883,6.0,0.0
SVR,107,8,False,PFI,mixing_enthalpy,0.012939968080861602,8.0,0.0
SVR,107,8,False,PFI,sublimation_M,0.010134181560853654,9.0,0.0
SVR,107,8,False,PFI,sublimation_Mprime,0.004757908731769986,13.0,0.0
SVR,107,8,False,PFI,surface_energy_M,0.3432703432455364,1.0,1.0
SVR,107,8,False,PFI,electron_density_M,0.005210402819260216,12.0,0.0
SVR,107,8,False,PFI,oxide_bandgap,0.03270457776776601,5.0,0.0
SVR,107,8,False,KernelSHAP,electronegativity_M,0.058147076897162475,8.0,0.0
SVR,107,8,False,KernelSHAP,electronegativity_Mprime,0.04106583106546883,12.0,0.0
SVR,107,8,False,KernelSHAP,ionization_M,0.05128252913566991,9.0,0.0
SVR,107,8,False,KernelSHAP,ionization_Mprime,0.007041630940327732,14.0,0.0
SVR,107,8,False,KernelSHAP,radius_M,0.12496976583895122,4.0,0.0
SVR,107,8,False,KernelSHAP,radius_Mprime,0.13173735434491105,3.0,1.0
SVR,107,8,False,KernelSHAP,oxide_enthalpy_M,0.22288100054353485,2.0,1.0
SVR,107,8,False,KernelSHAP,oxide_enthalpy_Mprime,0.07626198473362618,6.0,0.0
SVR,107,8,False,KernelSHAP,mixing_enthalpy,0.0509896106313028,10.0,0.0
SVR,107,8,False,KernelSHAP,sublimation_M,0.07606149041049724,7.0,0.0
SVR,107,8,False,KernelSHAP,sublimation_Mprime,0.04269912294315306,11.0,0.0
SVR,107,8,False,KernelSHAP,surface_energy_M,0.37844382184404374,1.0,1.0
SVR,107,8,False,KernelSHAP,electron_density_M,0.033171873516966176,13.0,0.0
SVR,107,8,False,KernelSHAP,oxide_bandgap,0.08860413530678858,5.0,0.0
GBRT,107,9,False,PFI,electronegativity_M,0.009564652480824576,4.0,0.0
GBRT,107,9,False,PFI,electronegativity_Mprime,-0.00423089955171442,13.0,0.0
GBRT,107,9,False,PFI,ionization_M,0.0031984448412573085,10.0,0.0
GBRT,107,9,False,PFI,ionization_Mprime,0.002792411132363065,11.0,0.0
GBRT,107,9,False,PFI,radius_M,0.005249403257951894,8.0,0.0
GBRT,107,9,False,PFI,radius_Mprime,0.006181420457261359,7.0,0.0
GBRT,107,9,False,PFI,oxide_enthalpy_M,0.04812515145826801,2.0,1.0
GBRT,107,9,False,PFI,oxide_enthalpy_Mprime,0.0020881519854190466,12.0,0.0
GBRT,107,9,False,PFI,mixing_enthalpy,0.009399670159836919,5.0,0.0
GBRT,107,9,False,PFI,sublimation_M,0.004729661240982336,9.0,0.0
GBRT,107,9,False,PFI,sublimation_Mprime,-0.0047018353300524686,14.0,0.0
GBRT,107,9,False,PFI,surface_energy_M,0.16633103030211746,1.0,1.0
GBRT,107,9,False,PFI,electron_density_M,0.006649378765318037,6.0,0.0
GBRT,107,9,False,PFI,oxide_bandgap,0.01593521720248268,3.0,1.0
GBRT,107,9,False,KernelSHAP,electronegativity_M,0.0380833726901934,8.0,0.0
GBRT,107,9,False,KernelSHAP,electronegativity_Mprime,0.06761148028436353,6.0,0.0
GBRT,107,9,False,KernelSHAP,ionization_M,0.009761518316326996,14.0,0.0
GBRT,107,9,False,KernelSHAP,ionization_Mprime,0.01216932933790916,12.0,0.0
GBRT,107,9,False,KernelSHAP,radius_M,0.013450557447592876,11.0,0.0
GBRT,107,9,False,KernelSHAP,radius_Mprime,0.027827254796798095,9.0,0.0
GBRT,107,9,False,KernelSHAP,oxide_enthalpy_M,0.08017703195304829,4.0,0.0
GBRT,107,9,False,KernelSHAP,oxide_enthalpy_Mprime,0.07666639412487913,5.0,0.0
GBRT,107,9,False,KernelSHAP,mixing_enthalpy,0.05350815126934081,7.0,0.0
GBRT,107,9,False,KernelSHAP,sublimation_M,0.11144728573136721,2.0,1.0
GBRT,107,9,False,KernelSHAP,sublimation_Mprime,0.023483678752980394,10.0,0.0
GBRT,107,9,False,KernelSHAP,surface_energy_M,0.2727440702086016,1.0,1.0
GBRT,107,9,False,KernelSHAP,electron_density_M,0.010881053840608957,13.0,0.0
GBRT,107,9,False,KernelSHAP,oxide_bandgap,0.1019637191691902,3.0,1.0
LR,107,9,False,PFI,electronegativity_M,0.023369075928103406,12.0,0.0
LR,107,9,False,PFI,electronegativity_Mprime,0.0015006939575689978,14.0,0.0
LR,107,9,False,PFI,ionization_M,0.029021502035735232,10.0,0.0
LR,107,9,False,PFI,ionization_Mprime,0.019316491148683078,13.0,0.0
LR,107,9,False,PFI,radius_M,0.05066058763428895,5.0,0.0
LR,107,9,False,PFI,radius_Mprime,0.039813705123093755,7.0,0.0
LR,107,9,False,PFI,oxide_enthalpy_M,0.10770675015097951,4.0,0.0
LR,107,9,False,PFI,oxide_enthalpy_Mprime,0.12135730278386199,2.0,1.0
LR,107,9,False,PFI,mixing_enthalpy,0.04865758063530294,6.0,0.0
LR,107,9,False,PFI,sublimation_M,0.02972987080793306,9.0,0.0
LR,107,9,False,PFI,sublimation_Mprime,0.03294792419462762,8.0,0.0
LR,107,9,False,PFI,surface_energy_M,0.5801920032204255,1.0,1.0
LR,107,9,False,PFI,electron_density_M,0.1205928297489027,3.0,1.0
LR,107,9,False,PFI,oxide_bandgap,0.028111284107550986,11.0,0.0
LR,107,9,False,KernelSHAP,electronegativity_M,0.08981919714358445,12.0,0.0
LR,107,9,False,KernelSHAP,electronegativity_Mprime,0.006937811954932715,14.0,0.0
LR,107,9,False,KernelSHAP,ionization_M,0.1074007692041507,8.0,0.0
LR,107,9,False,KernelSHAP,ionization_Mprime,0.05645495724309119,13.0,0.0
LR,107,9,False,KernelSHAP,radius_M,0.13785985462727918,7.0,0.0
LR,107,9,False,KernelSHAP,radius_Mprime,0.1516266484862893,6.0,0.0
LR,107,9,False,KernelSHAP,oxide_enthalpy_M,0.1934678331836298,3.0,1.0
LR,107,9,False,KernelSHAP,oxide_enthalpy_Mprime,0.23294747540278302,2.0,1.0
LR,107,9,False,KernelSHAP,mixing_enthalpy,0.09177523827415157,11.0,0.0
LR,107,9,False,KernelSHAP,sublimation_M,0.102056481110545,10.0,0.0
LR,107,9,False,KernelSHAP,sublimation_Mprime,0.1853307917514136,4.0,0.0
LR,107,9,False,KernelSHAP,surface_energy_M,0.524184504011599,1.0,1.0
LR,107,9,False,KernelSHAP,electron_density_M,0.1802381155798013,5.0,0.0
LR,107,9,False,KernelSHAP,oxide_bandgap,0.10217767923221174,9.0,0.0
RF,107,9,False,PFI,electronegativity_M,0.002044683292130058,10.0,0.0
RF,107,9,False,PFI,electronegativity_Mprime,-0.0007660275641768554,13.0,0.0
RF,107,9,False,PFI,ionization_M,0.006500864910962991,6.0,0.0
RF,107,9,False,PFI,ionization_Mprime,0.0012849715448614836,11.0,0.0
RF,107,9,False,PFI,radius_M,0.009831359229210423,5.0,0.0
RF,107,9,False,PFI,radius_Mprime,0.00041260339965912,12.0,0.0
RF,107,9,False,PFI,oxide_enthalpy_M,0.02433393392457796,3.0,1.0
RF,107,9,False,PFI,oxide_enthalpy_Mprime,0.0035838293583038343,9.0,0.0
RF,107,9,False,PFI,mixing_enthalpy,0.004388092620280487,8.0,0.0
RF,107,9,False,PFI,sublimation_M,0.02999027855260854,2.0,1.0
RF,107,9,False,PFI,sublimation_Mprime,-0.001504872019841691,14.0,0.0
RF,107,9,False,PFI,surface_energy_M,0.08492828310709115,1.0,1.0
RF,107,9,False,PFI,electron_density_M,0.0049559756787581144,7.0,0.0
RF,107,9,False,PFI,oxide_bandgap,0.0198673810655566,4.0,0.0
RF,107,9,False,KernelSHAP,electronegativity_M,0.017097098000798165,11.0,0.0
RF,107,9,False,KernelSHAP,electronegativity_Mprime,0.040055005748887276,7.0,0.0
RF,107,9,False,KernelSHAP,ionization_M,0.01609817534930774,12.0,0.0
RF,107,9,False,KernelSHAP,ionization_Mprime,0.006451185571781588,14.0,0.0
RF,107,9,False,KernelSHAP,radius_M,0.04169820860084184,6.0,0.0
RF,107,9,False,KernelSHAP,radius_Mprime,0.01785366092749631,10.0,0.0
RF,107,9,False,KernelSHAP,oxide_enthalpy_M,0.05533488192065476,4.0,0.0
RF,107,9,False,KernelSHAP,oxide_enthalpy_Mprime,0.047402109581623345,5.0,0.0
RF,107,9,False,KernelSHAP,mixing_enthalpy,0.0179315515392215,9.0,0.0
RF,107,9,False,KernelSHAP,sublimation_M,0.10247127567209596,2.0,1.0
RF,107,9,False,KernelSHAP,sublimation_Mprime,0.011375115833916406,13.0,0.0
RF,107,9,False,KernelSHAP,surface_energy_M,0.1817062043114162,1.0,1.0
RF,107,9,False,KernelSHAP,electron_density_M,0.03239029698115834,8.0,0.0
RF,107,9,False,KernelSHAP,oxide_bandgap,0.09201123386662703,3.0,1.0
SVR,107,9,False,PFI,electronegativity_M,0.046999518598130605,4.0,0.0
SVR,107,9,False,PFI,electronegativity_Mprime,0.014877597273899494,8.0,0.0
SVR,107,9,False,PFI,ionization_M,0.011019389357292965,13.0,0.0
SVR,107,9,False,PFI,ionization_Mprime,0.012771164897918639,11.0,0.0
SVR,107,9,False,PFI,radius_M,0.0769103966689315,3.0,1.0
SVR,107,9,False,PFI,radius_Mprime,0.014474525276459788,9.0,0.0
SVR,107,9,False,PFI,oxide_enthalpy_M,0.16147527447661209,2.0,1.0
SVR,107,9,False,PFI,oxide_enthalpy_Mprime,0.03234143206929861,5.0,0.0
SVR,107,9,False,PFI,mixing_enthalpy,0.013703702274085414,10.0,0.0
SVR,107,9,False,PFI,sublimation_M,0.016285449205872136,7.0,0.0
SVR,107,9,False,PFI,sublimation_Mprime,0.011018490262518716,14.0,0.0
SVR,107,9,False,PFI,surface_energy_M,0.21381928784954346,1.0,1.0
SVR,107,9,False,PFI,electron_density_M,0.012192938106635897,12.0,0.0
SVR,107,9,False,PFI,oxide_bandgap,0.018992966560927447,6.0,0.0
SVR,107,9,False,KernelSHAP,electronegativity_M,0.10853693498199715,4.0,0.0
SVR,107,9,False,KernelSHAP,electronegativity_Mprime,0.04861406715797539,13.0,0.0
SVR,107,9,False,KernelSHAP,ionization_M,0.07828338854970164,6.0,0.0
SVR,107,9,False,KernelSHAP,ionization_Mprime,0.015524562907775522,14.0,0.0
SVR,107,9,False,KernelSHAP,radius_M,0.15365183694859724,3.0,1.0
SVR,107,9,False,KernelSHAP,radius_Mprime,0.0667383094160798,8.0,0.0
SVR,107,9,False,KernelSHAP,oxide_enthalpy_M,0.21811767190182707,2.0,1.0
SVR,107,9,False,KernelSHAP,oxide_enthalpy_Mprime,0.10455508251390194,5.0,0.0
SVR,107,9,False,KernelSHAP,mixing_enthalpy,0.052403921608604714,12.0,0.0
SVR,107,9,False,KernelSHAP,sublimation_M,0.07711279425431378,7.0,0.0
SVR,107,9,False,KernelSHAP,sublimation_Mprime,0.05396735308182768,11.0,0.0
SVR,107,9,False,KernelSHAP,surface_energy_M,0.3080939197796125,1.0,1.0
SVR,107,9,False,KernelSHAP,electron_density_M,0.055455024569686574,10.0,0.0
SVR,107,9,False,KernelSHAP,oxide_bandgap,0.06425229578787672,9.0,0.0
GBRT,142,-1,True,PFI,electronegativity_M,0.009331094314764895,6.0,0.0
GBRT,142,-1,True,PFI,electronegativity_Mprime,0.004929809367582202,11.0,0.0
GBRT,142,-1,True,PFI,ionization_M,0.0023420539793132197,13.0,0.0
GBRT,142,-1,True,PFI,ionization_Mprime,0.006471673867961721,9.0,0.0
GBRT,142,-1,True,PFI,radius_M,0.007507944304511359,8.0,0.0
GBRT,142,-1,True,PFI,radius_Mprime,0.008921032716226207,7.0,0.0
GBRT,142,-1,True,PFI,oxide_enthalpy_M,0.06587072382656484,2.0,1.0
GBRT,142,-1,True,PFI,oxide_enthalpy_Mprime,0.0049700173890744135,10.0,0.0
GBRT,142,-1,True,PFI,mixing_enthalpy,0.00348421477204601,12.0,0.0
GBRT,142,-1,True,PFI,sublimation_M,0.010302536475541706,5.0,0.0
GBRT,142,-1,True,PFI,sublimation_Mprime,-0.001498206182777462,14.0,0.0
GBRT,142,-1,True,PFI,surface_energy_M,0.24880084572077982,1.0,1.0
GBRT,142,-1,True,PFI,electron_density_M,0.015678627862948685,4.0,0.0
GBRT,142,-1,True,PFI,oxide_bandgap,0.019765366018575602,3.0,1.0
GBRT,142,-1,True,KernelSHAP,electronegativity_M,0.0393852556237058,8.0,0.0
GBRT,142,-1,True,KernelSHAP,electronegativity_Mprime,0.05342626195510411,6.0,0.0
GBRT,142,-1,True,KernelSHAP,ionization_M,0.01416413683620109,13.0,0.0
GBRT,142,-1,True,KernelSHAP,ionization_Mprime,0.014893382132258512,11.0,0.0
GBRT,142,-1,True,KernelSHAP,radius_M,0.012291150499644517,14.0,0.0
GBRT,142,-1,True,KernelSHAP,radius_Mprime,0.019942339839835954,10.0,0.0
GBRT,142,-1,True,KernelSHAP,oxide_enthalpy_M,0.11081242868473677,2.0,1.0
GBRT,142,-1,True,KernelSHAP,oxide_enthalpy_Mprime,0.09319547185273884,4.0,0.0
GBRT,142,-1,True,KernelSHAP,mixing_enthalpy,0.04357814280528182,7.0,0.0
GBRT,142,-1,True,KernelSHAP,sublimation_M,0.11079317342691888,3.0,1.0
GBRT,142,-1,True,KernelSHAP,sublimation_Mprime,0.014312039663309632,12.0,0.0
GBRT,142,-1,True,KernelSHAP,surface_energy_M,0.3040048169890992,1.0,1.0
GBRT,142,-1,True,KernelSHAP,electron_density_M,0.030717114813658002,9.0,0.0
GBRT,142,-1,True,KernelSHAP,oxide_bandgap,0.08327138033027795,5.0,0.0
LR,142,-1,True,PFI,electronegativity_M,0.0044528309420241025,13.0,0.0
LR,142,-1,True,PFI,electronegativity_Mprime,-0.002004653350064478,14.0,0.0
LR,142,-1,True,PFI,ionization_M,0.024496806936743772,7.0,0.0
LR,142,-1,True,PFI,ionization_Mprime,0.00590340577829111,12.0,0.0
LR,142,-1,True,PFI,radius_M,0.038114396389352614,6.0,0.0
LR,142,-1,True,PFI,radius_Mprime,0.009208656690239757,11.0,0.0
LR,142,-1,True,PFI,oxide_enthalpy_M,0.10380879246816582,3.0,1.0
LR,142,-1,True,PFI,oxide_enthalpy_Mprime,0.07630267121932482,4.0,0.0
LR,142,-1,True,PFI,mixing_enthalpy,0.039051197721648175,5.0,0.0
LR,142,-1,True,PFI,sublimation_M,0.013752595166818612,10.0,0.0
LR,142,-1,True,PFI,sublimation_Mprime,0.01594589324008141,8.0,0.0
LR,142,-1,True,PFI,surface_energy_M,0.7180010108998158,1.0,1.0
LR,142,-1,True,PFI,electron_density_M,0.16324822043597403,2.0,1.0
LR,142,-1,True,PFI,oxide_bandgap,0.015046036572691702,9.0,0.0
LR,142,-1,True,KernelSHAP,electronegativity_M,0.05278173861834437,12.0,0.0
LR,142,-1,True,KernelSHAP,electronegativity_Mprime,0.04547768603598437,13.0,0.0
LR,142,-1,True,KernelSHAP,ionization_M,0.09367981982431653,7.0,0.0
LR,142,-1,True,KernelSHAP,ionization_Mprime,0.025983225010196422,14.0,0.0
LR,142,-1,True,KernelSHAP,radius_M,0.11035959601360706,6.0,0.0
LR,142,-1,True,KernelSHAP,radius_Mprime,0.08121818902654326,9.0,0.0
LR,142,-1,True,KernelSHAP,oxide_enthalpy_M,0.19570430209988698,3.0,1.0
LR,142,-1,True,KernelSHAP,oxide_enthalpy_Mprime,0.1784436826390085,4.0,0.0
LR,142,-1,True,KernelSHAP,mixing_enthalpy,0.08617951779420158,8.0,0.0
LR,142,-1,True,KernelSHAP,sublimation_M,0.07703071740117658,10.0,0.0
LR,142,-1,True,KernelSHAP,sublimation_Mprime,0.12521740360998246,5.0,0.0
LR,142,-1,True,KernelSHAP,surface_energy_M,0.5757759754710005,1.0,1.0
LR,142,-1,True,KernelSHAP,electron_density_M,0.21733464878377529,2.0,1.0
LR,142,-1,True,KernelSHAP,oxide_bandgap,0.06838159510358063,11.0,0.0
RF,142,-1,True,PFI,electronegativity_M,0.003533378455393412,10.0,0.0
RF,142,-1,True,PFI,electronegativity_Mprime,-0.0013313927494421134,13.0,0.0
RF,142,-1,True,PFI,ionization_M,0.005846030166270233,8.0,0.0
RF,142,-1,True,PFI,ionization_Mprime,0.00229922607144193,11.0,0.0
RF,142,-1,True,PFI,radius_M,0.012777809021676571,5.0,0.0
RF,142,-1,True,PFI,radius_Mprime,0.0010285646443070576,12.0,0.0
RF,142,-1,True,PFI,oxide_enthalpy_M,0.029631813236659057,3.0,1.0
RF,142,-1,True,PFI,oxide_enthalpy_Mprime,0.005618190346400846,9.0,0.0
RF,142,-1,True,PFI,mixing_enthalpy,0.005959999980211007,7.0,0.0
RF,142,-1,True,PFI,sublimation_M,0.03240970877959759,2.0,1.0
RF,142,-1,True,PFI,sublimation_Mprime,-0.001923777206906807,14.0,0.0
RF,142,-1,True,PFI,surface_energy_M,0.07840948818508456,1.0,1.0
RF,142,-1,True,PFI,electron_density_M,0.008725149137033985,6.0,0.0
RF,142,-1,True,PFI,oxide_bandgap,0.017105023289902724,4.0,0.0
RF,142,-1,True,KernelSHAP,electronegativity_M,0.02378845316328279,11.0,0.0
RF,142,-1,True,KernelSHAP,electronegativity_Mprime,0.038141523263194727,6.0,0.0
RF,142,-1,True,KernelSHAP,ionization_M,0.024095958961292768,10.0,0.0
RF,142,-1,True,KernelSHAP,ionization_Mprime,0.009963451049177912,13.0,0.0
RF,142,-1,True,KernelSHAP,radius_M,0.034272101431358705,7.0,0.0
RF,142,-1,True,KernelSHAP,radius_Mprime,0.02532772815709232,9.0,0.0
RF,142,-1,True,KernelSHAP,oxide_enthalpy_M,0.0676241982971138,4.0,0.0
RF,142,-1,True,KernelSHAP,oxide_enthalpy_Mprime,0.05631226405296392,5.0,0.0
RF,142,-1,True,KernelSHAP,mixing_enthalpy,0.021882749031767866,12.0,0.0
RF,142,-1,True,KernelSHAP,sublimation_M,0.1253836108851978,2.0,1.0
RF,142,-1,True,KernelSHAP,sublimation_Mprime,0.006628452172810124,14.0,0.0
RF,142,-1,True,KernelSHAP,surface_energy_M,0.18453645636297306,1.0,1.0
RF,142,-1,True,KernelSHAP,electron_density_M,0.03371384251325259,8.0,0.0
RF,142,-1,True,KernelSHAP,oxide_bandgap,0.07366360884696624,3.0,1.0
SVR,142,-1,True,PFI,electronegativity_M,0.024349076579932388,5.0,0.0
SVR,142,-1,True,PFI,electronegativity_Mprime,0.014358964389718799,7.0,0.0
SVR,142,-1,True,PFI,ionization_M,0.004082373137659495,14.0,0.0
SVR,142,-1,True,PFI,ionization_Mprime,0.012179465322825418,9.0,0.0
SVR,142,-1,True,PFI,radius_M,0.0657254768787372,3.0,1.0
SVR,142,-1,True,PFI,radius_Mprime,0.01204189006911418,10.0,0.0
SVR,142,-1,True,PFI,oxide_enthalpy_M,0.16418107582094846,2.0,1.0
SVR,142,-1,True,PFI,oxide_enthalpy_Mprime,0.03203651065588204,4.0,0.0
SVR,142,-1,True,PFI,mixing_enthalpy,0.008499279640131512,12.0,0.0
SVR,142,-1,True,PFI,sublimation_M,0.01624604160034805,6.0,0.0
SVR,142,-1,True,PFI,sublimation_Mprime,0.011304774515583009,11.0,0.0
SVR,142,-1,True,PFI,surface_energy_M,0.2518125549944269,1.0,1.0
SVR,142,-1,True,PFI,electron_density_M,0.006487513330450829,13.0,0.0
SVR,142,-1,True,PFI,oxide_bandgap,0.01429157236716275,8.0,0.0
SVR,142,-1,True,KernelSHAP,electronegativity_M,0.07315421805432673,6.0,0.0
SVR,142,-1,True,KernelSHAP,electronegativity_Mprime,0.04066834598862626,11.0,0.0
SVR,142,-1,True,KernelSHAP,ionization_M,0.0453372871224148,9.0,0.0
SVR,142,-1,True,KernelSHAP,ionization_Mprime,0.020365290295721115,14.0,0.0
SVR,142,-1,True,KernelSHAP,radius_M,0.141885930465649,3.0,1.0
SVR,142,-1,True,KernelSHAP,radius_Mprime,0.06578553352948739,7.0,0.0
SVR,142,-1,True,KernelSHAP,oxide_enthalpy_M,0.21996525259088592,2.0,1.0
SVR,142,-1,True,KernelSHAP,oxide_enthalpy_Mprime,0.09715515459968864,4.0,0.0
SVR,142,-1,True,KernelSHAP,mixing_enthalpy,0.03838311514873562,13.0,0.0
SVR,142,-1,True,KernelSHAP,sublimation_M,0.0889737040442468,5.0,0.0
SVR,142,-1,True,KernelSHAP,sublimation_Mprime,0.04292008082368651,10.0,0.0
SVR,142,-1,True,KernelSHAP,surface_energy_M,0.334959162642018,1.0,1.0
SVR,142,-1,True,KernelSHAP,electron_density_M,0.03873739561350212,12.0,0.0
SVR,142,-1,True,KernelSHAP,oxide_bandgap,0.06312495378521446,8.0,0.0
GBRT,36,0,False,PFI,electronegativity_M,-0.002716525109854066,12.0,0.0
GBRT,36,0,False,PFI,electronegativity_Mprime,0.003526653267766228,7.0,0.0
GBRT,36,0,False,PFI,ionization_M,-0.0030450710855074725,13.0,0.0
GBRT,36,0,False,PFI,ionization_Mprime,7.590449504786313e-05,9.0,0.0
GBRT,36,0,False,PFI,radius_M,0.01893059736810582,3.0,1.0
GBRT,36,0,False,PFI,radius_Mprime,-0.000666012847948691,10.0,0.0
GBRT,36,0,False,PFI,oxide_enthalpy_M,0.033227421652335616,2.0,1.0
GBRT,36,0,False,PFI,oxide_enthalpy_Mprime,0.007417184365245231,6.0,0.0
GBRT,36,0,False,PFI,mixing_enthalpy,0.01669420318166033,4.0,0.0
GBRT,36,0,False,PFI,sublimation_M,-0.0036724003030622425,14.0,0.0
GBRT,36,0,False,PFI,sublimation_Mprime,-0.001899604814704482,11.0,0.0
GBRT,36,0,False,PFI,surface_energy_M,0.06882382146388145,1.0,1.0
GBRT,36,0,False,PFI,electron_density_M,0.002230785257599343,8.0,0.0
GBRT,36,0,False,PFI,oxide_bandgap,0.009039434972292567,5.0,0.0
GBRT,36,0,False,KernelSHAP,electronegativity_M,0.045317091308011925,9.0,0.0
GBRT,36,0,False,KernelSHAP,electronegativity_Mprime,0.08328808898476255,4.0,0.0
GBRT,36,0,False,KernelSHAP,ionization_M,0.035120076198641936,10.0,0.0
GBRT,36,0,False,KernelSHAP,ionization_Mprime,0.01738933140665306,13.0,0.0
GBRT,36,0,False,KernelSHAP,radius_M,0.13539728243631596,2.0,1.0
GBRT,36,0,False,KernelSHAP,radius_Mprime,0.010033949362498018,14.0,0.0
GBRT,36,0,False,KernelSHAP,oxide_enthalpy_M,0.09930061961919431,3.0,1.0
GBRT,36,0,False,KernelSHAP,oxide_enthalpy_Mprime,0.05437448972090472,7.0,0.0
GBRT,36,0,False,KernelSHAP,mixing_enthalpy,0.06004388277527525,6.0,0.0
GBRT,36,0,False,KernelSHAP,sublimation_M,0.07824923998454804,5.0,0.0
GBRT,36,0,False,KernelSHAP,sublimation_Mprime,0.02296883536585054,12.0,0.0
GBRT,36,0,False,KernelSHAP,surface_energy_M,0.20537319224356101,1.0,1.0
GBRT,36,0,False,KernelSHAP,electron_density_M,0.028194024245571388,11.0,0.0
GBRT,36,0,False,KernelSHAP,oxide_bandgap,0.048322458578427735,8.0,0.0
LR,36,0,False,PFI,electronegativity_M,0.0002946567069590409,11.0,0.0
LR,36,0,False,PFI,electronegativity_Mprime,0.030680210340075453,6.0,0.0
LR,36,0,False,PFI,ionization_M,8.646271693396185e-05,12.0,0.0
LR,36,0,False,PFI,ionization_Mprime,0.007560961182792823,8.0,0.0
LR,36,0,False,PFI,radius_M,0.0006606168664106302,10.0,0.0
LR,36,0,False,PFI,radius_Mprime,0.006155484205356451,9.0,0.0
LR,36,0,False,PFI,oxide_enthalpy_M,0.08820948483140885,3.0,1.0
LR,36,0,False,PFI,oxide_enthalpy_Mprime,0.12119543948057941,2.0,1.0
LR,36,0,False,PFI,mixing_enthalpy,0.05436769961796021,5.0,0.0
LR,36,0,False,PFI,sublimation_M,-0.0020109271461131147,14.0,0.0
LR,36,0,False,PFI,sublimation_Mprime,0.02108657382255069,7.0,0.0
LR,36,0,False,PFI,surface_energy_M,0.5040132537439884,1.0,1.0
LR,36,0,False,PFI,electron_density_M,0.08225127599361391,4.0,0.0
LR,36,0,False,PFI,oxide_bandgap,-0.001215873897737866,13.0,0.0
LR,36,0,False,KernelSHAP,electronegativity_M,0.01863422846203256,12.0,0.0
LR,36,0,False,KernelSHAP,electronegativity_Mprime,0.1628445688218278,4.0,0.0
LR,36,0,False,KernelSHAP,ionization_M,0.003138535131705813,13.0,0.0
LR,36,0,False,KernelSHAP,ionization_Mprime,0.03775373946651624,9.0,0.0
LR,36,0,False,KernelSHAP,radius_M,0.0030863098284954495,14.0,0.0
LR,36,0,False,KernelSHAP,radius_Mprime,0.04582719663432476,8.0,0.0
LR,36,0,False,KernelSHAP,oxide_enthalpy_M,0.16582537160068672,3.0,1.0
LR,36,0,False,KernelSHAP,oxide_enthalpy_Mprime,0.24405040319818797,2.0,1.0
LR,36,0,False,KernelSHAP,mixing_enthalpy,0.11477048882600305,7.0,0.0
LR,36,0,False,KernelSHAP,sublimation_M,0.025069017543228364,11.0,0.0
LR,36,0,False,KernelSHAP,sublimation_Mprime,0.12074574122035414,6.0,0.0
LR,36,0,False,KernelSHAP,surface_energy_M,0.502673053018256,1.0,1.0
LR,36,0,False,KernelSHAP,electron_density_M,0.1365900133147062,5.0,0.0
LR,36,0,False,KernelSHAP,oxide_bandgap,0.032787438409473874,10.0,0.0
RF,36,0,False,PFI,electronegativity_M,-0.004591741534284904,12.0,0.0
RF,36,0,False,PFI,electronegativity_Mprime,-0.004721279644138243,13.0,0.0
RF,36,0,False,PFI,ionization_M,-0.002474447706196043,11.0,0.0
RF,36,0,False,PFI,ionization_Mprime,-0.00018823394143840794,9.0,0.0
RF,36,0,False,PFI,radius_M,0.013242808121957475,4.0,0.0
RF,36,0,False,PFI,radius_Mprime,-0.006759860459453796,14.0,0.0
RF,36,0,False,PFI,oxide_enthalpy_M,0.013874096301820519,2.0,1.0
RF,36,0,False,PFI,oxide_enthalpy_Mprime,-0.00031955308192353944,10.0,0.0
RF,36,0,False,PFI,mixing_enthalpy,0.013592612377102353,3.0,1.0
RF,36,0,False,PFI,sublimation_M,0.012450045594374301,5.0,0.0
RF,36,0,False,PFI,sublimation_Mprime,0.0007760484325214594,8.0,0.0
RF,36,0,False,PFI,surface_energy_M,0.053713346739029215,1.0,1.0
RF,36,0,False,PFI,electron_density_M,0.002900765628739409,7.0,0.0
RF,36,0,False,PFI,oxide_bandgap,0.004057701717974033,6.0,0.0
RF,36,0,False,KernelSHAP,electronegativity_M,0.08171124740263451,3.0,1.0
RF,36,0,False,KernelSHAP,electronegativity_Mprime,0.026937633875635462,9.0,0.0
RF,36,0,False,KernelSHAP,ionization_M,0.025382002896273986,10.0,0.0
RF,36,0,False,KernelSHAP,ionization_Mprime,0.014385251414409312,14.0,0.0
RF,36,0,False,KernelSHAP,radius_M,0.09720691992700203,2.0,1.0
RF,36,0,False,KernelSHAP,radius_Mprime,0.04502678106930203,7.0,0.0
RF,36,0,False,KernelSHAP,oxide_enthalpy_M,0.048187777572952145,5.0,0.0
RF,36,0,False,KernelSHAP,oxide_enthalpy_Mprime,0.01532049219327218,13.0,0.0
RF,36,0,False,KernelSHAP,mixing_enthalpy,0.044113756865314435,8.0,0.0
RF,36,0,False,KernelSHAP,sublimation_M,0.04760012902569648,6.0,0.0
RF,36,0,False,KernelSHAP,sublimation_Mprime,0.01735224451631783,11.0,0.0
RF,36,0,False,KernelSHAP,surface_energy_M,0.17068603061799958,1.0,1.0
RF,36,0,False,KernelSHAP,electron_density_M,0.06069443909666651,4.0,0.0
RF,36,0,False,KernelSHAP,oxide_bandgap,0.017168549423246852,12.0,0.0
SVR,36,0,False,PFI,electronegativity_M,0.030626966745564553,5.0,0.0
SVR,36,0,False,PFI,electronegativity_Mprime,0.01259068862196064,7.0,0.0
SVR,36,0,False,PFI,ionization_M,-0.002464084237368986,14.0,0.0
SVR,36,0,False,PFI,ionization_Mprime,0.032461159196230924,4.0,0.0
SVR,36,0,False,PFI,radius_M,-0.0012217541774519375,13.0,0.0
SVR,36,0,False,PFI,radius_Mprime,0.0006624882557522555,11.0,0.0
SVR,36,0,False,PFI,oxide_enthalpy_M,0.09412759251250742,1.0,1.0
SVR,36,0,False,PFI,oxide_enthalpy_Mprime,0.05381123384402107,3.0,1.0
SVR,36,0,False,PFI,mixing_enthalpy,0.0043261519831575305,9.0,0.0
SVR,36,0,False,PFI,sublimation_M,0.0036077081239235457,10.0,0.0
SVR,36,0,False,PFI,sublimation_Mprime,0.0005683064711994653,12.0,0.0
SVR,36,0,False,PFI,surface_energy_M,0.07500958583465643,2.0,1.0
SVR,36,0,False,PFI,electron_density_M,0.012546382546243162,8.0,0.0
SVR,36,0,False,PFI,oxide_bandgap,0.014914897029524062,6.0,0.0
SVR,36,0,False,KernelSHAP,electronegativity_M,0.10528453981453209,6.0,0.0
SVR,36,0,False,KernelSHAP,electronegativity_Mprime,0.06443353213339226,7.0,0.0
SVR,36,0,False,KernelSHAP,ionization_M,0.04727005598463759,10.0,0.0
SVR,36,0,False,KernelSHAP,ionization_Mprime,0.10958692535301848,4.0,0.0
SVR,36,0,False,KernelSHAP,radius_M,0.021213148344388647,13.0,0.0
SVR,36,0,False,KernelSHAP,radius_Mprime,0.019738889263023342,14.0,0.0
SVR,36,0,False,KernelSHAP,oxide_enthalpy_M,0.18267037348332707,2.0,1.0
SVR,36,0,False,KernelSHAP,oxide_enthalpy_Mprime,0.1426435494176418,3.0,1.0
SVR,36,0,False,KernelSHAP,mixing_enthalpy,0.022118449905269878,12.0,0.0
SVR,36,0,False,KernelSHAP,sublimation_M,0.05603253788496671,8.0,0.0
SVR,36,0,False,KernelSHAP,sublimation_Mprime,0.028662196648634453,11.0,0.0
SVR,36,0,False,KernelSHAP,surface_energy_M,0.21945278760578116,1.0,1.0
SVR,36,0,False,KernelSHAP,electron_density_M,0.10735231608540707,5.0,0.0
SVR,36,0,False,KernelSHAP,oxide_bandgap,0.051841257841574756,9.0,0.0
GBRT,36,10,False,PFI,electronegativity_M,0.01400693028208941,4.0,0.0
GBRT,36,10,False,PFI,electronegativity_Mprime,0.0019046701498020434,10.0,0.0
GBRT,36,10,False,PFI,ionization_M,-0.011486351618553176,14.0,0.0
GBRT,36,10,False,PFI,ionization_Mprime,0.005452040695152619,9.0,0.0
GBRT,36,10,False,PFI,radius_M,0.055048011761684855,2.0,1.0
GBRT,36,10,False,PFI,radius_Mprime,-0.0052753808146935866,13.0,0.0
GBRT,36,10,False,PFI,oxide_enthalpy_M,0.006939112599225991,7.0,0.0
GBRT,36,10,False,PFI,oxide_enthalpy_Mprime,-0.00013735053040161196,11.0,0.0
GBRT,36,10,False,PFI,mixing_enthalpy,0.009397798293807913,5.0,0.0
GBRT,36,10,False,PFI,sublimation_M,0.03165125323651289,3.0,1.0
GBRT,36,10,False,PFI,sublimation_Mprime,-0.0012264854937785758,12.0,0.0
GBRT,36,10,False,PFI,surface_energy_M,0.0834058607895495,1.0,1.0
GBRT,36,10,False,PFI,electron_density_M,0.005496345248705042,8.0,0.0
GBRT,36,10,False,PFI,oxide_bandgap,0.008316109619306351,6.0,0.0
GBRT,36,10,False,KernelSHAP,electronegativity_M,0.1190107101166285,1.0,1.0
GBRT,36,10,False,KernelSHAP,electronegativity_Mprime,0.057210173211842644,7.0,0.0
GBRT,36,10,False,KernelSHAP,ionization_M,0.07088309438982801,5.0,0.0
GBRT,36,10,False,KernelSHAP,ionization_Mprime,0.0387329859925342,10.0,0.0
GBRT,36,10,False,KernelSHAP,radius_M,0.08985815851471345,2.0,1.0
GBRT,36,10,False,KernelSHAP,radius_Mprime,0.05133125003355844,8.0,0.0
GBRT,36,10,False,KernelSHAP,oxide_enthalpy_M,0.029844226366592334,13.0,0.0
GBRT,36,10,False,KernelSHAP,oxide_enthalpy_Mprime,0.008350379688179334,14.0,0.0
GBRT,36,10,False,KernelSHAP,mixing_enthalpy,0.08723610218543204,4.0,0.0
GBRT,36,10,False,KernelSHAP,sublimation_M,0.06377549317094783,6.0,0.0
GBRT,36,10,False,KernelSHAP,sublimation_Mprime,0.04896506896884188,9.0,0.0
GBRT,36,10,False,KernelSHAP,surface_energy_M,0.08864490607453251,3.0,1.0
GBRT,36,10,False,KernelSHAP,electron_density_M,0.033127609289823695,12.0,0.0
GBRT,36,10,False,KernelSHAP,oxide_bandgap,0.03735016087630696,11.0,0.0
LR,36,10,False,PFI,electronegativity_M,0.015524287684614018,7.0,0.0
LR,36,10,False,PFI,electronegativity_Mprime,0.0011533754237108807,13.0,0.0
LR,36,10,False,PFI,ionization_M,-0.007149251719778482,14.0,0.0
LR,36,10,False,PFI,ionization_Mprime,0.003719675876854365,10.0,0.0
LR,36,10,False,PFI,radius_M,0.005118357018198035,8.0,0.0
LR,36,10,False,PFI,radius_Mprime,0.0037785159688591544,9.0,0.0
LR,36,10,False,PFI,oxide_enthalpy_M,0.18469396887394698,2.0,1.0
LR,36,10,False,PFI,oxide_enthalpy_Mprime,0.03639637756426125,5.0,0.0
LR,36,10,False,PFI,mixing_enthalpy,0.06632899069448155,4.0,0.0
LR,36,10,False,PFI,sublimation_M,0.09574413379369863,3.0,1.0
LR,36,10,False,PFI,sublimation_Mprime,0.01830633253218962,6.0,0.0
LR,36,10,False,PFI,surface_energy_M,0.514837931590423,1.0,1.0
LR,36,10,False,PFI,electron_density_M,0.003587186526597517,11.0,0.0
LR,36,10,False,PFI,oxide_bandgap,0.002589455833230774,12.0,0.0
LR,36,10,False,KernelSHAP,electronegativity_M,0.07010475143551274,8.0,0.0
LR,36,10,False,KernelSHAP,electronegativity_Mprime,0.050887658259193974,11.0,0.0
LR,36,10,False,KernelSHAP,ionization_M,0.06460137689252604,9.0,0.0
LR,36,10,False,KernelSHAP,ionization_Mprime,0.07472198103380073,7.0,0.0
LR,36,10,False,KernelSHAP,radius_M,0.04849174518573621,12.0,0.0
LR,36,10,False,KernelSHAP,radius_Mprime,0.05771246918518128,10.0,0.0
LR,36,10,False,KernelSHAP,oxide_enthalpy_M,0.2501916529388615,2.0,1.0
LR,36,10,False,KernelSHAP,oxide_enthalpy_Mprime,0.12148912739566121,5.0,0.0
LR,36,10,False,KernelSHAP,mixing_enthalpy,0.14867131607228368,4.0,0.0
LR,36,10,False,KernelSHAP,sublimation_M,0.18915132440352767,3.0,1.0
LR,36,10,False,KernelSHAP,sublimation_Mprime,0.0954732978393232,6.0,0.0
LR,36,10,False,KernelSHAP,surface_energy_M,0.4356509173637895,1.0,1.0
LR,36,10,False,KernelSHAP,electron_density_M,0.03191036241201299,13.0,0.0
LR,36,10,False,KernelSHAP,oxide_bandgap,0.019606803864315167,14.0,0.0
RF,36,10,False,PFI,electronegativity_M,0.006257470074360624,6.0,0.0
RF,36,10,False,PFI,electronegativity_Mprime,-0.0005354533238023651,11.0,0.0
RF,36,10,False,PFI,ionization_M,-0.001000942867844313,12.0,0.0
RF,36,10,False,PFI,ionization_Mprime,-0.001435349433276963,13.0,0.0
RF,36,10,False,PFI,radius_M,0.04001899465132153,1.0,1.0
RF,36,10,False,PFI,radius_Mprime,-0.004336145704799985,14.0,0.0
RF,36,10,False,PFI,oxide_enthalpy_M,0.013201318822416309,5.0,0.0
RF,36,10,False,PFI,oxide_enthalpy_Mprime,0.00249566285209762,8.0,0.0
RF,36,10,False,PFI,mixing_enthalpy,-0.00035381541214645623,10.0,0.0
RF,36,10,False,PFI,sublimation_M,0.017914162236566278,3.0,1.0
RF,36,10,False,PFI,sublimation_Mprime,0.0025900786578361952,7.0,0.0
RF,36,10,False,PFI,surface_energy_M,0.016129073527369305,4.0,0.0
RF,36,10,False,PFI,electron_density_M,0.027479822058816546,2.0,1.0
RF,36,10,False,PFI,oxide_bandgap,0.002174350664853391,9.0,0.0
RF,36,10,False,KernelSHAP,electronegativity_M,0.019457042402726367,11.0,0.0
RF,36,10,False,KernelSHAP,electronegativity_Mprime,0.03952052073625247,5.0,0.0
RF,36,10,False,KernelSHAP,ionization_M,0.031878297199564684,7.0,0.0
RF,36,10,False,KernelSHAP,ionization_Mprime,0.022704172594131895,9.0,0.0
RF,36,10,False,KernelSHAP,radius_M,0.062958971158915,2.0,1.0
RF,36,10,False,KernelSHAP,radius_Mprime,0.04606733549383535,4.0,0.0
RF,36,10,False,KernelSHAP,oxide_enthalpy_M,0.03560837075915505,6.0,0.0
RF,36,10,False,KernelSHAP,oxide_enthalpy_Mprime,0.008676622889891801,14.0,0.0
RF,36,10,False,KernelSHAP,mixing_enthalpy,0.02128103334977345,10.0,0.0
RF,36,10,False,KernelSHAP,sublimation_M,0.06045946695799324,3.0,1.0
RF,36,10,False,KernelSHAP,sublimation_Mprime,0.00956367864025455,13.0,0.0
RF,36,10,False,KernelSHAP,surface_energy_M,0.03132244237893053,8.0,0.0
RF,36,10,False,KernelSHAP,electron_density_M,0.09944544100483566,1.0,1.0
RF,36,10,False,KernelSHAP,oxide_bandgap,0.016056535656095734,12.0,0.0
SVR,36,10,False,PFI,electronegativity_M,-0.02830883982550613,14.0,0.0
SVR,36,10,False,PFI,electronegativity_Mprime,0.008935148603018769,6.0,0.0
SVR,36,10,False,PFI,ionization_M,-0.02201803229288839,13.0,0.0
SVR,36,10,False,PFI,ionization_Mprime,0.010013286595913993,5.0,0.0
SVR,36,10,False,PFI,radius_M,-0.0017872074447340296,11.0,0.0
SVR,36,10,False,PFI,radius_Mprime,0.00021320434671235667,10.0,0.0
SVR,36,10,False,PFI,oxide_enthalpy_M,0.16406619503643463,2.0,1.0
SVR,36,10,False,PFI,oxide_enthalpy_Mprime,0.006946070752951964,7.0,0.0
SVR,36,10,False,PFI,mixing_enthalpy,-0.0036047302032153087,12.0,0.0
SVR,36,10,False,PFI,sublimation_M,0.02701720321264652,4.0,0.0
SVR,36,10,False,PFI,sublimation_Mprime,0.005430420550794139,8.0,0.0
SVR,36,10,False,PFI,surface_energy_M,0.17039206503123533,1.0,1.0
SVR,36,10,False,PFI,electron_density_M,0.0329920499141528,3.0,1.0
SVR,36,10,False,PFI,oxide_bandgap,0.003162546044462982,9.0,0.0
SVR,36,10,False,KernelSHAP,electronegativity_M,0.08443738607037825,5.0,0.0
SVR,36,10,False,KernelSHAP,electronegativity_Mprime,0.04746773619982255,9.0,0.0
SVR,36,10,False,KernelSHAP,ionization_M,0.035077869782078025,11.0,0.0
SVR,36,10,False,KernelSHAP,ionization_Mprime,0.05820446600541443,7.0,0.0
SVR,36,10,False,KernelSHAP,radius_M,0.018775217691189117,13.0,0.0
SVR,36,10,False,KernelSHAP,radius_Mprime,0.01155911441904748,14.0,0.0
SVR,36,10,False,KernelSHAP,oxide_enthalpy_M,0.2164694234106247,2.0,1.0
SVR,36,10,False,KernelSHAP,oxide_enthalpy_Mprime,0.037394885010164546,10.0,0.0
SVR,36,10,False,KernelSHAP,mixing_enthalpy,0.08136703548083657,6.0,0.0
SVR,36,10,False,KernelSHAP,sublimation_M,0.09132170006557011,4.0,0.0
SVR,36,10,False,KernelSHAP,sublimation_Mprime,0.04894283573685948,8.0,0.0
SVR,36,10,False,KernelSHAP,surface_energy_M,0.23822675919031935,1.0,1.0
SVR,36,10,False,KernelSHAP,electron_density_M,0.12405568043158238,3.0,1.0
SVR,36,10,False,KernelSHAP,oxide_bandgap,0.020326494422660525,12.0,0.0
GBRT,36,11,False,PFI,electronegativity_M,0.010953242860286391,7.0,0.0
GBRT,36,11,False,PFI,electronegativity_Mprime,-0.00018242831632601467,11.0,0.0
GBRT,36,11,False,PFI,ionization_M,0.009388711751244639,8.0,0.0
GBRT,36,11,False,PFI,ionization_Mprime,-0.002045971338259468,13.0,0.0
GBRT,36,11,False,PFI,radius_M,0.002255126642833641,9.0,0.0
GBRT,36,11,False,PFI,radius_Mprime,-0.0005265622533062016,12.0,0.0
GBRT,36,11,False,PFI,oxide_enthalpy_M,0.02892332350704774,4.0,0.0
GBRT,36,11,False,PFI,oxide_enthalpy_Mprime,-0.0033888232258495765,14.0,0.0
GBRT,36,11,False,PFI,mixing_enthalpy,0.015534420824117288,6.0,0.0
GBRT,36,11,False,PFI,sublimation_M,0.08812252710249752,2.0,1.0
GBRT,36,11,False,PFI,sublimation_Mprime,0.0008269491758243312,10.0,0.0
GBRT,36,11,False,PFI,surface_energy_M,0.3953479645503827,1.0,1.0
GBRT,36,11,False,PFI,electron_density_M,0.035994332583968815,3.0,1.0
GBRT,36,11,False,PFI,oxide_bandgap,0.027595608442504537,5.0,0.0
GBRT,36,11,False,KernelSHAP,electronegativity_M,0.041274384660194785,9.0,0.0
GBRT,36,11,False,KernelSHAP,electronegativity_Mprime,0.012791537916864418,12.0,0.0
GBRT,36,11,False,KernelSHAP,ionization_M,0.054509528953576865,7.0,0.0
GBRT,36,11,False,KernelSHAP,ionization_Mprime,0.011680187995323358,13.0,0.0
GBRT,36,11,False,KernelSHAP,radius_M,0.008747702915853308,14.0,0.0
GBRT,36,11,False,KernelSHAP,radius_Mprime,0.02400498720568694,10.0,0.0
GBRT,36,11,False,KernelSHAP,oxide_enthalpy_M,0.09129217139425068,5.0,0.0
GBRT,36,11,False,KernelSHAP,oxide_enthalpy_Mprime,0.04669716128216455,8.0,0.0
GBRT,36,11,False,KernelSHAP,mixing_enthalpy,0.0715021943668172,6.0,0.0
GBRT,36,11,False,KernelSHAP,sublimation_M,0.12799917188940976,2.0,1.0
GBRT,36,11,False,KernelSHAP,sublimation_Mprime,0.015751161346438322,11.0,0.0
GBRT,36,11,False,KernelSHAP,surface_energy_M,0.3222515093360382,1.0,1.0
GBRT,36,11,False,KernelSHAP,electron_density_M,0.12160502622647804,3.0,1.0
GBRT,36,11,False,KernelSHAP,oxide_bandgap,0.0966168974340603,4.0,0.0
LR,36,11,False,PFI,electronegativity_M,0.022921217227710313,13.0,0.0
LR,36,11,False,PFI,electronegativity_Mprime,0.11406825784719876,5.0,0.0
LR,36,11,False,PFI,ionization_M,0.07402597129826687,7.0,0.0
LR,36,11,False,PFI,ionization_Mprime,0.029158661634021588,11.0,0.0
LR,36,11,False,PFI,radius_M,0.034710302333671304,10.0,0.0
LR,36,11,False,PFI,radius_Mprime,0.1350762537202192,4.0,0.0
LR,36,11,False,PFI,oxide_enthalpy_M,0.024458441995778832,12.0,0.0
LR,36,11,False,PFI,oxide_enthalpy_Mprime,0.07656316754724603,6.0,0.0
LR,36,11,False,PFI,mixing_enthalpy,-0.012528790189507815,14.0,0.0
LR,36,11,False,PFI,sublimation_M,0.31488425869897985,3.0,1.0
LR,36,11,False,PFI,sublimation_Mprime,0.05289112744294351,9.0,0.0
LR,36,11,False,PFI,surface_energy_M,1.0197154413825829,1.0,1.0
LR,36,11,False,PFI,electron_density_M,0.6281582442418515,2.0,1.0
LR,36,11,False,PFI,oxide_bandgap,0.05906327687684138,8.0,0.0
LR,36,11,False,KernelSHAP,electronegativity_M,0.11241124669895314,11.0,0.0
LR,36,11,False,KernelSHAP,electronegativity_Mprime,0.20240695907679276,6.0,0.0
LR,36,11,False,KernelSHAP,ionization_M,0.12344140031555541,10.0,0.0
LR,36,11,False,KernelSHAP,ionization_Mprime,0.05417591422468999,13.0,0.0
LR,36,11,False,KernelSHAP,radius_M,0.1529289742388594,7.0,0.0
LR,36,11,False,KernelSHAP,radius_Mprime,0.3051992947891462,3.0,1.0
LR,36,11,False,KernelSHAP,oxide_enthalpy_M,0.13362001932043327,8.0,0.0
LR,36,11,False,KernelSHAP,oxide_enthalpy_Mprime,0.23831512686217493,5.0,0.0
LR,36,11,False,KernelSHAP,mixing_enthalpy,0.03383328811419352,14.0,0.0
LR,36,11,False,KernelSHAP,sublimation_M,0.2981608234453858,4.0,0.0
LR,36,11,False,KernelSHAP,sublimation_Mprime,0.12698597721022717,9.0,0.0
LR,36,11,False,KernelSHAP,surface_energy_M,0.6093819306521824,1.0,1.0
LR,36,11,False,KernelSHAP,electron_density_M,0.5388943099064103,2.0,1.0
LR,36,11,False,KernelSHAP,oxide_bandgap,0.08970372186919079,12.0,0.0
RF,36,11,False,PFI,electronegativity_M,0.000760983795219463,11.0,0.0
RF,36,11,False,PFI,electronegativity_Mprime,-0.0005719974925079092,12.0,0.0
RF,36,11,False,PFI,ionization_M,0.002058939045689191,8.0,0.0
RF,36,11,False,PFI,ionization_Mprime,-0.0013889620801386291,14.0,0.0
RF,36,11,False,PFI,radius_M,0.005643023221355012,5.0,0.0
RF,36,11,False,PFI,radius_Mprime,-0.0006698277953712218,13.0,0.0
RF,36,11,False,PFI,oxide_enthalpy_M,0.030466984171280374,2.0,1.0
RF,36,11,False,PFI,oxide_enthalpy_Mprime,0.0019106813498608799,9.0,0.0
RF,36,11,False,PFI,mixing_enthalpy,0.0007895869737993555,10.0,0.0
RF,36,11,False,PFI,sublimation_M,0.019657205769428494,3.0,1.0
RF,36,11,False,PFI,sublimation_Mprime,0.0033123065078144104,7.0,0.0
RF,36,11,False,PFI,surface_energy_M,0.13605129423496976,1.0,1.0
RF,36,11,False,PFI,electron_density_M,0.014032771110486238,4.0,0.0
RF,36,11,False,PFI,oxide_bandgap,0.004717235899246232,6.0,0.0
RF,36,11,False,KernelSHAP,electronegativity_M,0.029864035241345583,7.0,0.0
RF,36,11,False,KernelSHAP,electronegativity_Mprime,0.006766064606867964,14.0,0.0
RF,36,11,False,KernelSHAP,ionization_M,0.007792847647280935,13.0,0.0
RF,36,11,False,KernelSHAP,ionization_Mprime,0.010549580068196935,12.0,0.0
RF,36,11,False,KernelSHAP,radius_M,0.01886741054421879,10.0,0.0
RF,36,11,False,KernelSHAP,radius_Mprime,0.021053449520922977,8.0,0.0
RF,36,11,False,KernelSHAP,oxide_enthalpy_M,0.05607615412268076,3.0,1.0
RF,36,11,False,KernelSHAP,oxide_enthalpy_Mprime,0.019692433741896182,9.0,0.0
RF,36,11,False,KernelSHAP,mixing_enthalpy,0.05433503761537022,4.0,0.0
RF,36,11,False,KernelSHAP,sublimation_M,0.0585328804100765,2.0,1.0
RF,36,11,False,KernelSHAP,sublimation_Mprime,0.013932892147648205,11.0,0.0
RF,36,11,False,KernelSHAP,surface_energy_M,0.18823761703315234,1.0,1.0
RF,36,11,False,KernelSHAP,electron_density_M,0.04243011400340171,5.0,0.0
RF,36,11,False,KernelSHAP,oxide_bandgap,0.033282537765073825,6.0,0.0
SVR,36,11,False,PFI,electronegativity_M,0.017120743769689688,9.0,0.0
SVR,36,11,False,PFI,electronegativity_Mprime,0.004610865968622888,14.0,0.0
SVR,36,11,False,PFI,ionization_M,0.007903363557806933,13.0,0.0
SVR,36,11,False,PFI,ionization_Mprime,0.014734909999642677,11.0,0.0
SVR,36,11,False,PFI,radius_M,0.026611724315072298,5.0,0.0
SVR,36,11,False,PFI,radius_Mprime,0.017179115995568327,8.0,0.0
SVR,36,11,False,PFI,oxide_enthalpy_M,0.09337290196646567,2.0,1.0
SVR,36,11,False,PFI,oxide_enthalpy_Mprime,0.01718619760491382,7.0,0.0
SVR,36,11,False,PFI,mixing_enthalpy,0.013306068674349596,12.0,0.0
SVR,36,11,False,PFI,sublimation_M,0.08903756252535146,3.0,1.0
SVR,36,11,False,PFI,sublimation_Mprime,0.014825529464048302,10.0,0.0
SVR,36,11,False,PFI,surface_energy_M,0.2716281068299137,1.0,1.0
SVR,36,11,False,PFI,electron_density_M,0.02995522852248308,4.0,0.0
SVR,36,11,False,PFI,oxide_bandgap,0.023187213063990755,6.0,0.0
SVR,36,11,False,KernelSHAP,electronegativity_M,0.06660813778694391,9.0,0.0
SVR,36,11,False,KernelSHAP,electronegativity_Mprime,0.01970442476053079,14.0,0.0
SVR,36,11,False,KernelSHAP,ionization_M,0.03055137722672025,13.0,0.0
SVR,36,11,False,KernelSHAP,ionization_Mprime,0.04497810599481215,12.0,0.0
SVR,36,11,False,KernelSHAP,radius_M,0.13023609811193576,4.0,0.0
SVR,36,11,False,KernelSHAP,radius_Mprime,0.08828354030494065,6.0,0.0
SVR,36,11,False,KernelSHAP,oxide_enthalpy_M,0.15637867842940667,3.0,1.0
SVR,36,11,False,KernelSHAP,oxide_enthalpy_Mprime,0.11794721552197597,5.0,0.0
SVR,36,11,False,KernelSHAP,mixing_enthalpy,0.054147886001007714,11.0,0.0
SVR,36,11,False,KernelSHAP,sublimation_M,0.1626447482649257,2.0,1.0
SVR,36,11,False,KernelSHAP,sublimation_Mprime,0.055969256650132984,10.0,0.0
SVR,36,11,False,KernelSHAP,surface_energy_M,0.3199549149102299,1.0,1.0
SVR,36,11,False,KernelSHAP,electron_density_M,0.08582323351815653,7.0,0.0
SVR,36,11,False,KernelSHAP,oxide_bandgap,0.07827000862170243,8.0,0.0
GBRT,36,12,False,PFI,electronegativity_M,-0.002183570409911421,13.0,0.0
GBRT,36,12,False,PFI,electronegativity_Mprime,-0.004864751975904232,14.0,0.0
GBRT,36,12,False,PFI,ionization_M,0.0004884704752112607,11.0,0.0
GBRT,36,12,False,PFI,ionization_Mprime,0.0012449222072361793,10.0,0.0
GBRT,36,12,False,PFI,radius_M,0.011339773269466476,5.0,0.0
GBRT,36,12,False,PFI,radius_Mprime,-0.001122301111854195,12.0,0.0
GBRT,36,12,False,PFI,oxide_enthalpy_M,0.027933276522595852,3.0,1.0
GBRT,36,12,False,PFI,oxide_enthalpy_Mprime,0.0022750387864246087,9.0,0.0
GBRT,36,12,False,PFI,mixing_enthalpy,0.005435790240689072,7.0,0.0
GBRT,36,12,False,PFI,sublimation_M,0.06994612766189325,2.0,1.0
GBRT,36,12,False,PFI,sublimation_Mprime,0.002668732076572271,8.0,0.0
GBRT,36,12,False,PFI,surface_energy_M,0.3346035410247338,1.0,1.0
GBRT,36,12,False,PFI,electron_density_M,0.015399046257865423,4.0,0.0
GBRT,36,12,False,PFI,oxide_bandgap,0.00824694900696756,6.0,0.0
GBRT,36,12,False,KernelSHAP,electronegativity_M,0.021923875998176405,13.0,0.0
GBRT,36,12,False,KernelSHAP,electronegativity_Mprime,0.050394925581611606,10.0,0.0
GBRT,36,12,False,KernelSHAP,ionization_M,0.0524068289383894,8.0,0.0
GBRT,36,12,False,KernelSHAP,ionization_Mprime,0.005922299865495356,14.0,0.0
GBRT,36,12,False,KernelSHAP,radius_M,0.05605628380437127,6.0,0.0
GBRT,36,12,False,KernelSHAP,radius_Mprime,0.07892202027972961,4.0,0.0
GBRT,36,12,False,KernelSHAP,oxide_enthalpy_M,0.06819501822034477,5.0,0.0
GBRT,36,12,False,KernelSHAP,oxide_enthalpy_Mprime,0.101486951797299,3.0,1.0
GBRT,36,12,False,KernelSHAP,mixing_enthalpy,0.05198704599391735,9.0,0.0
GBRT,36,12,False,KernelSHAP,sublimation_M,0.13339189845137187,2.0,1.0
GBRT,36,12,False,KernelSHAP,sublimation_Mprime,0.023970345028175938,12.0,0.0
GBRT,36,12,False,KernelSHAP,surface_energy_M,0.33053296926547987,1.0,1.0
GBRT,36,12,False,KernelSHAP,electron_density_M,0.03994913036366584,11.0,0.0
GBRT,36,12,False,KernelSHAP,oxide_bandgap,0.053671871730029234,7.0,0.0
LR,36,12,False,PFI,electronegativity_M,0.010025129054023772,10.0,0.0
LR,36,12,False,PFI,electronegativity_Mprime,-0.006822682861434227,13.0,0.0
LR,36,12,False,PFI,ionization_M,0.020730016334240986,7.0,0.0
LR,36,12,False,PFI,ionization_Mprime,0.02561888487095622,6.0,0.0
LR,36,12,False,PFI,radius_M,0.05085455275186423,4.0,0.0
LR,36,12,False,PFI,radius_Mprime,-0.009606550997738208,14.0,0.0
LR,36,12,False,PFI,oxide_enthalpy_M,0.25784823731496714,2.0,1.0
LR,36,12,False,PFI,oxide_enthalpy_Mprime,0.07943808815000637,3.0,1.0
LR,36,12,False,PFI,mixing_enthalpy,-0.00029117293821653845,12.0,0.0
LR,36,12,False,PFI,sublimation_M,0.01694759668316216,8.0,0.0
LR,36,12,False,PFI,sublimation_Mprime,0.027027694925986244,5.0,0.0
LR,36,12,False,PFI,surface_energy_M,0.39668272717230335,1.0,1.0
LR,36,12,False,PFI,electron_density_M,0.015366336188701733,9.0,0.0
LR,36,12,False,PFI,oxide_bandgap,0.005649521317792639,11.0,0.0
LR,36,12,False,KernelSHAP,electronegativity_M,0.03465714820027929,11.0,0.0
LR,36,12,False,KernelSHAP,electronegativity_Mprime,0.03392771821754334,12.0,0.0
LR,36,12,False,KernelSHAP,ionization_M,0.14515107237084948,4.0,0.0
LR,36,12,False,KernelSHAP,ionization_Mprime,0.045045387543902624,9.0,0.0
LR,36,12,False,KernelSHAP,radius_M,0.13280877052116874,6.0,0.0
LR,36,12,False,KernelSHAP,radius_Mprime,0.08404163471125745,8.0,0.0
LR,36,12,False,KernelSHAP,oxide_enthalpy_M,0.3125102112015885,2.0,1.0
LR,36,12,False,KernelSHAP,oxide_enthalpy_Mprime,0.23723273478285467,3.0,1.0
LR,36,12,False,KernelSHAP,mixing_enthalpy,0.0011844670185756382,14.0,0.0
LR,36,12,False,KernelSHAP,sublimation_M,0.13406697063198056,5.0,0.0
LR,36,12,False,KernelSHAP,sublimation_Mprime,0.11295010006859847,7.0,0.0
LR,36,12,False,KernelSHAP,surface_energy_M,0.44269400239081225,1.0,1.0
LR,36,12,False,KernelSHAP,electron_density_M,0.03708020850862107,10.0,0.0
LR,36,12,False,KernelSHAP,oxide_bandgap,0.021312890036423393,13.0,0.0
RF,36,12,False,PFI,electronegativity_M,0.0005098618063306378,9.0,0.0
RF,36,12,False,PFI,electronegativity_Mprime,-0.006104077666171077,14.0,0.0
RF,36,12,False,PFI,ionization_M,-0.0007153763611095408,11.0,0.0
RF,36,12,False,PFI,ionization_Mprime,0.0006378036591201962,8.0,0.0
RF,36,12,False,PFI,radius_M,0.013901890036120242,3.0,1.0
RF,36,12,False,PFI,radius_Mprime,-0.005571430340562727,13.0,0.0
RF,36,12,False,PFI,oxide_enthalpy_M,0.012425664438704291,4.0,0.0
RF,36,12,False,PFI,oxide_enthalpy_Mprime,-0.0007208251018586905,12.0,0.0
RF,36,12,False,PFI,mixing_enthalpy,0.0014603759921084578,6.0,0.0
RF,36,12,False,PFI,sublimation_M,0.022275327351512074,2.0,1.0
RF,36,12,False,PFI,sublimation_Mprime,0.0009431816988056419,7.0,0.0
RF,36,12,False,PFI,surface_energy_M,0.09724799674182791,1.0,1.0
RF,36,12,False,PFI,electron_density_M,0.00011071764933330008,10.0,0.0
RF,36,12,False,PFI,oxide_bandgap,0.0034151244382363347,5.0,0.0
RF,36,12,False,KernelSHAP,electronegativity_M,0.021725915690385872,11.0,0.0
RF,36,12,False,KernelSHAP,electronegativity_Mprime,0.052126592140464244,4.0,0.0
RF,36,12,False,KernelSHAP,ionization_M,0.014639981317446097,12.0,0.0
RF,36,12,False,KernelSHAP,ionization_Mprime,0.0043741955464144285,14.0,0.0
RF,36,12,False,KernelSHAP,radius_M,0.04636008181877956,5.0,0.0
RF,36,12,False,KernelSHAP,radius_Mprime,0.043550255351448,7.0,0.0
RF,36,12,False,KernelSHAP,oxide_enthalpy_M,0.04534171423920896,6.0,0.0
RF,36,12,False,KernelSHAP,oxide_enthalpy_Mprime,0.057921114563436675,3.0,1.0
RF,36,12,False,KernelSHAP,mixing_enthalpy,0.013704164354146934,13.0,0.0
RF,36,12,False,KernelSHAP,sublimation_M,0.06668237530732449,2.0,1.0
RF,36,12,False,KernelSHAP,sublimation_Mprime,0.0283078373028207,10.0,0.0
RF,36,12,False,KernelSHAP,surface_energy_M,0.1998862220604461,1.0,1.0
RF,36,12,False,KernelSHAP,electron_density_M,0.03796322636784804,8.0,0.0
RF,36,12,False,KernelSHAP,oxide_bandgap,0.02897158133751739,9.0,0.0
SVR,36,12,False,PFI,electronegativity_M,0.00882692273383612,11.0,0.0
SVR,36,12,False,PFI,electronegativity_Mprime,0.030720116539824753,5.0,0.0
SVR,36,12,False,PFI,ionization_M,-0.0032839957241411403,14.0,0.0
SVR,36,12,False,PFI,ionization_Mprime,0.021625955808861792,8.0,0.0
SVR,36,12,False,PFI,radius_M,0.037726277573249506,4.0,0.0
SVR,36,12,False,PFI,radius_Mprime,0.003392364935706475,12.0,0.0
SVR,36,12,False,PFI,oxide_enthalpy_M,0.23549077284057993,1.0,1.0
SVR,36,12,False,PFI,oxide_enthalpy_Mprime,0.02886667430190067,6.0,0.0
SVR,36,12,False,PFI,mixing_enthalpy,0.0026370437069486346,13.0,0.0
SVR,36,12,False,PFI,sublimation_M,0.02296167057569791,7.0,0.0
SVR,36,12,False,PFI,sublimation_Mprime,0.012443144471659721,9.0,0.0
SVR,36,12,False,PFI,surface_energy_M,0.11768970674546456,2.0,1.0
SVR,36,12,False,PFI,electron_density_M,0.03860973769833091,3.0,1.0
SVR,36,12,False,PFI,oxide_bandgap,0.009836272627640358,10.0,0.0
SVR,36,12,False,KernelSHAP,electronegativity_M,0.044375434414449015,11.0,0.0
SVR,36,12,False,KernelSHAP,electronegativity_Mprime,0.14350321511644695,3.0,1.0
SVR,36,12,False,KernelSHAP,ionization_M,0.0835029554817292,8.0,0.0
SVR,36,12,False,KernelSHAP,ionization_Mprime,0.04869982970346445,10.0,0.0
SVR,36,12,False,KernelSHAP,radius_M,0.1217569057885588,6.0,0.0
SVR,36,12,False,KernelSHAP,radius_Mprime,0.012078739170708968,14.0,0.0
SVR,36,12,False,KernelSHAP,oxide_enthalpy_M,0.31244276157056133,1.0,1.0
SVR,36,12,False,KernelSHAP,oxide_enthalpy_Mprime,0.1385889120268386,4.0,0.0
SVR,36,12,False,KernelSHAP,mixing_enthalpy,0.02920915479842949,13.0,0.0
SVR,36,12,False,KernelSHAP,sublimation_M,0.09795107482998835,7.0,0.0
SVR,36,12,False,KernelSHAP,sublimation_Mprime,0.05241462649456888,9.0,0.0
SVR,36,12,False,KernelSHAP,surface_energy_M,0.21893590894563783,2.0,1.0
SVR,36,12,False,KernelSHAP,electron_density_M,0.12575212326653495,5.0,0.0
SVR,36,12,False,KernelSHAP,oxide_bandgap,0.033007248028187455,12.0,0.0
GBRT,36,13,False,PFI,electronegativity_M,0.009656711922962313,6.0,0.0
GBRT,36,13,False,PFI,electronegativity_Mprime,-8.452503144704138e-06,9.0,0.0
GBRT,36,13,False,PFI,ionization_M,-0.0013221000557677083,11.0,0.0
GBRT,36,13,False,PFI,ionization_Mprime,-0.030317268487560764,14.0,0.0
GBRT,36,13,False,PFI,radius_M,0.0004084632280709849,8.0,0.0
GBRT,36,13,False,PFI,radius_Mprime,0.005071342516117076,7.0,0.0
GBRT,36,13,False,PFI,oxide_enthalpy_M,0.021157164674939284,4.0,0.0
GBRT,36,13,False,PFI,oxide_enthalpy_Mprime,-0.0004993514992243126,10.0,0.0
GBRT,36,13,False,PFI,mixing_enthalpy,-0.004592738845560457,13.0,0.0
GBRT,36,13,False,PFI,sublimation_M,0.07836739652054021,2.0,1.0
GBRT,36,13,False,PFI,sublimation_Mprime,-0.0015401271813250802,12.0,0.0
GBRT,36,13,False,PFI,surface_energy_M,0.09727082853502546,1.0,1.0
GBRT,36,13,False,PFI,electron_density_M,0.014388689228695621,5.0,0.0
GBRT,36,13,False,PFI,oxide_bandgap,0.03970020528799757,3.0,1.0
GBRT,36,13,False,KernelSHAP,electronegativity_M,0.06221279037098479,6.0,0.0
GBRT,36,13,False,KernelSHAP,electronegativity_Mprime,0.05198099166888207,9.0,0.0
GBRT,36,13,False,KernelSHAP,ionization_M,0.017643970127997382,13.0,0.0
GBRT,36,13,False,KernelSHAP,ionization_Mprime,0.09981448147945585,4.0,0.0
GBRT,36,13,False,KernelSHAP,radius_M,0.030014276726439415,11.0,0.0
GBRT,36,13,False,KernelSHAP,radius_Mprime,0.06179085239130928,7.0,0.0
GBRT,36,13,False,KernelSHAP,oxide_enthalpy_M,0.06861630029982539,5.0,0.0
GBRT,36,13,False,KernelSHAP,oxide_enthalpy_Mprime,0.053789593942659815,8.0,0.0
GBRT,36,13,False,KernelSHAP,mixing_enthalpy,0.033605595854869975,10.0,0.0
GBRT,36,13,False,KernelSHAP,sublimation_M,0.22445765287405456,2.0,1.0
GBRT,36,13,False,KernelSHAP,sublimation_Mprime,0.027447994579034095,12.0,0.0
GBRT,36,13,False,KernelSHAP,surface_energy_M,0.2704416556939792,1.0,1.0
GBRT,36,13,False,KernelSHAP,electron_density_M,0.012428591540477143,14.0,0.0
GBRT,36,13,False,KernelSHAP,oxide_bandgap,0.1113514330395572,3.0,1.0
LR,36,13,False,PFI,electronegativity_M,0.01299243513210107,9.0,0.0
LR,36,13,False,PFI,electronegativity_Mprime,-0.015576718314497579,14.0,0.0
LR,36,13,False,PFI,ionization_M,0.010571105629538087,10.0,0.0
LR,36,13,False,PFI,ionization_Mprime,0.010081333075938732,11.0,0.0
LR,36,13,False,PFI,radius_M,0.019850080207643474,8.0,0.0
LR,36,13,False,PFI,radius_Mprime,0.0007057668708451699,13.0,0.0
LR,36,13,False,PFI,oxide_enthalpy_M,0.060152738861038266,5.0,0.0
LR,36,13,False,PFI,oxide_enthalpy_Mprime,0.0889333434240407,3.0,1.0
LR,36,13,False,PFI,mixing_enthalpy,0.06021462069121984,4.0,0.0
LR,36,13,False,PFI,sublimation_M,0.02333979309244616,7.0,0.0
LR,36,13,False,PFI,sublimation_Mprime,0.03827382582728181,6.0,0.0
LR,36,13,False,PFI,surface_energy_M,0.6035141510926298,1.0,1.0
LR,36,13,False,PFI,electron_density_M,0.24243691288567285,2.0,1.0
LR,36,13,False,PFI,oxide_bandgap,0.008161073068198733,12.0,0.0
LR,36,13,False,KernelSHAP,electronegativity_M,0.06172756495842741,11.0,0.0
LR,36,13,False,KernelSHAP,electronegativity_Mprime,0.058165883056244386,12.0,0.0
LR,36,13,False,KernelSHAP,ionization_M,0.08082096384535838,9.0,0.0
LR,36,13,False,KernelSHAP,ionization_Mprime,0.024786966121094517,14.0,0.0
LR,36,13,False,KernelSHAP,radius_M,0.06304487160484466,10.0,0.0
LR,36,13,False,KernelSHAP,radius_Mprime,0.13963962532606727,5.0,0.0
LR,36,13,False,KernelSHAP,oxide_enthalpy_M,0.11371156286385958,7.0,0.0
LR,36,13,False,KernelSHAP,oxide_enthalpy_Mprime,0.20448310677076467,3.0,1.0
LR,36,13,False,KernelSHAP,mixing_enthalpy,0.09527682736883404,8.0,0.0
LR,36,13,False,KernelSHAP,sublimation_M,0.12605992611173564,6.0,0.0
LR,36,13,False,KernelSHAP,sublimation_Mprime,0.20165225034618664,4.0,0.0
LR,36,13,False,KernelSHAP,surface_energy_M,0.5627884097062338,1.0,1.0
LR,36,13,False,KernelSHAP,electron_density_M,0.2414727020507901,2.0,1.0
LR,36,13,False,KernelSHAP,oxide_bandgap,0.04104315653938291,13.0,0.0
RF,36,13,False,PFI,electronegativity_M,0.0034848517690128557,8.0,0.0
RF,36,13,False,PFI,electronegativity_Mprime,-0.01103294779775889,13.0,0.0
RF,36,13,False,PFI,ionization_M,0.00449872216018739,6.0,0.0
RF,36,13,False,PFI,ionization_Mprime,-0.012910118289329172,14.0,0.0
RF,36,13,False,PFI,radius_M,0.011466712795579093,3.0,1.0
RF,36,13,False,PFI,radius_Mprime,-0.007883109360593396,12.0,0.0
RF,36,13,False,PFI,oxide_enthalpy_M,0.019925364335994834,2.0,1.0
RF,36,13,False,PFI,oxide_enthalpy_Mprime,-0.001443450141898187,10.0,0.0
RF,36,13,False,PFI,mixing_enthalpy,0.0042021309127061295,7.0,0.0
RF,36,13,False,PFI,sublimation_M,0.009332543904547927,4.0,0.0
RF,36,13,False,PFI,sublimation_Mprime,0.00019177242158378247,9.0,0.0
RF,36,13,False,PFI,surface_energy_M,0.06682963564782315,1.0,1.0
RF,36,13,False,PFI,electron_density_M,-0.002763979232421406,11.0,0.0
RF,36,13,False,PFI,oxide_bandgap,0.007919171531293614,5.0,0.0
RF,36,13,False,KernelSHAP,electronegativity_M,0.019632809334217162,11.0,0.0
RF,36,13,False,KernelSHAP,electronegativity_Mprime,0.03993449103175772,9.0,0.0
RF,36,13,False,KernelSHAP,ionization_M,0.007156728507846516,14.0,0.0
RF,36,13,False,KernelSHAP,ionization_Mprime,0.07654354697195041,3.0,1.0
RF,36,13,False,KernelSHAP,radius_M,0.07386462084156062,4.0,0.0
RF,36,13,False,KernelSHAP,radius_Mprime,0.037949360151955325,10.0,0.0
RF,36,13,False,KernelSHAP,oxide_enthalpy_M,0.05617157261242811,6.0,0.0
RF,36,13,False,KernelSHAP,oxide_enthalpy_Mprime,0.04010669061925358,8.0,0.0
RF,36,13,False,KernelSHAP,mixing_enthalpy,0.015658616299182106,12.0,0.0
RF,36,13,False,KernelSHAP,sublimation_M,0.07247941200230096,5.0,0.0
RF,36,13,False,KernelSHAP,sublimation_Mprime,0.007871111502480953,13.0,0.0
RF,36,13,False,KernelSHAP,surface_energy_M,0.19078860336291537,1.0,1.0
RF,36,13,False,KernelSHAP,electron_density_M,0.0839901747743553,2.0,1.0
RF,36,13,False,KernelSHAP,oxide_bandgap,0.041829109746757936,7.0,0.0
SVR,36,13,False,PFI,electronegativity_M,0.045268971386087445,2.0,1.0
SVR,36,13,False,PFI,electronegativity_Mprime,-0.006471819642152979,11.0,0.0
SVR,36,13,False,PFI,ionization_M,0.000978478066931368,10.0,0.0
SVR,36,13,False,PFI,ionization_Mprime,-0.025815475175483032,14.0,0.0
SVR,36,13,False,PFI,radius_M,0.014996688920637444,7.0,0.0
SVR,36,13,False,PFI,radius_Mprime,-0.01611825756338162,13.0,0.0
SVR,36,13,False,PFI,oxide_enthalpy_M,0.1236277561531493,1.0,1.0
SVR,36,13,False,PFI,oxide_enthalpy_Mprime,0.03413069539804714,5.0,0.0
SVR,36,13,False,PFI,mixing_enthalpy,0.015219150466409407,6.0,0.0
SVR,36,13,False,PFI,sublimation_M,0.013300599756580099,8.0,0.0
SVR,36,13,False,PFI,sublimation_Mprime,0.039811911929332415,3.0,1.0
SVR,36,13,False,PFI,surface_energy_M,0.034250020223945195,4.0,0.0
SVR,36,13,False,PFI,electron_density_M,-0.007050135082727466,12.0,0.0
SVR,36,13,False,PFI,oxide_bandgap,0.009601179208432443,9.0,0.0
SVR,36,13,False,KernelSHAP,electronegativity_M,0.09189625405647185,9.0,0.0
SVR,36,13,False,KernelSHAP,electronegativity_Mprime,0.01795655341624258,14.0,0.0
SVR,36,13,False,KernelSHAP,ionization_M,0.06413522975532907,10.0,0.0
SVR,36,13,False,KernelSHAP,ionization_Mprime,0.12487844282851301,5.0,0.0
SVR,36,13,False,KernelSHAP,radius_M,0.027151414996119352,12.0,0.0
SVR,36,13,False,KernelSHAP,radius_Mprime,0.1203761553605459,7.0,0.0
SVR,36,13,False,KernelSHAP,oxide_enthalpy_M,0.19379413207840746,1.0,1.0
SVR,36,13,False,KernelSHAP,oxide_enthalpy_Mprime,0.12320518481310588,6.0,0.0
SVR,36,13,False,KernelSHAP,mixing_enthalpy,0.03161767214978321,11.0,0.0
SVR,36,13,False,KernelSHAP,sublimation_M,0.13919972385924187,4.0,0.0
SVR,36,13,False,KernelSHAP,sublimation_Mprime,0.15611080748284115,3.0,1.0
SVR,36,13,False,KernelSHAP,surface_energy_M,0.19111497245511552,2.0,1.0
SVR,36,13,False,KernelSHAP,electron_density_M,0.10114339976508616,8.0,0.0
SVR,36,13,False,KernelSHAP,oxide_bandgap,0.018643229533284792,13.0,0.0
GBRT,36,14,False,PFI,electronegativity_M,-0.01572902829644762,14.0,0.0
GBRT,36,14,False,PFI,electronegativity_Mprime,-0.0033048272855807992,12.0,0.0
GBRT,36,14,False,PFI,ionization_M,-0.002040539268598067,11.0,0.0
GBRT,36,14,False,PFI,ionization_Mprime,0.0004689939379792701,9.0,0.0
GBRT,36,14,False,PFI,radius_M,0.008493572277486748,6.0,0.0
GBRT,36,14,False,PFI,radius_Mprime,0.0018455693733762032,8.0,0.0
GBRT,36,14,False,PFI,oxide_enthalpy_M,0.021675095157976283,3.0,1.0
GBRT,36,14,False,PFI,oxide_enthalpy_Mprime,0.0035073136434861274,7.0,0.0
GBRT,36,14,False,PFI,mixing_enthalpy,0.01699723683652122,5.0,0.0
GBRT,36,14,False,PFI,sublimation_M,0.030146811141819975,2.0,1.0
GBRT,36,14,False,PFI,sublimation_Mprime,-0.005741041250732161,13.0,0.0
GBRT,36,14,False,PFI,surface_energy_M,0.1513884289530389,1.0,1.0
GBRT,36,14,False,PFI,electron_density_M,-0.0009109658261473063,10.0,0.0
GBRT,36,14,False,PFI,oxide_bandgap,0.01979169369812782,4.0,0.0
GBRT,36,14,False,KernelSHAP,electronegativity_M,0.08668578485160024,4.0,0.0
GBRT,36,14,False,KernelSHAP,electronegativity_Mprime,0.06541198811859218,7.0,0.0
GBRT,36,14,False,KernelSHAP,ionization_M,0.018321851000149936,12.0,0.0
GBRT,36,14,False,KernelSHAP,ionization_Mprime,0.00677150363619922,14.0,0.0
GBRT,36,14,False,KernelSHAP,radius_M,0.0923634845917615,3.0,1.0
GBRT,36,14,False,KernelSHAP,radius_Mprime,0.018525597919702843,11.0,0.0
GBRT,36,14,False,KernelSHAP,oxide_enthalpy_M,0.05039636228756214,8.0,0.0
GBRT,36,14,False,KernelSHAP,oxide_enthalpy_Mprime,0.014021676866962766,13.0,0.0
GBRT,36,14,False,KernelSHAP,mixing_enthalpy,0.07091027250032199,6.0,0.0
GBRT,36,14,False,KernelSHAP,sublimation_M,0.1038713641916454,2.0,1.0
GBRT,36,14,False,KernelSHAP,sublimation_Mprime,0.047061940150327,9.0,0.0
GBRT,36,14,False,KernelSHAP,surface_energy_M,0.28998889442171905,1.0,1.0
GBRT,36,14,False,KernelSHAP,electron_density_M,0.022543825787395267,10.0,0.0
GBRT,36,14,False,KernelSHAP,oxide_bandgap,0.07545994534835693,5.0,0.0
LR,36,14,False,PFI,electronegativity_M,-0.012228758682839232,13.0,0.0
LR,36,14,False,PFI,electronegativity_Mprime,0.0037521882143939597,8.0,0.0
LR,36,14,False,PFI,ionization_M,0.011939715912141987,6.0,0.0
LR,36,14,False,PFI,ionization_Mprime,0.0007219659734234728,9.0,0.0
LR,36,14,False,PFI,radius_M,0.02092958431259011,5.0,0.0
LR,36,14,False,PFI,radius_Mprime,0.05839795746881364,4.0,0.0
LR,36,14,False,PFI,oxide_enthalpy_M,0.15469269258709614,2.0,1.0
LR,36,14,False,PFI,oxide_enthalpy_Mprime,0.0048454128050755925,7.0,0.0
LR,36,14,False,PFI,mixing_enthalpy,-0.004200905019403289,11.0,0.0
LR,36,14,False,PFI,sublimation_M,-0.0004382571057679122,10.0,0.0
LR,36,14,False,PFI,sublimation_Mprime,-0.0238394441536814,14.0,0.0
LR,36,14,False,PFI,surface_energy_M,0.2538476186306072,1.0,1.0
LR,36,14,False,PFI,electron_density_M,-0.005939284248676818,12.0,0.0
LR,36,14,False,PFI,oxide_bandgap,0.06710319888311951,3.0,1.0
LR,36,14,False,KernelSHAP,electronegativity_M,0.05732915334297341,6.0,0.0
LR,36,14,False,KernelSHAP,electronegativity_Mprime,0.023488959310612127,9.0,0.0
LR,36,14,False,KernelSHAP,ionization_M,0.042226086159532196,8.0,0.0
LR,36,14,False,KernelSHAP,ionization_Mprime,0.006807981806317971,14.0,0.0
LR,36,14,False,KernelSHAP,radius_M,0.05116120485618407,7.0,0.0
LR,36,14,False,KernelSHAP,radius_Mprime,0.14164093797112992,4.0,0.0
LR,36,14,False,KernelSHAP,oxide_enthalpy_M,0.2439125421372392,2.0,1.0
LR,36,14,False,KernelSHAP,oxide_enthalpy_Mprime,0.014672124333677393,12.0,0.0
LR,36,14,False,KernelSHAP,mixing_enthalpy,0.014897986356409841,11.0,0.0
LR,36,14,False,KernelSHAP,sublimation_M,0.011524689730517746,13.0,0.0
LR,36,14,False,KernelSHAP,sublimation_Mprime,0.09516751803908569,5.0,0.0
LR,36,14,False,KernelSHAP,surface_energy_M,0.4367342403500316,1.0,1.0
LR,36,14,False,KernelSHAP,electron_density_M,0.018448327075599222,10.0,0.0
LR,36,14,False,KernelSHAP,oxide_bandgap,0.18895510536975485,3.0,1.0
RF,36,14,False,PFI,electronegativity_M,-0.01426108978500459,14.0,0.0
RF,36,14,False,PFI,electronegativity_Mprime,-0.0021163450218040893,12.0,0.0
RF,36,14,False,PFI,ionization_M,0.0007215446840410269,8.0,0.0
RF,36,14,False,PFI,ionization_Mprime,0.001195771472310697,7.0,0.0
RF,36,14,False,PFI,radius_M,0.0005235976460032515,9.0,0.0
RF,36,14,False,PFI,radius_Mprime,-0.00042346351569628966,10.0,0.0
RF,36,14,False,PFI,oxide_enthalpy_M,0.018017229928110293,2.0,1.0
RF,36,14,False,PFI,oxide_enthalpy_Mprime,0.0016600365279392066,6.0,0.0
RF,36,14,False,PFI,mixing_enthalpy,0.005208664601199412,5.0,0.0
RF,36,14,False,PFI,sublimation_M,0.0076313059479866125,4.0,0.0
RF,36,14,False,PFI,sublimation_Mprime,-0.0012209909664628218,11.0,0.0
RF,36,14,False,PFI,surface_energy_M,0.042700320090931755,1.0,1.0
RF,36,14,False,PFI,electron_density_M,-0.006840174128762306,13.0,0.0
RF,36,14,False,PFI,oxide_bandgap,0.01025372705326407,3.0,1.0
RF,36,14,False,KernelSHAP,electronegativity_M,0.04550884174826493,6.0,0.0
RF,36,14,False,KernelSHAP,electronegativity_Mprime,0.03090073939007653,8.0,0.0
RF,36,14,False,KernelSHAP,ionization_M,0.0071234608510321535,14.0,0.0
RF,36,14,False,KernelSHAP,ionization_Mprime,0.007988385147790746,13.0,0.0
RF,36,14,False,KernelSHAP,radius_M,0.05928429441940138,4.0,0.0
RF,36,14,False,KernelSHAP,radius_Mprime,0.008640499243297664,11.0,0.0
RF,36,14,False,KernelSHAP,oxide_enthalpy_M,0.07124646076108276,3.0,1.0
RF,36,14,False,KernelSHAP,oxide_enthalpy_Mprime,0.018760850478222325,9.0,0.0
RF,36,14,False,KernelSHAP,mixing_enthalpy,0.017700314350720676,10.0,0.0
RF,36,14,False,KernelSHAP,sublimation_M,0.05630984695145688,5.0,0.0
RF,36,14,False,KernelSHAP,sublimation_Mprime,0.008271577340397114,12.0,0.0
RF,36,14,False,KernelSHAP,surface_energy_M,0.19373236970078037,1.0,1.0
RF,36,14,False,KernelSHAP,electron_density_M,0.1157952021410477,2.0,1.0
RF,36,14,False,KernelSHAP,oxide_bandgap,0.03732111388562968,7.0,0.0
SVR,36,14,False,PFI,electronegativity_M,0.013044304167212797,7.0,0.0
SVR,36,14,False,PFI,electronegativity_Mprime,-0.0019257417459417328,13.0,0.0
SVR,36,14,False,PFI,ionization_M,0.009085579780438944,8.0,0.0
SVR,36,14,False,PFI,ionization_Mprime,0.005904387666326844,10.0,0.0
SVR,36,14,False,PFI,radius_M,0.033902771913385664,3.0,1.0
SVR,36,14,False,PFI,radius_Mprime,0.014016577570273525,6.0,0.0
SVR,36,14,False,PFI,oxide_enthalpy_M,0.16505430924048542,1.0,1.0
SVR,36,14,False,PFI,oxide_enthalpy_Mprime,0.0287821665859589,5.0,0.0
SVR,36,14,False,PFI,mixing_enthalpy,0.004322571749185456,11.0,0.0
SVR,36,14,False,PFI,sublimation_M,0.007665150897850325,9.0,0.0
SVR,36,14,False,PFI,sublimation_Mprime,-0.01729691783280863,14.0,0.0
SVR,36,14,False,PFI,surface_energy_M,0.07179922651920512,2.0,1.0
SVR,36,14,False,PFI,electron_density_M,0.0015206278390399648,12.0,0.0
SVR,36,14,False,PFI,oxide_bandgap,0.029451315958031445,4.0,0.0
SVR,36,14,False,KernelSHAP,electronegativity_M,0.11147042304952458,5.0,0.0
SVR,36,14,False,KernelSHAP,electronegativity_Mprime,0.03443832100309398,13.0,0.0
SVR,36,14,False,KernelSHAP,ionization_M,0.07321556987495684,8.0,0.0
SVR,36,14,False,KernelSHAP,ionization_Mprime,0.059463188127667994,12.0,0.0
SVR,36,14,False,KernelSHAP,radius_M,0.09685748724581643,7.0,0.0
SVR,36,14,False,KernelSHAP,radius_Mprime,0.06132470903478474,10.0,0.0
SVR,36,14,False,KernelSHAP,oxide_enthalpy_M,0.2551517624251935,2.0,1.0
SVR,36,14,False,KernelSHAP,oxide_enthalpy_Mprime,0.06732194210615493,9.0,0.0
SVR,36,14,False,KernelSHAP,mixing_enthalpy,0.025862390294986465,14.0,0.0
SVR,36,14,False,KernelSHAP,sublimation_M,0.06091875991003215,11.0,0.0
SVR,36,14,False,KernelSHAP,sublimation_Mprime,0.09976417270875687,6.0,0.0
SVR,36,14,False,KernelSHAP,surface_energy_M,0.25688803257224807,1.0,1.0
SVR,36,14,False,KernelSHAP,electron_density_M,0.12041504163483749,4.0,0.0
SVR,36,14,False,KernelSHAP,oxide_bandgap,0.12610343666895568,3.0,1.0
GBRT,36,15,False,PFI,electronegativity_M,0.005004559796527982,5.0,0.0
GBRT,36,15,False,PFI,electronegativity_Mprime,-0.0007145992248067896,10.0,0.0
GBRT,36,15,False,PFI,ionization_M,-0.0023730122916953184,12.0,0.0
GBRT,36,15,False,PFI,ionization_Mprime,-0.0027091201483903445,13.0,0.0
GBRT,36,15,False,PFI,radius_M,0.002979801470164869,8.0,0.0
GBRT,36,15,False,PFI,radius_Mprime,-0.00041046289823311994,9.0,0.0
GBRT,36,15,False,PFI,oxide_enthalpy_M,0.05332233309572091,2.0,1.0
GBRT,36,15,False,PFI,oxide_enthalpy_Mprime,-0.0037841938045695372,14.0,0.0
GBRT,36,15,False,PFI,mixing_enthalpy,0.004190747306446242,6.0,0.0
GBRT,36,15,False,PFI,sublimation_M,0.09333824576632825,1.0,1.0
GBRT,36,15,False,PFI,sublimation_Mprime,-0.00174213801073361,11.0,0.0
GBRT,36,15,False,PFI,surface_energy_M,0.02826990092597145,3.0,1.0
GBRT,36,15,False,PFI,electron_density_M,0.004080602095661416,7.0,0.0
GBRT,36,15,False,PFI,oxide_bandgap,0.026141443835423387,4.0,0.0
GBRT,36,15,False,KernelSHAP,electronegativity_M,0.02345305287323267,10.0,0.0
GBRT,36,15,False,KernelSHAP,electronegativity_Mprime,0.024948828639060772,9.0,0.0
GBRT,36,15,False,KernelSHAP,ionization_M,0.019680565421581666,11.0,0.0
GBRT,36,15,False,KernelSHAP,ionization_Mprime,0.03375432962099842,8.0,0.0
GBRT,36,15,False,KernelSHAP,radius_M,0.06629377851733835,6.0,0.0
GBRT,36,15,False,KernelSHAP,radius_Mprime,0.011656344824189976,13.0,0.0
GBRT,36,15,False,KernelSHAP,oxide_enthalpy_M,0.11893699528061677,3.0,1.0
GBRT,36,15,False,KernelSHAP,oxide_enthalpy_Mprime,0.018562035876449678,12.0,0.0
GBRT,36,15,False,KernelSHAP,mixing_enthalpy,0.04220681915990115,7.0,0.0
GBRT,36,15,False,KernelSHAP,sublimation_M,0.24294498632260517,1.0,1.0
GBRT,36,15,False,KernelSHAP,sublimation_Mprime,0.010453619729321401,14.0,0.0
GBRT,36,15,False,KernelSHAP,surface_energy_M,0.12766361703916865,2.0,1.0
GBRT,36,15,False,KernelSHAP,electron_density_M,0.09174771438696075,5.0,0.0
GBRT,36,15,False,KernelSHAP,oxide_bandgap,0.11386629813977832,4.0,0.0
LR,36,15,False,PFI,electronegativity_M,-0.000859869921692843,13.0,0.0
LR,36,15,False,PFI,electronegativity_Mprime,0.002636806120891853,11.0,0.0
LR,36,15,False,PFI,ionization_M,0.010368228646205357,8.0,0.0
LR,36,15,False,PFI,ionization_Mprime,0.002360169923785057,12.0,0.0
LR,36,15,False,PFI,radius_M,0.03360363911165932,4.0,0.0
LR,36,15,False,PFI,radius_Mprime,0.0084427617488871,9.0,0.0
LR,36,15,False,PFI,oxide_enthalpy_M,0.20778764937724814,2.0,1.0
LR,36,15,False,PFI,oxide_enthalpy_Mprime,0.09817311456568585,3.0,1.0
LR,36,15,False,PFI,mixing_enthalpy,0.023988034429871224,5.0,0.0
LR,36,15,False,PFI,sublimation_M,0.012187552350957325,7.0,0.0
LR,36,15,False,PFI,sublimation_Mprime,0.02364230768877589,6.0,0.0
LR,36,15,False,PFI,surface_energy_M,0.5154795046736013,1.0,1.0
LR,36,15,False,PFI,electron_density_M,0.006675811226046205,10.0,0.0
LR,36,15,False,PFI,oxide_bandgap,-0.0016013259709587327,14.0,0.0
LR,36,15,False,KernelSHAP,electronegativity_M,0.005345837623448429,14.0,0.0
LR,36,15,False,KernelSHAP,electronegativity_Mprime,0.058352207004883784,9.0,0.0
LR,36,15,False,KernelSHAP,ionization_M,0.0848885534989501,6.0,0.0
LR,36,15,False,KernelSHAP,ionization_Mprime,0.05080130095008362,10.0,0.0
LR,36,15,False,KernelSHAP,radius_M,0.08903842306259596,5.0,0.0
LR,36,15,False,KernelSHAP,radius_Mprime,0.06877505904415385,8.0,0.0
LR,36,15,False,KernelSHAP,oxide_enthalpy_M,0.2805393635057703,2.0,1.0
LR,36,15,False,KernelSHAP,oxide_enthalpy_Mprime,0.1683181093309129,4.0,0.0
LR,36,15,False,KernelSHAP,mixing_enthalpy,0.06970424454151397,7.0,0.0
LR,36,15,False,KernelSHAP,sublimation_M,0.04687616739742106,11.0,0.0
LR,36,15,False,KernelSHAP,sublimation_Mprime,0.21024154621716037,3.0,1.0
LR,36,15,False,KernelSHAP,surface_energy_M,0.5267533059069096,1.0,1.0
LR,36,15,False,KernelSHAP,electron_density_M,0.01732793053657168,12.0,0.0
LR,36,15,False,KernelSHAP,oxide_bandgap,0.009426302381718267,13.0,0.0
RF,36,15,False,PFI,electronegativity_M,0.0040550885081640335,5.0,0.0
RF,36,15,False,PFI,electronegativity_Mprime,-0.00021376644661528544,9.0,0.0
RF,36,15,False,PFI,ionization_M,0.0007270733490417525,7.0,0.0
RF,36,15,False,PFI,ionization_Mprime,-0.000987211182578438,12.0,0.0
RF,36,15,False,PFI,radius_M,-0.00014289602912280808,8.0,0.0
RF,36,15,False,PFI,radius_Mprime,-0.0005540146883985809,10.0,0.0
RF,36,15,False,PFI,oxide_enthalpy_M,0.0287725694492444,2.0,1.0
RF,36,15,False,PFI,oxide_enthalpy_Mprime,-0.0011244875610612937,13.0,0.0
RF,36,15,False,PFI,mixing_enthalpy,0.003174546479537075,6.0,0.0
RF,36,15,False,PFI,sublimation_M,0.047083543112919145,1.0,1.0
RF,36,15,False,PFI,sublimation_Mprime,-0.0007051110149841743,11.0,0.0
RF,36,15,False,PFI,surface_energy_M,0.007112392719069007,3.0,1.0
RF,36,15,False,PFI,electron_density_M,-0.004544224429809011,14.0,0.0
RF,36,15,False,PFI,oxide_bandgap,0.0050736579834261475,4.0,0.0
RF,36,15,False,KernelSHAP,electronegativity_M,0.009023592929621635,13.0,0.0
RF,36,15,False,KernelSHAP,electronegativity_Mprime,0.022446044330277658,8.0,0.0
RF,36,15,False,KernelSHAP,ionization_M,0.004495486093592806,14.0,0.0
RF,36,15,False,KernelSHAP,ionization_Mprime,0.04998321345463014,5.0,0.0
RF,36,15,False,KernelSHAP,radius_M,0.040194791238765536,7.0,0.0
RF,36,15,False,KernelSHAP,radius_Mprime,0.009539594040963549,12.0,0.0
RF,36,15,False,KernelSHAP,oxide_enthalpy_M,0.062080344197197226,4.0,0.0
RF,36,15,False,KernelSHAP,oxide_enthalpy_Mprime,0.013904221029310083,10.0,0.0
RF,36,15,False,KernelSHAP,mixing_enthalpy,0.01815156784186506,9.0,0.0
RF,36,15,False,KernelSHAP,sublimation_M,0.1673439599666084,1.0,1.0
RF,36,15,False,KernelSHAP,sublimation_Mprime,0.012448102715414655,11.0,0.0
RF,36,15,False,KernelSHAP,surface_energy_M,0.08735741740476803,3.0,1.0
RF,36,15,False,KernelSHAP,electron_density_M,0.09615459622356583,2.0,1.0
RF,36,15,False,KernelSHAP,oxide_bandgap,0.048937526454272476,6.0,0.0
SVR,36,15,False,PFI,electronegativity_M,0.030434461925589663,4.0,0.0
SVR,36,15,False,PFI,electronegativity_Mprime,0.055019909801255346,3.0,1.0
SVR,36,15,False,PFI,ionization_M,0.02752845173092461,6.0,0.0
SVR,36,15,False,PFI,ionization_Mprime,0.002030519992605456,14.0,0.0
SVR,36,15,False,PFI,radius_M,0.010346486890351645,10.0,0.0
SVR,36,15,False,PFI,radius_Mprime,0.02899360849054206,5.0,0.0
SVR,36,15,False,PFI,oxide_enthalpy_M,0.12641883742515672,2.0,1.0
SVR,36,15,False,PFI,oxide_enthalpy_Mprime,0.026509443561024786,7.0,0.0
SVR,36,15,False,PFI,mixing_enthalpy,0.012802613396107273,9.0,0.0
SVR,36,15,False,PFI,sublimation_M,0.021879494555277598,8.0,0.0
SVR,36,15,False,PFI,sublimation_Mprime,0.0064495448133275075,11.0,0.0
SVR,36,15,False,PFI,surface_energy_M,0.16248722039759805,1.0,1.0
SVR,36,15,False,PFI,electron_density_M,0.0021195594192091253,13.0,0.0
SVR,36,15,False,PFI,oxide_bandgap,0.003747531518299904,12.0,0.0
SVR,36,15,False,KernelSHAP,electronegativity_M,0.0974064307700128,5.0,0.0
SVR,36,15,False,KernelSHAP,electronegativity_Mprime,0.1336786110480109,3.0,1.0
SVR,36,15,False,KernelSHAP,ionization_M,0.0895850321553398,7.0,0.0
SVR,36,15,False,KernelSHAP,ionization_Mprime,0.039477210264017695,12.0,0.0
SVR,36,15,False,KernelSHAP,radius_M,0.05479717313969174,10.0,0.0
SVR,36,15,False,KernelSHAP,radius_Mprime,0.11715480296717473,4.0,0.0
SVR,36,15,False,KernelSHAP,oxide_enthalpy_M,0.2181570133706695,2.0,1.0
SVR,36,15,False,KernelSHAP,oxide_enthalpy_Mprime,0.06776123719122797,9.0,0.0
SVR,36,15,False,KernelSHAP,mixing_enthalpy,0.030199306324303374,13.0,0.0
SVR,36,15,False,KernelSHAP,sublimation_M,0.07201515335026648,8.0,0.0
SVR,36,15,False,KernelSHAP,sublimation_Mprime,0.09104339914475917,6.0,0.0
SVR,36,15,False,KernelSHAP,surface_energy_M,0.27454658171386565,1.0,1.0
SVR,36,15,False,KernelSHAP,electron_density_M,0.023663655469061854,14.0,0.0
SVR,36,15,False,KernelSHAP,oxide_bandgap,0.049074079966221866,11.0,0.0
GBRT,36,16,False,PFI,electronegativity_M,0.0010226235102811913,10.0,0.0
GBRT,36,16,False,PFI,electronegativity_Mprime,-0.0006324859395035252,13.0,0.0
GBRT,36,16,False,PFI,ionization_M,-1.1223566206942462e-06,12.0,0.0
GBRT,36,16,False,PFI,ionization_Mprime,0.0014633319188610777,9.0,0.0
GBRT,36,16,False,PFI,radius_M,0.009304885601141536,5.0,0.0
GBRT,36,16,False,PFI,radius_Mprime,0.0005684502693186891,11.0,0.0
GBRT,36,16,False,PFI,oxide_enthalpy_M,0.027708331014155967,3.0,1.0
GBRT,36,16,False,PFI,oxide_enthalpy_Mprime,0.0061403575882538605,6.0,0.0
GBRT,36,16,False,PFI,mixing_enthalpy,0.010319072906252214,4.0,0.0
GBRT,36,16,False,PFI,sublimation_M,0.09223318890904673,2.0,1.0
GBRT,36,16,False,PFI,sublimation_Mprime,-0.0008778831228850907,14.0,0.0
GBRT,36,16,False,PFI,surface_energy_M,0.15984541574625563,1.0,1.0
GBRT,36,16,False,PFI,electron_density_M,0.001490435196166925,8.0,0.0
GBRT,36,16,False,PFI,oxide_bandgap,0.005440482941359411,7.0,0.0
GBRT,36,16,False,KernelSHAP,electronegativity_M,0.012548053516572472,12.0,0.0
GBRT,36,16,False,KernelSHAP,electronegativity_Mprime,0.0718214451555468,5.0,0.0
GBRT,36,16,False,KernelSHAP,ionization_M,0.016809957201229964,11.0,0.0
GBRT,36,16,False,KernelSHAP,ionization_Mprime,0.02287671022096266,10.0,0.0
GBRT,36,16,False,KernelSHAP,radius_M,0.05649697905963761,6.0,0.0
GBRT,36,16,False,KernelSHAP,radius_Mprime,0.024288247112374785,9.0,0.0
GBRT,36,16,False,KernelSHAP,oxide_enthalpy_M,0.07802084117849348,3.0,1.0
GBRT,36,16,False,KernelSHAP,oxide_enthalpy_Mprime,0.053125337106724124,7.0,0.0
GBRT,36,16,False,KernelSHAP,mixing_enthalpy,0.07704288836231678,4.0,0.0
GBRT,36,16,False,KernelSHAP,sublimation_M,0.14774102419605453,2.0,1.0
GBRT,36,16,False,KernelSHAP,sublimation_Mprime,0.011342572832943078,13.0,0.0
GBRT,36,16,False,KernelSHAP,surface_energy_M,0.17899593268635192,1.0,1.0
GBRT,36,16,False,KernelSHAP,electron_density_M,0.007785243040742436,14.0,0.0
GBRT,36,16,False,KernelSHAP,oxide_bandgap,0.04640001879221861,8.0,0.0
LR,36,16,False,PFI,electronegativity_M,0.08826609312376897,7.0,0.0
LR,36,16,False,PFI,electronegativity_Mprime,0.025131910203325607,11.0,0.0
LR,36,16,False,PFI,ionization_M,0.17138123255412765,5.0,0.0
LR,36,16,False,PFI,ionization_Mprime,0.0010597959062452163,14.0,0.0
LR,36,16,False,PFI,radius_M,0.19967189069050514,3.0,1.0
LR,36,16,False,PFI,radius_Mprime,0.002822273614676113,13.0,0.0
LR,36,16,False,PFI,oxide_enthalpy_M,0.09641659768301299,6.0,0.0
LR,36,16,False,PFI,oxide_enthalpy_Mprime,0.05815866160080312,9.0,0.0
LR,36,16,False,PFI,mixing_enthalpy,0.06653537288582585,8.0,0.0
LR,36,16,False,PFI,sublimation_M,0.17817855661490914,4.0,0.0
LR,36,16,False,PFI,sublimation_Mprime,0.0029473627620420786,12.0,0.0
LR,36,16,False,PFI,surface_energy_M,1.4393811696005938,1.0,1.0
LR,36,16,False,PFI,electron_density_M,0.7218790332327827,2.0,1.0
LR,36,16,False,PFI,oxide_bandgap,0.0436252374023856,10.0,0.0
LR,36,16,False,KernelSHAP,electronegativity_M,0.1445045969478665,8.0,0.0
LR,36,16,False,KernelSHAP,electronegativity_Mprime,0.10891062803177888,11.0,0.0
LR,36,16,False,KernelSHAP,ionization_M,0.25614201472590353,5.0,0.0
LR,36,16,False,KernelSHAP,ionization_Mprime,0.004922429275005651,14.0,0.0
LR,36,16,False,KernelSHAP,radius_M,0.286972135581316,3.0,1.0
LR,36,16,False,KernelSHAP,radius_Mprime,0.03274322861716008,13.0,0.0
LR,36,16,False,KernelSHAP,oxide_enthalpy_M,0.22408238344975306,6.0,0.0
LR,36,16,False,KernelSHAP,oxide_enthalpy_Mprime,0.1770315967686977,7.0,0.0
LR,36,16,False,KernelSHAP,mixing_enthalpy,0.14139353379066266,9.0,0.0
LR,36,16,False,KernelSHAP,sublimation_M,0.25946409831959316,4.0,0.0
LR,36,16,False,KernelSHAP,sublimation_Mprime,0.04041080471196454,12.0,0.0
LR,36,16,False,KernelSHAP,surface_energy_M,0.7835946524056135,1.0,1.0
LR,36,16,False,KernelSHAP,electron_density_M,0.5006842631398201,2.0,1.0
LR,36,16,False,KernelSHAP,oxide_bandgap,0.1148586097431224,10.0,0.0
RF,36,16,False,PFI,electronegativity_M,-0.018483601983828462,14.0,0.0
RF,36,16,False,PFI,electronegativity_Mprime,-0.000746214264180306,9.0,0.0
RF,36,16,False,PFI,ionization_M,0.00021387135798230512,7.0,0.0
RF,36,16,False,PFI,ionization_Mprime,-0.005968040703569033,12.0,0.0
RF,36,16,False,PFI,radius_M,0.005059731466154347,6.0,0.0
RF,36,16,False,PFI,radius_Mprime,-0.0003685859288932609,8.0,0.0
RF,36,16,False,PFI,oxide_enthalpy_M,0.013873596897103572,3.0,1.0
RF,36,16,False,PFI,oxide_enthalpy_Mprime,-0.0015229169670567361,10.0,0.0
RF,36,16,False,PFI,mixing_enthalpy,0.0075249711479136155,4.0,0.0
RF,36,16,False,PFI,sublimation_M,0.02663296908022734,1.0,1.0
RF,36,16,False,PFI,sublimation_Mprime,-0.0028227909173148174,11.0,0.0
RF,36,16,False,PFI,surface_energy_M,0.025895798780216635,2.0,1.0
RF,36,16,False,PFI,electron_density_M,-0.014487154568221368,13.0,0.0
RF,36,16,False,PFI,oxide_bandgap,0.005227636555960548,5.0,0.0
RF,36,16,False,KernelSHAP,electronegativity_M,0.028579887120314913,9.0,0.0
RF,36,16,False,KernelSHAP,electronegativity_Mprime,0.04320134984135045,6.0,0.0
RF,36,16,False,KernelSHAP,ionization_M,0.008383822344796744,14.0,0.0
RF,36,16,False,KernelSHAP,ionization_Mprime,0.025958094724823563,10.0,0.0
RF,36,16,False,KernelSHAP,radius_M,0.05866683405994934,4.0,0.0
RF,36,16,False,KernelSHAP,radius_Mprime,0.010891202207894805,13.0,0.0
RF,36,16,False,KernelSHAP,oxide_enthalpy_M,0.06934266708951808,3.0,1.0
RF,36,16,False,KernelSHAP,oxide_enthalpy_Mprime,0.030162129224907495,8.0,0.0
RF,36,16,False,KernelSHAP,mixing_enthalpy,0.045677276091719156,5.0,0.0
RF,36,16,False,KernelSHAP,sublimation_M,0.10896395179097597,2.0,1.0
RF,36,16,False,KernelSHAP,sublimation_Mprime,0.011673039549302707,12.0,0.0
RF,36,16,False,KernelSHAP,surface_energy_M,0.1261043678241306,1.0,1.0
RF,36,16,False,KernelSHAP,electron_density_M,0.04270958058217832,7.0,0.0
RF,36,16,False,KernelSHAP,oxide_bandgap,0.020488512492189765,11.0,0.0
SVR,36,16,False,PFI,electronegativity_M,0.047240532834615975,3.0,1.0
SVR,36,16,False,PFI,electronegativity_Mprime,0.008135939108895629,12.0,0.0
SVR,36,16,False,PFI,ionization_M,0.037447955326522966,6.0,0.0
SVR,36,16,False,PFI,ionization_Mprime,-0.0020228628077822155,14.0,0.0
SVR,36,16,False,PFI,radius_M,0.04355877110022003,5.0,0.0
SVR,36,16,False,PFI,radius_Mprime,0.008165638593778902,11.0,0.0
SVR,36,16,False,PFI,oxide_enthalpy_M,0.175320353847919,2.0,1.0
SVR,36,16,False,PFI,oxide_enthalpy_Mprime,0.019496066280331403,8.0,0.0
SVR,36,16,False,PFI,mixing_enthalpy,0.011086749502599925,10.0,0.0
SVR,36,16,False,PFI,sublimation_M,0.044203660414697116,4.0,0.0
SVR,36,16,False,PFI,sublimation_Mprime,0.014612721985873342,9.0,0.0
SVR,36,16,False,PFI,surface_energy_M,0.227654210121483,1.0,1.0
SVR,36,16,False,PFI,electron_density_M,0.003081465829869837,13.0,0.0
SVR,36,16,False,PFI,oxide_bandgap,0.027975511503104667,7.0,0.0
SVR,36,16,False,KernelSHAP,electronegativity_M,0.09773513425099298,7.0,0.0
SVR,36,16,False,KernelSHAP,electronegativity_Mprime,0.08758224118486335,9.0,0.0
SVR,36,16,False,KernelSHAP,ionization_M,0.14740702861724772,3.0,1.0
SVR,36,16,False,KernelSHAP,ionization_Mprime,0.02154974380320717,14.0,0.0
SVR,36,16,False,KernelSHAP,radius_M,0.14523883916564684,4.0,0.0
SVR,36,16,False,KernelSHAP,radius_Mprime,0.047192534954821425,10.0,0.0
SVR,36,16,False,KernelSHAP,oxide_enthalpy_M,0.23898636690988231,2.0,1.0
SVR,36,16,False,KernelSHAP,oxide_enthalpy_Mprime,0.11113623990977531,5.0,0.0
SVR,36,16,False,KernelSHAP,mixing_enthalpy,0.029915792522423903,12.0,0.0
SVR,36,16,False,KernelSHAP,sublimation_M,0.10613204791329894,6.0,0.0
SVR,36,16,False,KernelSHAP,sublimation_Mprime,0.034727594203313485,11.0,0.0
SVR,36,16,False,KernelSHAP,surface_energy_M,0.2980398377897526,1.0,1.0
SVR,36,16,False,KernelSHAP,electron_density_M,0.023964221241235623,13.0,0.0
SVR,36,16,False,KernelSHAP,oxide_bandgap,0.08858616077150289,8.0,0.0
GBRT,36,17,False,PFI,electronegativity_M,0.010319786507090386,8.0,0.0
GBRT,36,17,False,PFI,electronegativity_Mprime,-0.00026070753566959646,13.0,0.0
GBRT,36,17,False,PFI,ionization_M,0.021320973554772325,3.0,1.0
GBRT,36,17,False,PFI,ionization_Mprime,0.010954809325137937,7.0,0.0
GBRT,36,17,False,PFI,radius_M,0.012590576589452543,6.0,0.0
GBRT,36,17,False,PFI,radius_Mprime,0.0014921059711575702,12.0,0.0
GBRT,36,17,False,PFI,oxide_enthalpy_M,0.01909790901184103,5.0,0.0
GBRT,36,17,False,PFI,oxide_enthalpy_Mprime,0.008665495433950324,9.0,0.0
GBRT,36,17,False,PFI,mixing_enthalpy,0.019910475905180934,4.0,0.0
GBRT,36,17,False,PFI,sublimation_M,0.04692693126478276,2.0,1.0
GBRT,36,17,False,PFI,sublimation_Mprime,-0.00039574599681153346,14.0,0.0
GBRT,36,17,False,PFI,surface_energy_M,0.22410643121642068,1.0,1.0
GBRT,36,17,False,PFI,electron_density_M,0.004577408542173171,10.0,0.0
GBRT,36,17,False,PFI,oxide_bandgap,0.003952775321767344,11.0,0.0
GBRT,36,17,False,KernelSHAP,electronegativity_M,0.04856660902381307,9.0,0.0
GBRT,36,17,False,KernelSHAP,electronegativity_Mprime,0.0827924109315161,3.0,1.0
GBRT,36,17,False,KernelSHAP,ionization_M,0.06954969063059845,5.0,0.0
GBRT,36,17,False,KernelSHAP,ionization_Mprime,0.04404667256048977,10.0,0.0
GBRT,36,17,False,KernelSHAP,radius_M,0.05008023551962244,8.0,0.0
GBRT,36,17,False,KernelSHAP,radius_Mprime,0.03505745353727406,12.0,0.0
GBRT,36,17,False,KernelSHAP,oxide_enthalpy_M,0.04042059051729789,11.0,0.0
GBRT,36,17,False,KernelSHAP,oxide_enthalpy_Mprime,0.07225056449561172,4.0,0.0
GBRT,36,17,False,KernelSHAP,mixing_enthalpy,0.06060106527258104,7.0,0.0
GBRT,36,17,False,KernelSHAP,sublimation_M,0.08743773159397152,2.0,1.0
GBRT,36,17,False,KernelSHAP,sublimation_Mprime,0.017418590692445297,14.0,0.0
GBRT,36,17,False,KernelSHAP,surface_energy_M,0.20549510517907643,1.0,1.0
GBRT,36,17,False,KernelSHAP,electron_density_M,0.018549146924695892,13.0,0.0
GBRT,36,17,False,KernelSHAP,oxide_bandgap,0.06632856861135678,6.0,0.0
LR,36,17,False,PFI,electronegativity_M,0.041147935235982286,7.0,0.0
LR,36,17,False,PFI,electronegativity_Mprime,0.002508174223691681,14.0,0.0
LR,36,17,False,PFI,ionization_M,0.03793348493891483,8.0,0.0
LR,36,17,False,PFI,ionization_Mprime,0.01735406281588041,13.0,0.0
LR,36,17,False,PFI,radius_M,0.03467808210092095,9.0,0.0
LR,36,17,False,PFI,radius_Mprime,0.030448847723779388,10.0,0.0
LR,36,17,False,PFI,oxide_enthalpy_M,0.025083258955656298,11.0,0.0
LR,36,17,False,PFI,oxide_enthalpy_Mprime,0.2276689964826438,3.0,1.0
LR,36,17,False,PFI,mixing_enthalpy,0.05247672004922657,6.0,0.0
LR,36,17,False,PFI,sublimation_M,0.1543643157118556,4.0,0.0
LR,36,17,False,PFI,sublimation_Mprime,0.05533967543799244,5.0,0.0
LR,36,17,False,PFI,surface_energy_M,0.7071422396787554,1.0,1.0
LR,36,17,False,PFI,electron_density_M,0.3973797640311518,2.0,1.0
LR,36,17,False,PFI,oxide_bandgap,0.024598686570430146,12.0,0.0
LR,36,17,False,KernelSHAP,electronegativity_M,0.21101603213120038,5.0,0.0
LR,36,17,False,KernelSHAP,electronegativity_Mprime,0.010244950693829356,14.0,0.0
LR,36,17,False,KernelSHAP,ionization_M,0.06139163764034228,12.0,0.0
LR,36,17,False,KernelSHAP,ionization_Mprime,0.054127848713584864,13.0,0.0
LR,36,17,False,KernelSHAP,radius_M,0.08442169838186431,9.0,0.0
LR,36,17,False,KernelSHAP,radius_Mprime,0.15246995679919426,8.0,0.0
LR,36,17,False,KernelSHAP,oxide_enthalpy_M,0.15400046227902503,7.0,0.0
LR,36,17,False,KernelSHAP,oxide_enthalpy_Mprime,0.32534470737550747,3.0,1.0
LR,36,17,False,KernelSHAP,mixing_enthalpy,0.07120112888804207,11.0,0.0
LR,36,17,False,KernelSHAP,sublimation_M,0.21404387675373807,4.0,0.0
LR,36,17,False,KernelSHAP,sublimation_Mprime,0.21034872114999018,6.0,0.0
LR,36,17,False,KernelSHAP,surface_energy_M,0.5932690675807132,1.0,1.0
LR,36,17,False,KernelSHAP,electron_density_M,0.3852576762177187,2.0,1.0
LR,36,17,False,KernelSHAP,oxide_bandgap,0.08320682085712237,10.0,0.0
RF,36,17,False,PFI,electronegativity_M,0.0025899668968464937,7.0,0.0
RF,36,17,False,PFI,electronegativity_Mprime,-0.00087347389816796,10.0,0.0
RF,36,17,False,PFI,ionization_M,-0.0002775898443050031,8.0,0.0
RF,36,17,False,PFI,ionization_Mprime,-0.008810487795657332,14.0,0.0
RF,36,17,False,PFI,radius_M,0.013792515258476268,3.0,1.0
RF,36,17,False,PFI,radius_Mprime,-0.004723180362915227,12.0,0.0
RF,36,17,False,PFI,oxide_enthalpy_M,0.012536840474402615,4.0,0.0
RF,36,17,False,PFI,oxide_enthalpy_Mprime,-0.0034067196090823548,11.0,0.0
RF,36,17,False,PFI,mixing_enthalpy,0.0054071787188832415,5.0,0.0
RF,36,17,False,PFI,sublimation_M,0.015337259669377674,2.0,1.0
RF,36,17,False,PFI,sublimation_Mprime,-0.0007589245453043597,9.0,0.0
RF,36,17,False,PFI,surface_energy_M,0.07257001646590296,1.0,1.0
RF,36,17,False,PFI,electron_density_M,0.0031026621986131,6.0,0.0
RF,36,17,False,PFI,oxide_bandgap,-0.005217292982887488,13.0,0.0
RF,36,17,False,KernelSHAP,electronegativity_M,0.020347347992027167,12.0,0.0
RF,36,17,False,KernelSHAP,electronegativity_Mprime,0.034393686637579135,7.0,0.0
RF,36,17,False,KernelSHAP,ionization_M,0.03749098078629912,5.0,0.0
RF,36,17,False,KernelSHAP,ionization_Mprime,0.024286688825919542,11.0,0.0
RF,36,17,False,KernelSHAP,radius_M,0.02743014784049748,8.0,0.0
RF,36,17,False,KernelSHAP,radius_Mprime,0.015271362640815363,13.0,0.0
RF,36,17,False,KernelSHAP,oxide_enthalpy_M,0.024519012851020115,10.0,0.0
RF,36,17,False,KernelSHAP,oxide_enthalpy_Mprime,0.03967584503395225,4.0,0.0
RF,36,17,False,KernelSHAP,mixing_enthalpy,0.02681888994101743,9.0,0.0
RF,36,17,False,KernelSHAP,sublimation_M,0.05892268452742371,2.0,1.0
RF,36,17,False,KernelSHAP,sublimation_Mprime,0.006775432627827823,14.0,0.0
RF,36,17,False,KernelSHAP,surface_energy_M,0.1021537699872121,1.0,1.0
RF,36,17,False,KernelSHAP,electron_density_M,0.051519087506021036,3.0,1.0
RF,36,17,False,KernelSHAP,oxide_bandgap,0.03569605497777109,6.0,0.0
SVR,36,17,False,PFI,electronegativity_M,0.11870231179599937,1.0,1.0
SVR,36,17,False,PFI,electronegativity_Mprime,-0.0017955547701631175,12.0,0.0
SVR,36,17,False,PFI,ionization_M,0.003862088089321399,11.0,0.0
SVR,36,17,False,PFI,ionization_Mprime,-0.008932130016633595,14.0,0.0
SVR,36,17,False,PFI,radius_M,0.022776274432942212,8.0,0.0
SVR,36,17,False,PFI,radius_Mprime,-0.007267625975923448,13.0,0.0
SVR,36,17,False,PFI,oxide_enthalpy_M,0.07958775890846295,2.0,1.0
SVR,36,17,False,PFI,oxide_enthalpy_Mprime,0.054516086023629916,4.0,0.0
SVR,36,17,False,PFI,mixing_enthalpy,0.04301658951507587,7.0,0.0
SVR,36,17,False,PFI,sublimation_M,0.05458703724658766,3.0,1.0
SVR,36,17,False,PFI,sublimation_Mprime,0.04370068904086906,5.0,0.0
SVR,36,17,False,PFI,surface_energy_M,0.04350969952246285,6.0,0.0
SVR,36,17,False,PFI,electron_density_M,0.0076612290093179105,10.0,0.0
SVR,36,17,False,PFI,oxide_bandgap,0.013684981440737884,9.0,0.0
SVR,36,17,False,KernelSHAP,electronegativity_M,0.1576436824033751,3.0,1.0
SVR,36,17,False,KernelSHAP,electronegativity_Mprime,0.06252745582098991,10.0,0.0
SVR,36,17,False,KernelSHAP,ionization_M,0.016513794269402624,14.0,0.0
SVR,36,17,False,KernelSHAP,ionization_Mprime,0.019539996415309898,13.0,0.0
SVR,36,17,False,KernelSHAP,radius_M,0.09040912709608082,7.0,0.0
SVR,36,17,False,KernelSHAP,radius_Mprime,0.054014764506339144,11.0,0.0
SVR,36,17,False,KernelSHAP,oxide_enthalpy_M,0.1324492820145483,6.0,0.0
SVR,36,17,False,KernelSHAP,oxide_enthalpy_Mprime,0.19489031806641793,1.0,1.0
SVR,36,17,False,KernelSHAP,mixing_enthalpy,0.07801158139846907,8.0,0.0
SVR,36,17,False,KernelSHAP,sublimation_M,0.15860904266710413,2.0,1.0
SVR,36,17,False,KernelSHAP,sublimation_Mprime,0.1560465446146318,4.0,0.0
SVR,36,17,False,KernelSHAP,surface_energy_M,0.15049078275755787,5.0,0.0
SVR,36,17,False,KernelSHAP,electron_density_M,0.07604619724251999,9.0,0.0
SVR,36,17,False,KernelSHAP,oxide_bandgap,0.04769030372839092,12.0,0.0
GBRT,36,18,False,PFI,electronegativity_M,0.000771718799502608,10.0,0.0
GBRT,36,18,False,PFI,electronegativity_Mprime,-0.00022610553959242913,12.0,0.0
GBRT,36,18,False,PFI,ionization_M,-0.002281381456931142,13.0,0.0
GBRT,36,18,False,PFI,ionization_Mprime,0.008832726461231894,6.0,0.0
GBRT,36,18,False,PFI,radius_M,0.017436357212712878,5.0,0.0
GBRT,36,18,False,PFI,radius_Mprime,0.0007801076049976272,9.0,0.0
GBRT,36,18,False,PFI,oxide_enthalpy_M,0.032885069925498674,3.0,1.0
GBRT,36,18,False,PFI,oxide_enthalpy_Mprime,0.004168650218247668,8.0,0.0
GBRT,36,18,False,PFI,mixing_enthalpy,0.00441652523267557,7.0,0.0
GBRT,36,18,False,PFI,sublimation_M,0.06636677750638988,2.0,1.0
GBRT,36,18,False,PFI,sublimation_Mprime,0.00037974276769973047,11.0,0.0
GBRT,36,18,False,PFI,surface_energy_M,0.20219050246456866,1.0,1.0
GBRT,36,18,False,PFI,electron_density_M,-0.007862236153042136,14.0,0.0
GBRT,36,18,False,PFI,oxide_bandgap,0.03188877474380231,4.0,0.0
GBRT,36,18,False,KernelSHAP,electronegativity_M,0.02166875462132387,11.0,0.0
GBRT,36,18,False,KernelSHAP,electronegativity_Mprime,0.008847811669667548,14.0,0.0
GBRT,36,18,False,KernelSHAP,ionization_M,0.017937615002654256,12.0,0.0
GBRT,36,18,False,KernelSHAP,ionization_Mprime,0.043393851697233005,7.0,0.0
GBRT,36,18,False,KernelSHAP,radius_M,0.05071546918982827,6.0,0.0
GBRT,36,18,False,KernelSHAP,radius_Mprime,0.00939653540824501,13.0,0.0
GBRT,36,18,False,KernelSHAP,oxide_enthalpy_M,0.13975301663681888,2.0,1.0
GBRT,36,18,False,KernelSHAP,oxide_enthalpy_Mprime,0.029967685569425005,10.0,0.0
GBRT,36,18,False,KernelSHAP,mixing_enthalpy,0.07766822342122588,5.0,0.0
GBRT,36,18,False,KernelSHAP,sublimation_M,0.12720800011569522,3.0,1.0
GBRT,36,18,False,KernelSHAP,sublimation_Mprime,0.03816254247584126,9.0,0.0
GBRT,36,18,False,KernelSHAP,surface_energy_M,0.22404724445471708,1.0,1.0
GBRT,36,18,False,KernelSHAP,electron_density_M,0.03883311936425536,8.0,0.0
GBRT,36,18,False,KernelSHAP,oxide_bandgap,0.08144466027185313,4.0,0.0
LR,36,18,False,PFI,electronegativity_M,0.006943680643504208,14.0,0.0
LR,36,18,False,PFI,electronegativity_Mprime,0.1405190234422544,6.0,0.0
LR,36,18,False,PFI,ionization_M,0.025807800156489,12.0,0.0
LR,36,18,False,PFI,ionization_Mprime,0.03911104353868689,9.0,0.0
LR,36,18,False,PFI,radius_M,0.0399134864202695,8.0,0.0
LR,36,18,False,PFI,radius_Mprime,0.5023821558110062,2.0,1.0
LR,36,18,False,PFI,oxide_enthalpy_M,0.1735765210772356,4.0,0.0
LR,36,18,False,PFI,oxide_enthalpy_Mprime,0.0767147940086813,7.0,0.0
LR,36,18,False,PFI,mixing_enthalpy,0.026052802009311125,11.0,0.0
LR,36,18,False,PFI,sublimation_M,0.008989484269572016,13.0,0.0
LR,36,18,False,PFI,sublimation_Mprime,0.0351165337497989,10.0,0.0
LR,36,18,False,PFI,surface_energy_M,0.9662947377579133,1.0,1.0
LR,36,18,False,PFI,electron_density_M,0.20449490002118928,3.0,1.0
LR,36,18,False,PFI,oxide_bandgap,0.17298796228532623,5.0,0.0
LR,36,18,False,KernelSHAP,electronegativity_M,0.03077892751764964,14.0,0.0
LR,36,18,False,KernelSHAP,electronegativity_Mprime,0.24666530028078185,5.0,0.0
LR,36,18,False,KernelSHAP,ionization_M,0.0954756659150804,10.0,0.0
LR,36,18,False,KernelSHAP,ionization_Mprime,0.09506815463261238,11.0,0.0
LR,36,18,False,KernelSHAP,radius_M,0.15547347449151772,9.0,0.0
LR,36,18,False,KernelSHAP,radius_Mprime,0.44730285242071166,2.0,1.0
LR,36,18,False,KernelSHAP,oxide_enthalpy_M,0.2676749297312295,4.0,0.0
LR,36,18,False,KernelSHAP,oxide_enthalpy_Mprime,0.18271679708450925,7.0,0.0
LR,36,18,False,KernelSHAP,mixing_enthalpy,0.06945385614371963,12.0,0.0
LR,36,18,False,KernelSHAP,sublimation_M,0.040494153349826104,13.0,0.0
LR,36,18,False,KernelSHAP,sublimation_Mprime,0.16785451944673077,8.0,0.0
LR,36,18,False,KernelSHAP,surface_energy_M,0.6154808482900386,1.0,1.0
LR,36,18,False,KernelSHAP,electron_density_M,0.28326169275954816,3.0,1.0
LR,36,18,False,KernelSHAP,oxide_bandgap,0.2421717200032511,6.0,0.0
RF,36,18,False,PFI,electronegativity_M,-0.0014205517221799837,14.0,0.0
RF,36,18,False,PFI,electronegativity_Mprime,-0.0004749694245773604,13.0,0.0
RF,36,18,False,PFI,ionization_M,0.00018427227377665033,12.0,0.0
RF,36,18,False,PFI,ionization_Mprime,0.0016001124842470985,8.0,0.0
RF,36,18,False,PFI,radius_M,0.008125711314361603,4.0,0.0
RF,36,18,False,PFI,radius_Mprime,0.00047354155873289677,11.0,0.0
RF,36,18,False,PFI,oxide_enthalpy_M,0.026361959963576223,3.0,1.0
RF,36,18,False,PFI,oxide_enthalpy_Mprime,0.0013372097190181777,9.0,0.0
RF,36,18,False,PFI,mixing_enthalpy,0.0029353075850821427,7.0,0.0
RF,36,18,False,PFI,sublimation_M,0.03945827622853571,2.0,1.0
RF,36,18,False,PFI,sublimation_Mprime,0.0008726296721207759,10.0,0.0
RF,36,18,False,PFI,surface_energy_M,0.052020439360775286,1.0,1.0
RF,36,18,False,PFI,electron_density_M,0.004733730905944886,6.0,0.0
RF,36,18,False,PFI,oxide_bandgap,0.005693207343389215,5.0,0.0
RF,36,18,False,KernelSHAP,electronegativity_M,0.010796242584641276,13.0,0.0
RF,36,18,False,KernelSHAP,electronegativity_Mprime,0.012287244610950643,12.0,0.0
RF,36,18,False,KernelSHAP,ionization_M,0.0033159367708802743,14.0,0.0
RF,36,18,False,KernelSHAP,ionization_Mprime,0.05252796824136372,4.0,0.0
RF,36,18,False,KernelSHAP,radius_M,0.03394425520193486,6.0,0.0
RF,36,18,False,KernelSHAP,radius_Mprime,0.01776964652226556,10.0,0.0
RF,36,18,False,KernelSHAP,oxide_enthalpy_M,0.07441410889937444,3.0,1.0
RF,36,18,False,KernelSHAP,oxide_enthalpy_Mprime,0.01759476318067406,11.0,0.0
RF,36,18,False,KernelSHAP,mixing_enthalpy,0.02931753928210233,8.0,0.0
RF,36,18,False,KernelSHAP,sublimation_M,0.09676688112279348,2.0,1.0
RF,36,18,False,KernelSHAP,sublimation_Mprime,0.033244687420452806,7.0,0.0
RF,36,18,False,KernelSHAP,surface_energy_M,0.11524822121315327,1.0,1.0
RF,36,18,False,KernelSHAP,electron_density_M,0.027899812576830663,9.0,0.0
RF,36,18,False,KernelSHAP,oxide_bandgap,0.037042753357834315,5.0,0.0
SVR,36,18,False,PFI,electronegativity_M,0.015933409695513878,7.0,0.0
SVR,36,18,False,PFI,electronegativity_Mprime,0.0026011429447984655,12.0,0.0
SVR,36,18,False,PFI,ionization_M,-0.0021299635868411034,13.0,0.0
SVR,36,18,False,PFI,ionization_Mprime,-0.0099749138898507,14.0,0.0
SVR,36,18,False,PFI,radius_M,0.017555670870122612,6.0,0.0
SVR,36,18,False,PFI,radius_Mprime,0.024574226152676633,5.0,0.0
SVR,36,18,False,PFI,oxide_enthalpy_M,0.09033471981427232,2.0,1.0
SVR,36,18,False,PFI,oxide_enthalpy_Mprime,0.009125423989766015,9.0,0.0
SVR,36,18,False,PFI,mixing_enthalpy,0.0037463193662394816,11.0,0.0
SVR,36,18,False,PFI,sublimation_M,0.07801680906348925,3.0,1.0
SVR,36,18,False,PFI,sublimation_Mprime,0.015314700155445771,8.0,0.0
SVR,36,18,False,PFI,surface_energy_M,0.09210151959903042,1.0,1.0
SVR,36,18,False,PFI,electron_density_M,0.004049241042857311,10.0,0.0
SVR,36,18,False,PFI,oxide_bandgap,0.03572676284653244,4.0,0.0
SVR,36,18,False,KernelSHAP,electronegativity_M,0.03549549786375131,10.0,0.0
SVR,36,18,False,KernelSHAP,electronegativity_Mprime,0.032373895962863816,11.0,0.0
SVR,36,18,False,KernelSHAP,ionization_M,0.03574626024406019,9.0,0.0
SVR,36,18,False,KernelSHAP,ionization_Mprime,0.02840283007750837,13.0,0.0
SVR,36,18,False,KernelSHAP,radius_M,0.09245614106468558,7.0,0.0
SVR,36,18,False,KernelSHAP,radius_Mprime,0.08890446068794619,8.0,0.0
SVR,36,18,False,KernelSHAP,oxide_enthalpy_M,0.15960337372257674,3.0,1.0
SVR,36,18,False,KernelSHAP,oxide_enthalpy_Mprime,0.11818726967759566,5.0,0.0
SVR,36,18,False,KernelSHAP,mixing_enthalpy,0.02957047576705469,12.0,0.0
SVR,36,18,False,KernelSHAP,sublimation_M,0.18096792655394325,2.0,1.0
SVR,36,18,False,KernelSHAP,sublimation_Mprime,0.09645365838087844,6.0,0.0
SVR,36,18,False,KernelSHAP,surface_energy_M,0.19058243721235626,1.0,1.0
SVR,36,18,False,KernelSHAP,electron_density_M,0.019323079519656648,14.0,0.0
SVR,36,18,False,KernelSHAP,oxide_bandgap,0.12995355635586542,4.0,0.0
GBRT,36,19,False,PFI,electronegativity_M,0.008186179812855856,5.0,0.0
GBRT,36,19,False,PFI,electronegativity_Mprime,0.006103838841950514,7.0,0.0
GBRT,36,19,False,PFI,ionization_M,-0.0005948964170989279,12.0,0.0
GBRT,36,19,False,PFI,ionization_Mprime,0.001247928048162318,9.0,0.0
GBRT,36,19,False,PFI,radius_M,0.110921442390422,1.0,1.0
GBRT,36,19,False,PFI,radius_Mprime,0.001216106626928229,10.0,0.0
GBRT,36,19,False,PFI,oxide_enthalpy_M,0.027406468043698128,3.0,1.0
GBRT,36,19,False,PFI,oxide_enthalpy_Mprime,-6.666410408023016e-05,11.0,0.0
GBRT,36,19,False,PFI,mixing_enthalpy,0.00711828380354107,6.0,0.0
GBRT,36,19,False,PFI,sublimation_M,0.005269708535547901,8.0,0.0
GBRT,36,19,False,PFI,sublimation_Mprime,-0.0012101692662965244,13.0,0.0
GBRT,36,19,False,PFI,surface_energy_M,0.04974069653745235,2.0,1.0
GBRT,36,19,False,PFI,electron_density_M,-0.007451327417993503,14.0,0.0
GBRT,36,19,False,PFI,oxide_bandgap,0.01576011459930101,4.0,0.0
GBRT,36,19,False,KernelSHAP,electronegativity_M,0.03498540275277741,7.0,0.0
GBRT,36,19,False,KernelSHAP,electronegativity_Mprime,0.12063653103195644,3.0,1.0
GBRT,36,19,False,KernelSHAP,ionization_M,0.006027815749932055,14.0,0.0
GBRT,36,19,False,KernelSHAP,ionization_Mprime,0.020816218650463438,11.0,0.0
GBRT,36,19,False,KernelSHAP,radius_M,0.24497576812236194,1.0,1.0
GBRT,36,19,False,KernelSHAP,radius_Mprime,0.024803804798171056,10.0,0.0
GBRT,36,19,False,KernelSHAP,oxide_enthalpy_M,0.056681115951370695,5.0,0.0
GBRT,36,19,False,KernelSHAP,oxide_enthalpy_Mprime,0.06060693367669878,4.0,0.0
GBRT,36,19,False,KernelSHAP,mixing_enthalpy,0.03462205177791109,8.0,0.0
GBRT,36,19,False,KernelSHAP,sublimation_M,0.014847368642152473,12.0,0.0
GBRT,36,19,False,KernelSHAP,sublimation_Mprime,0.014556509555303163,13.0,0.0
GBRT,36,19,False,KernelSHAP,surface_energy_M,0.2067302168315687,2.0,1.0
GBRT,36,19,False,KernelSHAP,electron_density_M,0.02923128911506878,9.0,0.0
GBRT,36,19,False,KernelSHAP,oxide_bandgap,0.05506402145452421,6.0,0.0
LR,36,19,False,PFI,electronegativity_M,0.023398262777853087,7.0,0.0
LR,36,19,False,PFI,electronegativity_Mprime,0.010067572728330846,8.0,0.0
LR,36,19,False,PFI,ionization_M,0.004779815556175926,9.0,0.0
LR,36,19,False,PFI,ionization_Mprime,0.0022988185705968196,11.0,0.0
LR,36,19,False,PFI,radius_M,-0.006861398790862943,12.0,0.0
LR,36,19,False,PFI,radius_Mprime,0.004737034073535479,10.0,0.0
LR,36,19,False,PFI,oxide_enthalpy_M,0.17511036223921148,2.0,1.0
LR,36,19,False,PFI,oxide_enthalpy_Mprime,0.1478936648646173,3.0,1.0
LR,36,19,False,PFI,mixing_enthalpy,0.05018630676025644,5.0,0.0
LR,36,19,False,PFI,sublimation_M,0.08549307345452792,4.0,0.0
LR,36,19,False,PFI,sublimation_Mprime,0.04128231406363352,6.0,0.0
LR,36,19,False,PFI,surface_energy_M,0.356792612951477,1.0,1.0
LR,36,19,False,PFI,electron_density_M,-0.008397784519518666,13.0,0.0
LR,36,19,False,PFI,oxide_bandgap,-0.01590560838703742,14.0,0.0
LR,36,19,False,KernelSHAP,electronegativity_M,0.06787047807339956,9.0,0.0
LR,36,19,False,KernelSHAP,electronegativity_Mprime,0.10527411812934882,7.0,0.0
LR,36,19,False,KernelSHAP,ionization_M,0.023767763001696144,14.0,0.0
LR,36,19,False,KernelSHAP,ionization_Mprime,0.0389802907996288,12.0,0.0
LR,36,19,False,KernelSHAP,radius_M,0.056991700081917514,10.0,0.0
LR,36,19,False,KernelSHAP,radius_Mprime,0.08371181686659655,8.0,0.0
LR,36,19,False,KernelSHAP,oxide_enthalpy_M,0.2247256090335688,4.0,0.0
LR,36,19,False,KernelSHAP,oxide_enthalpy_Mprime,0.230100510499218,3.0,1.0
LR,36,19,False,KernelSHAP,mixing_enthalpy,0.11430591006590153,6.0,0.0
LR,36,19,False,KernelSHAP,sublimation_M,0.14545272669001086,5.0,0.0
LR,36,19,False,KernelSHAP,sublimation_Mprime,0.24904226949331904,2.0,1.0
LR,36,19,False,KernelSHAP,surface_energy_M,0.45402910150388,1.0,1.0
LR,36,19,False,KernelSHAP,electron_density_M,0.02794703387862081,13.0,0.0
LR,36,19,False,KernelSHAP,oxide_bandgap,0.04779957462679667,11.0,0.0
RF,36,19,False,PFI,electronegativity_M,0.0005541566996107953,6.0,0.0
RF,36,19,False,PFI,electronegativity_Mprime,-0.01027109515424222,14.0,0.0
RF,36,19,False,PFI,ionization_M,-0.0026327041344289125,10.0,0.0
RF,36,19,False,PFI,ionization_Mprime,-0.0035813701969704043,11.0,0.0
RF,36,19,False,PFI,radius_M,0.06128580936263674,1.0,1.0
RF,36,19,False,PFI,radius_Mprime,-0.009684519133147305,12.0,0.0
RF,36,19,False,PFI,oxide_enthalpy_M,0.016490179237326975,3.0,1.0
RF,36,19,False,PFI,oxide_enthalpy_Mprime,-0.0008820875034333366,8.0,0.0
RF,36,19,False,PFI,mixing_enthalpy,0.0031582725065096465,4.0,0.0
RF,36,19,False,PFI,sublimation_M,-0.00019566115195634957,7.0,0.0
RF,36,19,False,PFI,sublimation_Mprime,-0.0020773016340932863,9.0,0.0
RF,36,19,False,PFI,surface_energy_M,0.01747487907209688,2.0,1.0
RF,36,19,False,PFI,electron_density_M,-0.00984992969813588,13.0,0.0
RF,36,19,False,PFI,oxide_bandgap,0.0014853874010518602,5.0,0.0
RF,36,19,False,KernelSHAP,electronegativity_M,0.005174007580621451,14.0,0.0
RF,36,19,False,KernelSHAP,electronegativity_Mprime,0.08021569592189819,3.0,1.0
RF,36,19,False,KernelSHAP,ionization_M,0.010636785244645008,13.0,0.0
RF,36,19,False,KernelSHAP,ionization_Mprime,0.023150343196517563,9.0,0.0
RF,36,19,False,KernelSHAP,radius_M,0.18488402338409102,1.0,1.0
RF,36,19,False,KernelSHAP,radius_Mprime,0.062108250591300346,4.0,0.0
RF,36,19,False,KernelSHAP,oxide_enthalpy_M,0.051693560792473676,5.0,0.0
RF,36,19,False,KernelSHAP,oxide_enthalpy_Mprime,0.01851226893299887,12.0,0.0
RF,36,19,False,KernelSHAP,mixing_enthalpy,0.022928114656115148,10.0,0.0
RF,36,19,False,KernelSHAP,sublimation_M,0.03396140241653042,8.0,0.0
RF,36,19,False,KernelSHAP,sublimation_Mprime,0.01896098056241835,11.0,0.0
RF,36,19,False,KernelSHAP,surface_energy_M,0.12805224070766644,2.0,1.0
RF,36,19,False,KernelSHAP,electron_density_M,0.036094718410188444,7.0,0.0
RF,36,19,False,KernelSHAP,oxide_bandgap,0.04160472666905128,6.0,0.0
SVR,36,19,False,PFI,electronegativity_M,0.0077520436657189645,8.0,0.0
SVR,36,19,False,PFI,electronegativity_Mprime,0.026687780331066772,4.0,0.0
SVR,36,19,False,PFI,ionization_M,-0.0011896805736081176,13.0,0.0
SVR,36,19,False,PFI,ionization_Mprime,-0.0018747095984762401,14.0,0.0
SVR,36,19,False,PFI,radius_M,-0.0005460926274273579,12.0,0.0
SVR,36,19,False,PFI,radius_Mprime,0.026288055601298217,5.0,0.0
SVR,36,19,False,PFI,oxide_enthalpy_M,0.09916885147751787,1.0,1.0
SVR,36,19,False,PFI,oxide_enthalpy_Mprime,0.053192715682386225,3.0,1.0
SVR,36,19,False,PFI,mixing_enthalpy,0.022472406967635514,6.0,0.0
SVR,36,19,False,PFI,sublimation_M,-0.00031910838869264114,11.0,0.0
SVR,36,19,False,PFI,sublimation_Mprime,0.021596039111121526,7.0,0.0
SVR,36,19,False,PFI,surface_energy_M,0.07937123765130433,2.0,1.0
SVR,36,19,False,PFI,electron_density_M,0.005521358147079072,10.0,0.0
SVR,36,19,False,PFI,oxide_bandgap,0.007030560306386979,9.0,0.0
SVR,36,19,False,KernelSHAP,electronegativity_M,0.04368124275429788,9.0,0.0
SVR,36,19,False,KernelSHAP,electronegativity_Mprime,0.13271082326788414,5.0,0.0
SVR,36,19,False,KernelSHAP,ionization_M,0.0092982097240992,14.0,0.0
SVR,36,19,False,KernelSHAP,ionization_Mprime,0.024193345315536373,10.0,0.0
SVR,36,19,False,KernelSHAP,radius_M,0.023877793136861294,11.0,0.0
SVR,36,19,False,KernelSHAP,radius_Mprime,0.09743587681877629,7.0,0.0
SVR,36,19,False,KernelSHAP,oxide_enthalpy_M,0.168978670321349,2.0,1.0
SVR,36,19,False,KernelSHAP,oxide_enthalpy_Mprime,0.1515265743682398,3.0,1.0
SVR,36,19,False,KernelSHAP,mixing_enthalpy,0.07046928000344269,8.0,0.0
SVR,36,19,False,KernelSHAP,sublimation_M,0.017774378016724757,12.0,0.0
SVR,36,19,False,KernelSHAP,sublimation_Mprime,0.13299687985288233,4.0,0.0
SVR,36,19,False,KernelSHAP,surface_energy_M,0.23035647920928495,1.0,1.0
SVR,36,19,False,KernelSHAP,electron_density_M,0.11876599119342475,6.0,0.0
SVR,36,19,False,KernelSHAP,oxide_bandgap,0.01586805191323681,13.0,0.0
GBRT,36,1,False,PFI,electronegativity_M,-0.00038696715622674925,10.0,0.0
GBRT,36,1,False,PFI,electronegativity_Mprime,0.0066021638464741185,7.0,0.0
GBRT,36,1,False,PFI,ionization_M,-0.0008277107922814252,11.0,0.0
GBRT,36,1,False,PFI,ionization_Mprime,0.009901393744748828,6.0,0.0
GBRT,36,1,False,PFI,radius_M,0.010133336291174723,5.0,0.0
GBRT,36,1,False,PFI,radius_Mprime,-0.0030128126026846584,14.0,0.0
GBRT,36,1,False,PFI,oxide_enthalpy_M,0.027686988601134048,3.0,1.0
GBRT,36,1,False,PFI,oxide_enthalpy_Mprime,-0.001859074256127636,12.0,0.0
GBRT,36,1,False,PFI,mixing_enthalpy,0.00047100942751105595,8.0,0.0
GBRT,36,1,False,PFI,sublimation_M,0.13085260182475095,1.0,1.0
GBRT,36,1,False,PFI,sublimation_Mprime,-0.002731353390871293,13.0,0.0
GBRT,36,1,False,PFI,surface_energy_M,0.01061296874143964,4.0,0.0
GBRT,36,1,False,PFI,electron_density_M,-0.00022763460071986336,9.0,0.0
GBRT,36,1,False,PFI,oxide_bandgap,0.046114510360217166,2.0,1.0
GBRT,36,1,False,KernelSHAP,electronegativity_M,0.00615170039958356,14.0,0.0
GBRT,36,1,False,KernelSHAP,electronegativity_Mprime,0.1187458439271457,3.0,1.0
GBRT,36,1,False,KernelSHAP,ionization_M,0.010943066226477045,12.0,0.0
GBRT,36,1,False,KernelSHAP,ionization_Mprime,0.03455807204504738,9.0,0.0
GBRT,36,1,False,KernelSHAP,radius_M,0.06218038929063861,6.0,0.0
GBRT,36,1,False,KernelSHAP,radius_Mprime,0.019259795693331812,11.0,0.0
GBRT,36,1,False,KernelSHAP,oxide_enthalpy_M,0.05522105688775985,7.0,0.0
GBRT,36,1,False,KernelSHAP,oxide_enthalpy_Mprime,0.07382221338425027,5.0,0.0
GBRT,36,1,False,KernelSHAP,mixing_enthalpy,0.047320981825694004,8.0,0.0
GBRT,36,1,False,KernelSHAP,sublimation_M,0.2661734735571558,1.0,1.0
GBRT,36,1,False,KernelSHAP,sublimation_Mprime,0.021743430582881505,10.0,0.0
GBRT,36,1,False,KernelSHAP,surface_energy_M,0.08280022673990123,4.0,0.0
GBRT,36,1,False,KernelSHAP,electron_density_M,0.007357874938780274,13.0,0.0
GBRT,36,1,False,KernelSHAP,oxide_bandgap,0.13079534515706226,2.0,1.0
LR,36,1,False,PFI,electronegativity_M,-0.001578823985961554,11.0,0.0
LR,36,1,False,PFI,electronegativity_Mprime,0.001327146428073442,9.0,0.0
LR,36,1,False,PFI,ionization_M,-0.0017591518648081316,12.0,0.0
LR,36,1,False,PFI,ionization_Mprime,0.06965189221817031,4.0,0.0
LR,36,1,False,PFI,radius_M,-0.0024144501982151976,13.0,0.0
LR,36,1,False,PFI,radius_Mprime,0.022230699431543946,6.0,0.0
LR,36,1,False,PFI,oxide_enthalpy_M,0.2016265865799473,1.0,1.0
LR,36,1,False,PFI,oxide_enthalpy_Mprime,0.1260121440950682,2.0,1.0
LR,36,1,False,PFI,mixing_enthalpy,-0.0003904149294870457,10.0,0.0
LR,36,1,False,PFI,sublimation_M,-0.0043460897113035,14.0,0.0
LR,36,1,False,PFI,sublimation_Mprime,0.03355294811174729,5.0,0.0
LR,36,1,False,PFI,surface_energy_M,0.08829790532885237,3.0,1.0
LR,36,1,False,PFI,electron_density_M,0.0038130682941995083,8.0,0.0
LR,36,1,False,PFI,oxide_bandgap,0.014085165775521814,7.0,0.0
LR,36,1,False,KernelSHAP,electronegativity_M,0.017892662447800675,10.0,0.0
LR,36,1,False,KernelSHAP,electronegativity_Mprime,0.008937357079063055,13.0,0.0
LR,36,1,False,KernelSHAP,ionization_M,0.01729066986842014,11.0,0.0
LR,36,1,False,KernelSHAP,ionization_Mprime,0.1350449177587197,5.0,0.0
LR,36,1,False,KernelSHAP,radius_M,0.015688309924094222,12.0,0.0
LR,36,1,False,KernelSHAP,radius_Mprime,0.09524406989912551,7.0,0.0
LR,36,1,False,KernelSHAP,oxide_enthalpy_M,0.26284641668018527,1.0,1.0
LR,36,1,False,KernelSHAP,oxide_enthalpy_Mprime,0.2549529081830791,2.0,1.0
LR,36,1,False,KernelSHAP,mixing_enthalpy,0.005444289338806394,14.0,0.0
LR,36,1,False,KernelSHAP,sublimation_M,0.05870182282373769,9.0,0.0
LR,36,1,False,KernelSHAP,sublimation_Mprime,0.15085400996365766,4.0,0.0
LR,36,1,False,KernelSHAP,surface_energy_M,0.24302304829003368,3.0,1.0
LR,36,1,False,KernelSHAP,electron_density_M,0.12524081299982606,6.0,0.0
LR,36,1,False,KernelSHAP,oxide_bandgap,0.0894173446980013,8.0,0.0
RF,36,1,False,PFI,electronegativity_M,0.0011858462342529664,5.0,0.0
RF,36,1,False,PFI,electronegativity_Mprime,7.179293380247138e-05,12.0,0.0
RF,36,1,False,PFI,ionization_M,1.525386117568218e-05,13.0,0.0
RF,36,1,False,PFI,ionization_Mprime,0.0007224350165745484,9.0,0.0
RF,36,1,False,PFI,radius_M,0.0006072977073029578,10.0,0.0
RF,36,1,False,PFI,radius_Mprime,0.00022471272456700623,11.0,0.0
RF,36,1,False,PFI,oxide_enthalpy_M,0.013184134446929606,3.0,1.0
RF,36,1,False,PFI,oxide_enthalpy_Mprime,0.0010239315737693268,7.0,0.0
RF,36,1,False,PFI,mixing_enthalpy,0.001171027751362712,6.0,0.0
RF,36,1,False,PFI,sublimation_M,0.04352933410700422,1.0,1.0
RF,36,1,False,PFI,sublimation_Mprime,0.0007522731108519171,8.0,0.0
RF,36,1,False,PFI,surface_energy_M,0.018531193618855465,2.0,1.0
RF,36,1,False,PFI,electron_density_M,-0.0003245629173741447,14.0,0.0
RF,36,1,False,PFI,oxide_bandgap,0.009254173250561276,4.0,0.0
RF,36,1,False,KernelSHAP,electronegativity_M,0.01028393388572907,11.0,0.0
RF,36,1,False,KernelSHAP,electronegativity_Mprime,0.011799305596585772,10.0,0.0
RF,36,1,False,KernelSHAP,ionization_M,0.005033712709320061,14.0,0.0
RF,36,1,False,KernelSHAP,ionization_Mprime,0.0137245100113088,9.0,0.0
RF,36,1,False,KernelSHAP,radius_M,0.04620979871619005,5.0,0.0
RF,36,1,False,KernelSHAP,radius_Mprime,0.006503082659686121,13.0,0.0
RF,36,1,False,KernelSHAP,oxide_enthalpy_M,0.03874383104249217,7.0,0.0
RF,36,1,False,KernelSHAP,oxide_enthalpy_Mprime,0.046904678894522524,4.0,0.0
RF,36,1,False,KernelSHAP,mixing_enthalpy,0.015220174053927678,8.0,0.0
RF,36,1,False,KernelSHAP,sublimation_M,0.17123039779955795,1.0,1.0
RF,36,1,False,KernelSHAP,sublimation_Mprime,0.007684851873151908,12.0,0.0
RF,36,1,False,KernelSHAP,surface_energy_M,0.12031105742734376,2.0,1.0
RF,36,1,False,KernelSHAP,electron_density_M,0.04327691818462159,6.0,0.0
RF,36,1,False,KernelSHAP,oxide_bandgap,0.05261448957389155,3.0,1.0
SVR,36,1,False,PFI,electronegativity_M,0.01783070037063729,7.0,0.0
SVR,36,1,False,PFI,electronegativity_Mprime,0.005493573363118806,11.0,0.0
SVR,36,1,False,PFI,ionization_M,-0.00016637666532610533,14.0,0.0
SVR,36,1,False,PFI,ionization_Mprime,0.02111230795112953,5.0,0.0
SVR,36,1,False,PFI,radius_M,0.007048253116879044,9.0,0.0
SVR,36,1,False,PFI,radius_Mprime,0.004402187326522268,13.0,0.0
SVR,36,1,False,PFI,oxide_enthalpy_M,0.09390774078348002,1.0,1.0
SVR,36,1,False,PFI,oxide_enthalpy_Mprime,0.025264177796493835,4.0,0.0
SVR,36,1,False,PFI,mixing_enthalpy,0.00638084605099762,10.0,0.0
SVR,36,1,False,PFI,sublimation_M,0.08509564778539065,2.0,1.0
SVR,36,1,False,PFI,sublimation_Mprime,0.014510790432407918,8.0,0.0
SVR,36,1,False,PFI,surface_energy_M,0.04099916152542793,3.0,1.0
SVR,36,1,False,PFI,electron_density_M,0.0049757769008904554,12.0,0.0
SVR,36,1,False,PFI,oxide_bandgap,0.01825833040336832,6.0,0.0
SVR,36,1,False,KernelSHAP,electronegativity_M,0.0442866386863974,11.0,0.0
SVR,36,1,False,KernelSHAP,electronegativity_Mprime,0.05647247140853874,8.0,0.0
SVR,36,1,False,KernelSHAP,ionization_M,0.03202128242050165,12.0,0.0
SVR,36,1,False,KernelSHAP,ionization_Mprime,0.049017483265735254,10.0,0.0
SVR,36,1,False,KernelSHAP,radius_M,0.019552523912190048,14.0,0.0
SVR,36,1,False,KernelSHAP,radius_Mprime,0.025853126221533088,13.0,0.0
SVR,36,1,False,KernelSHAP,oxide_enthalpy_M,0.165435137721273,1.0,1.0
SVR,36,1,False,KernelSHAP,oxide_enthalpy_Mprime,0.14887166306893393,3.0,1.0
SVR,36,1,False,KernelSHAP,mixing_enthalpy,0.08751879451362594,6.0,0.0
SVR,36,1,False,KernelSHAP,sublimation_M,0.16137073289989934,2.0,1.0
SVR,36,1,False,KernelSHAP,sublimation_Mprime,0.08786657424980146,5.0,0.0
SVR,36,1,False,KernelSHAP,surface_energy_M,0.12710763005999742,4.0,0.0
SVR,36,1,False,KernelSHAP,electron_density_M,0.05380261298179801,9.0,0.0
SVR,36,1,False,KernelSHAP,oxide_bandgap,0.07557406906474914,7.0,0.0
GBRT,36,20,False,PFI,electronegativity_M,0.005100206853348945,7.0,0.0
GBRT,36,20,False,PFI,electronegativity_Mprime,0.0012857764223958698,9.0,0.0
GBRT,36,20,False,PFI,ionization_M,-0.0012396689767010434,13.0,0.0
GBRT,36,20,False,PFI,ionization_Mprime,0.0007666414792445985,10.0,0.0
GBRT,36,20,False,PFI,radius_M,-0.00010334099034842078,11.0,0.0
GBRT,36,20,False,PFI,radius_Mprime,0.002387178718340486,8.0,0.0
GBRT,36,20,False,PFI,oxide_enthalpy_M,0.019865409646350266,5.0,0.0
GBRT,36,20,False,PFI,oxide_enthalpy_Mprime,0.04707016528570782,3.0,1.0
GBRT,36,20,False,PFI,mixing_enthalpy,0.00889930758256311,6.0,0.0
GBRT,36,20,False,PFI,sublimation_M,0.047510731386821776,2.0,1.0
GBRT,36,20,False,PFI,sublimation_Mprime,-0.006110722982856799,14.0,0.0
GBRT,36,20,False,PFI,surface_energy_M,0.29645468817057175,1.0,1.0
GBRT,36,20,False,PFI,electron_density_M,0.028985352241111293,4.0,0.0
GBRT,36,20,False,PFI,oxide_bandgap,-0.0004485379716183411,12.0,0.0
GBRT,36,20,False,KernelSHAP,electronegativity_M,0.04473916688586227,7.0,0.0
GBRT,36,20,False,KernelSHAP,electronegativity_Mprime,0.07472027668311938,5.0,0.0
GBRT,36,20,False,KernelSHAP,ionization_M,0.03681014936779953,9.0,0.0
GBRT,36,20,False,KernelSHAP,ionization_Mprime,0.025859466821017554,13.0,0.0
GBRT,36,20,False,KernelSHAP,radius_M,0.015448898708924927,14.0,0.0
GBRT,36,20,False,KernelSHAP,radius_Mprime,0.029071277218874918,12.0,0.0
GBRT,36,20,False,KernelSHAP,oxide_enthalpy_M,0.04455863766183963,8.0,0.0
GBRT,36,20,False,KernelSHAP,oxide_enthalpy_Mprime,0.09812391078856326,3.0,1.0
GBRT,36,20,False,KernelSHAP,mixing_enthalpy,0.03163930003746309,11.0,0.0
GBRT,36,20,False,KernelSHAP,sublimation_M,0.13100074335547837,2.0,1.0
GBRT,36,20,False,KernelSHAP,sublimation_Mprime,0.06710324613886419,6.0,0.0
GBRT,36,20,False,KernelSHAP,surface_energy_M,0.3942039366712692,1.0,1.0
GBRT,36,20,False,KernelSHAP,electron_density_M,0.03451681681609771,10.0,0.0
GBRT,36,20,False,KernelSHAP,oxide_bandgap,0.09200682183412488,4.0,0.0
LR,36,20,False,PFI,electronegativity_M,0.03960738087435841,9.0,0.0
LR,36,20,False,PFI,electronegativity_Mprime,-0.002456365926413198,14.0,0.0
LR,36,20,False,PFI,ionization_M,0.0036205259063757287,12.0,0.0
LR,36,20,False,PFI,ionization_Mprime,0.01223881077737964,11.0,0.0
LR,36,20,False,PFI,radius_M,0.14857022531706418,5.0,0.0
LR,36,20,False,PFI,radius_Mprime,0.025734518643743477,10.0,0.0
LR,36,20,False,PFI,oxide_enthalpy_M,0.053717065213003234,8.0,0.0
LR,36,20,False,PFI,oxide_enthalpy_Mprime,0.3165631068500518,3.0,1.0
LR,36,20,False,PFI,mixing_enthalpy,0.17537265966049845,4.0,0.0
LR,36,20,False,PFI,sublimation_M,0.05587569220214137,7.0,0.0
LR,36,20,False,PFI,sublimation_Mprime,0.1276547596680063,6.0,0.0
LR,36,20,False,PFI,surface_energy_M,0.9389806342854047,1.0,1.0
LR,36,20,False,PFI,electron_density_M,0.37449608055348566,2.0,1.0
LR,36,20,False,PFI,oxide_bandgap,-0.0002487151205110158,13.0,0.0
LR,36,20,False,KernelSHAP,electronegativity_M,0.10417678793604702,10.0,0.0
LR,36,20,False,KernelSHAP,electronegativity_Mprime,0.01223513809693872,14.0,0.0
LR,36,20,False,KernelSHAP,ionization_M,0.02290692382037618,13.0,0.0
LR,36,20,False,KernelSHAP,ionization_Mprime,0.038516269241590184,12.0,0.0
LR,36,20,False,KernelSHAP,radius_M,0.23266067213843725,5.0,0.0
LR,36,20,False,KernelSHAP,radius_Mprime,0.11741110740568339,9.0,0.0
LR,36,20,False,KernelSHAP,oxide_enthalpy_M,0.1205559522978745,8.0,0.0
LR,36,20,False,KernelSHAP,oxide_enthalpy_Mprime,0.3869217863696109,2.0,1.0
LR,36,20,False,KernelSHAP,mixing_enthalpy,0.21235856737976092,6.0,0.0
LR,36,20,False,KernelSHAP,sublimation_M,0.1886196406064809,7.0,0.0
LR,36,20,False,KernelSHAP,sublimation_Mprime,0.3134175358835806,3.0,1.0
LR,36,20,False,KernelSHAP,surface_energy_M,0.7007325027822979,1.0,1.0
LR,36,20,False,KernelSHAP,electron_density_M,0.3090160492159106,4.0,0.0
LR,36,20,False,KernelSHAP,oxide_bandgap,0.07257151874383241,11.0,0.0
RF,36,20,False,PFI,electronegativity_M,0.0011585237690944082,6.0,0.0
RF,36,20,False,PFI,electronegativity_Mprime,-0.004126783725306225,10.0,0.0
RF,36,20,False,PFI,ionization_M,-0.0036027521997746875,9.0,0.0
RF,36,20,False,PFI,ionization_Mprime,0.0011176980235636815,7.0,0.0
RF,36,20,False,PFI,radius_M,-0.0021331658527318506,8.0,0.0
RF,36,20,False,PFI,radius_Mprime,-0.008138229870111589,13.0,0.0
RF,36,20,False,PFI,oxide_enthalpy_M,0.008609095663129503,4.0,0.0
RF,36,20,False,PFI,oxide_enthalpy_Mprime,0.008889944176610272,3.0,1.0
RF,36,20,False,PFI,mixing_enthalpy,0.017069523048069652,2.0,1.0
RF,36,20,False,PFI,sublimation_M,0.004054494553370327,5.0,0.0
RF,36,20,False,PFI,sublimation_Mprime,-0.005538458008548258,11.0,0.0
RF,36,20,False,PFI,surface_energy_M,0.047247446773071175,1.0,1.0
RF,36,20,False,PFI,electron_density_M,-0.011487038014192714,14.0,0.0
RF,36,20,False,PFI,oxide_bandgap,-0.006915200951749769,12.0,0.0
RF,36,20,False,KernelSHAP,electronegativity_M,0.018960229061349483,10.0,0.0
RF,36,20,False,KernelSHAP,electronegativity_Mprime,0.03457941135912368,6.0,0.0
RF,36,20,False,KernelSHAP,ionization_M,0.012748165652156467,13.0,0.0
RF,36,20,False,KernelSHAP,ionization_Mprime,0.010079895289743067,14.0,0.0
RF,36,20,False,KernelSHAP,radius_M,0.05317580084944929,3.0,1.0
RF,36,20,False,KernelSHAP,radius_Mprime,0.0449658087250303,4.0,0.0
RF,36,20,False,KernelSHAP,oxide_enthalpy_M,0.023701650853472905,9.0,0.0
RF,36,20,False,KernelSHAP,oxide_enthalpy_Mprime,0.01877473770681641,11.0,0.0
RF,36,20,False,KernelSHAP,mixing_enthalpy,0.03196016312282756,7.0,0.0
RF,36,20,False,KernelSHAP,sublimation_M,0.1666068104533639,2.0,1.0
RF,36,20,False,KernelSHAP,sublimation_Mprime,0.016740435588213063,12.0,0.0
RF,36,20,False,KernelSHAP,surface_energy_M,0.2125617555811681,1.0,1.0
RF,36,20,False,KernelSHAP,electron_density_M,0.03898988644804349,5.0,0.0
RF,36,20,False,KernelSHAP,oxide_bandgap,0.027474963161073243,8.0,0.0
SVR,36,20,False,PFI,electronegativity_M,0.021347103272906526,7.0,0.0
SVR,36,20,False,PFI,electronegativity_Mprime,-0.00915609805168041,12.0,0.0
SVR,36,20,False,PFI,ionization_M,0.006207406728677932,8.0,0.0
SVR,36,20,False,PFI,ionization_Mprime,-0.0007391503402257615,10.0,0.0
SVR,36,20,False,PFI,radius_M,0.050328435297798076,4.0,0.0
SVR,36,20,False,PFI,radius_Mprime,-0.005694390566262286,11.0,0.0
SVR,36,20,False,PFI,oxide_enthalpy_M,0.12329731633212909,1.0,1.0
SVR,36,20,False,PFI,oxide_enthalpy_Mprime,0.10263339509587607,2.0,1.0
SVR,36,20,False,PFI,mixing_enthalpy,0.030843676096142674,5.0,0.0
SVR,36,20,False,PFI,sublimation_M,0.0010487824649020308,9.0,0.0
SVR,36,20,False,PFI,sublimation_Mprime,0.02511953643363829,6.0,0.0
SVR,36,20,False,PFI,surface_energy_M,0.0729895143983105,3.0,1.0
SVR,36,20,False,PFI,electron_density_M,-0.010518561717667829,13.0,0.0
SVR,36,20,False,PFI,oxide_bandgap,-0.011242371690957492,14.0,0.0
SVR,36,20,False,KernelSHAP,electronegativity_M,0.08287587557494668,8.0,0.0
SVR,36,20,False,KernelSHAP,electronegativity_Mprime,0.05289765584193081,10.0,0.0
SVR,36,20,False,KernelSHAP,ionization_M,0.045234561754622246,11.0,0.0
SVR,36,20,False,KernelSHAP,ionization_Mprime,0.02996660668525417,14.0,0.0
SVR,36,20,False,KernelSHAP,radius_M,0.09700806556940206,7.0,0.0
SVR,36,20,False,KernelSHAP,radius_Mprime,0.0373867564938983,13.0,0.0
SVR,36,20,False,KernelSHAP,oxide_enthalpy_M,0.1939711775285353,3.0,1.0
SVR,36,20,False,KernelSHAP,oxide_enthalpy_Mprime,0.22023607705416615,2.0,1.0
SVR,36,20,False,KernelSHAP,mixing_enthalpy,0.06878600995687474,9.0,0.0
SVR,36,20,False,KernelSHAP,sublimation_M,0.12219890056057653,5.0,0.0
SVR,36,20,False,KernelSHAP,sublimation_Mprime,0.17055193444411365,4.0,0.0
SVR,36,20,False,KernelSHAP,surface_energy_M,0.2837911073047299,1.0,1.0
SVR,36,20,False,KernelSHAP,electron_density_M,0.10529167202388591,6.0,0.0
SVR,36,20,False,KernelSHAP,oxide_bandgap,0.04033832432495102,12.0,0.0
GBRT,36,21,False,PFI,electronegativity_M,0.00047943433211020494,10.0,0.0
GBRT,36,21,False,PFI,electronegativity_Mprime,-0.013025823791296683,14.0,0.0
GBRT,36,21,False,PFI,ionization_M,-0.007575930147034706,13.0,0.0
GBRT,36,21,False,PFI,ionization_Mprime,-0.006070394217801517,12.0,0.0
GBRT,36,21,False,PFI,radius_M,0.04990365974746076,2.0,1.0
GBRT,36,21,False,PFI,radius_Mprime,0.0008873385622298419,9.0,0.0
GBRT,36,21,False,PFI,oxide_enthalpy_M,0.006545955770171485,6.0,0.0
GBRT,36,21,False,PFI,oxide_enthalpy_Mprime,0.003512906750882516,7.0,0.0
GBRT,36,21,False,PFI,mixing_enthalpy,0.011605596691952496,5.0,0.0
GBRT,36,21,False,PFI,sublimation_M,0.04694763229266872,3.0,1.0
GBRT,36,21,False,PFI,sublimation_Mprime,0.0028155678458110325,8.0,0.0
GBRT,36,21,False,PFI,surface_energy_M,0.16085760830802587,1.0,1.0
GBRT,36,21,False,PFI,electron_density_M,0.021639082474211153,4.0,0.0
GBRT,36,21,False,PFI,oxide_bandgap,-0.0002520261632920064,11.0,0.0
GBRT,36,21,False,KernelSHAP,electronegativity_M,0.07192511733031647,5.0,0.0
GBRT,36,21,False,KernelSHAP,electronegativity_Mprime,0.043471632194266474,8.0,0.0
GBRT,36,21,False,KernelSHAP,ionization_M,0.020216847054078904,12.0,0.0
GBRT,36,21,False,KernelSHAP,ionization_Mprime,0.033825600852887966,10.0,0.0
GBRT,36,21,False,KernelSHAP,radius_M,0.1370593765463678,2.0,1.0
GBRT,36,21,False,KernelSHAP,radius_Mprime,0.01418471012017288,13.0,0.0
GBRT,36,21,False,KernelSHAP,oxide_enthalpy_M,0.013938645989323546,14.0,0.0
GBRT,36,21,False,KernelSHAP,oxide_enthalpy_Mprime,0.07278408827566907,4.0,0.0
GBRT,36,21,False,KernelSHAP,mixing_enthalpy,0.06733676622554868,6.0,0.0
GBRT,36,21,False,KernelSHAP,sublimation_M,0.11746224980906603,3.0,1.0
GBRT,36,21,False,KernelSHAP,sublimation_Mprime,0.06647477364537446,7.0,0.0
GBRT,36,21,False,KernelSHAP,surface_energy_M,0.2192209758780533,1.0,1.0
GBRT,36,21,False,KernelSHAP,electron_density_M,0.03372710514606942,11.0,0.0
GBRT,36,21,False,KernelSHAP,oxide_bandgap,0.04131392959319819,9.0,0.0
LR,36,21,False,PFI,electronegativity_M,0.18440875622677438,3.0,1.0
LR,36,21,False,PFI,electronegativity_Mprime,0.022279283827759906,8.0,0.0
LR,36,21,False,PFI,ionization_M,0.07471944427833375,4.0,0.0
LR,36,21,False,PFI,ionization_Mprime,-0.0062809924092448125,12.0,0.0
LR,36,21,False,PFI,radius_M,-0.014354653981630378,13.0,0.0
LR,36,21,False,PFI,radius_Mprime,0.0035787488038468837,10.0,0.0
LR,36,21,False,PFI,oxide_enthalpy_M,0.06918284548377282,5.0,0.0
LR,36,21,False,PFI,oxide_enthalpy_Mprime,0.03804012007844616,7.0,0.0
LR,36,21,False,PFI,mixing_enthalpy,0.004151797708010522,9.0,0.0
LR,36,21,False,PFI,sublimation_M,-0.02404031584473802,14.0,0.0
LR,36,21,False,PFI,sublimation_Mprime,0.059474942798879375,6.0,0.0
LR,36,21,False,PFI,surface_energy_M,0.9780055546305423,1.0,1.0
LR,36,21,False,PFI,electron_density_M,0.8378135795681758,2.0,1.0
LR,36,21,False,PFI,oxide_bandgap,0.000873926801105838,11.0,0.0
LR,36,21,False,KernelSHAP,electronegativity_M,0.2422680119426743,4.0,0.0
LR,36,21,False,KernelSHAP,electronegativity_Mprime,0.09735110692598523,9.0,0.0
LR,36,21,False,KernelSHAP,ionization_M,0.2160941482208356,5.0,0.0
LR,36,21,False,KernelSHAP,ionization_Mprime,0.03125038281574193,13.0,0.0
LR,36,21,False,KernelSHAP,radius_M,0.03826201900304585,11.0,0.0
LR,36,21,False,KernelSHAP,radius_Mprime,0.0367279943575814,12.0,0.0
LR,36,21,False,KernelSHAP,oxide_enthalpy_M,0.15975450800895105,6.0,0.0
LR,36,21,False,KernelSHAP,oxide_enthalpy_Mprime,0.1455487906234287,7.0,0.0
LR,36,21,False,KernelSHAP,mixing_enthalpy,0.07776425736995564,10.0,0.0
LR,36,21,False,KernelSHAP,sublimation_M,0.2792651179335458,3.0,1.0
LR,36,21,False,KernelSHAP,sublimation_Mprime,0.13742923731682508,8.0,0.0
LR,36,21,False,KernelSHAP,surface_energy_M,0.7147581612894639,1.0,1.0
LR,36,21,False,KernelSHAP,electron_density_M,0.486836987603253,2.0,1.0
LR,36,21,False,KernelSHAP,oxide_bandgap,0.029199409999080883,14.0,0.0
RF,36,21,False,PFI,electronegativity_M,0.004584764421619749,6.0,0.0
RF,36,21,False,PFI,electronegativity_Mprime,-0.005847181416540063,14.0,0.0
RF,36,21,False,PFI,ionization_M,-0.003502212858046889,12.0,0.0
RF,36,21,False,PFI,ionization_Mprime,-0.0029733290603797457,11.0,0.0
RF,36,21,False,PFI,radius_M,0.014247774011010362,3.0,1.0
RF,36,21,False,PFI,radius_Mprime,-0.0036336480872333423,13.0,0.0
RF,36,21,False,PFI,oxide_enthalpy_M,0.007550797593550225,5.0,0.0
RF,36,21,False,PFI,oxide_enthalpy_Mprime,0.0011374643478128397,10.0,0.0
RF,36,21,False,PFI,mixing_enthalpy,0.0027445354505363753,7.0,0.0
RF,36,21,False,PFI,sublimation_M,0.019864718011592335,2.0,1.0
RF,36,21,False,PFI,sublimation_Mprime,0.001998514743208099,9.0,0.0
RF,36,21,False,PFI,surface_energy_M,0.04452600763944685,1.0,1.0
RF,36,21,False,PFI,electron_density_M,0.013630307662698933,4.0,0.0
RF,36,21,False,PFI,oxide_bandgap,0.0022460372573104314,8.0,0.0
RF,36,21,False,KernelSHAP,electronegativity_M,0.04911638886056646,5.0,0.0
RF,36,21,False,KernelSHAP,electronegativity_Mprime,0.029707575919022185,7.0,0.0
RF,36,21,False,KernelSHAP,ionization_M,0.020001639701849525,12.0,0.0
RF,36,21,False,KernelSHAP,ionization_Mprime,0.022543915549871296,10.0,0.0
RF,36,21,False,KernelSHAP,radius_M,0.0541678607757242,4.0,0.0
RF,36,21,False,KernelSHAP,radius_Mprime,0.03400711063289646,6.0,0.0
RF,36,21,False,KernelSHAP,oxide_enthalpy_M,0.020856428474124406,11.0,0.0
RF,36,21,False,KernelSHAP,oxide_enthalpy_Mprime,0.028304157251910253,8.0,0.0
RF,36,21,False,KernelSHAP,mixing_enthalpy,0.011464637489464715,14.0,0.0
RF,36,21,False,KernelSHAP,sublimation_M,0.06244118552003567,3.0,1.0
RF,36,21,False,KernelSHAP,sublimation_Mprime,0.02474907594236648,9.0,0.0
RF,36,21,False,KernelSHAP,surface_energy_M,0.11700034018510455,1.0,1.0
RF,36,21,False,KernelSHAP,electron_density_M,0.08733111216480013,2.0,1.0
RF,36,21,False,KernelSHAP,oxide_bandgap,0.018808125403838347,13.0,0.0
SVR,36,21,False,PFI,electronegativity_M,0.016667528817762588,7.0,0.0
SVR,36,21,False,PFI,electronegativity_Mprime,0.015581364479651373,8.0,0.0
SVR,36,21,False,PFI,ionization_M,0.004220591109455113,13.0,0.0
SVR,36,21,False,PFI,ionization_Mprime,0.004454231845277188,12.0,0.0
SVR,36,21,False,PFI,radius_M,0.0354709835020708,4.0,0.0
SVR,36,21,False,PFI,radius_Mprime,0.011822455154881367,9.0,0.0
SVR,36,21,False,PFI,oxide_enthalpy_M,0.11741239943516141,2.0,1.0
SVR,36,21,False,PFI,oxide_enthalpy_Mprime,0.030283047316396267,5.0,0.0
SVR,36,21,False,PFI,mixing_enthalpy,0.00947242684058255,11.0,0.0
SVR,36,21,False,PFI,sublimation_M,0.03812500107578542,3.0,1.0
SVR,36,21,False,PFI,sublimation_Mprime,0.018443884687765266,6.0,0.0
SVR,36,21,False,PFI,surface_energy_M,0.1749822115635093,1.0,1.0
SVR,36,21,False,PFI,electron_density_M,-0.0011458238589805443,14.0,0.0
SVR,36,21,False,PFI,oxide_bandgap,0.01004917356407339,10.0,0.0
SVR,36,21,False,KernelSHAP,electronegativity_M,0.06152145412588038,8.0,0.0
SVR,36,21,False,KernelSHAP,electronegativity_Mprime,0.077017017471261,7.0,0.0
SVR,36,21,False,KernelSHAP,ionization_M,0.02648590271093379,11.0,0.0
SVR,36,21,False,KernelSHAP,ionization_Mprime,0.037336313548968596,10.0,0.0
SVR,36,21,False,KernelSHAP,radius_M,0.09799211262353152,6.0,0.0
SVR,36,21,False,KernelSHAP,radius_Mprime,0.06100632564157497,9.0,0.0
SVR,36,21,False,KernelSHAP,oxide_enthalpy_M,0.18291842850027284,2.0,1.0
SVR,36,21,False,KernelSHAP,oxide_enthalpy_Mprime,0.09966373173778913,5.0,0.0
SVR,36,21,False,KernelSHAP,mixing_enthalpy,0.02313916960922363,12.0,0.0
SVR,36,21,False,KernelSHAP,sublimation_M,0.14757758617537847,3.0,1.0
SVR,36,21,False,KernelSHAP,sublimation_Mprime,0.11902927262358103,4.0,0.0
SVR,36,21,False,KernelSHAP,surface_energy_M,0.31344133350189385,1.0,1.0
SVR,36,21,False,KernelSHAP,electron_density_M,0.013326305456143099,14.0,0.0
SVR,36,21,False,KernelSHAP,oxide_bandgap,0.018692305329981503,13.0,0.0
GBRT,36,22,False,PFI,electronegativity_M,-0.003233769164073532,13.0,0.0
GBRT,36,22,False,PFI,electronegativity_Mprime,0.0004454531450988677,11.0,0.0
GBRT,36,22,False,PFI,ionization_M,0.0021706504044601256,10.0,0.0
GBRT,36,22,False,PFI,ionization_Mprime,-0.0024561766608912437,12.0,0.0
GBRT,36,22,False,PFI,radius_M,0.006091085652027642,8.0,0.0
GBRT,36,22,False,PFI,radius_Mprime,-0.005335118749753786,14.0,0.0
GBRT,36,22,False,PFI,oxide_enthalpy_M,0.028631484799762828,4.0,0.0
GBRT,36,22,False,PFI,oxide_enthalpy_Mprime,0.006821074294641913,7.0,0.0
GBRT,36,22,False,PFI,mixing_enthalpy,0.007416888191733879,6.0,0.0
GBRT,36,22,False,PFI,sublimation_M,0.04576309677940836,2.0,1.0
GBRT,36,22,False,PFI,sublimation_Mprime,0.0048757736510256595,9.0,0.0
GBRT,36,22,False,PFI,surface_energy_M,0.2940377498427101,1.0,1.0
GBRT,36,22,False,PFI,electron_density_M,0.032902887271741746,3.0,1.0
GBRT,36,22,False,PFI,oxide_bandgap,0.015559545415028863,5.0,0.0
GBRT,36,22,False,KernelSHAP,electronegativity_M,0.05095223179772238,6.0,0.0
GBRT,36,22,False,KernelSHAP,electronegativity_Mprime,0.02764885978555735,10.0,0.0
GBRT,36,22,False,KernelSHAP,ionization_M,0.00666355162623567,14.0,0.0
GBRT,36,22,False,KernelSHAP,ionization_Mprime,0.02208631633868371,11.0,0.0
GBRT,36,22,False,KernelSHAP,radius_M,0.019941490002834947,12.0,0.0
GBRT,36,22,False,KernelSHAP,radius_Mprime,0.01413404697145222,13.0,0.0
GBRT,36,22,False,KernelSHAP,oxide_enthalpy_M,0.08731901042290799,4.0,0.0
GBRT,36,22,False,KernelSHAP,oxide_enthalpy_Mprime,0.04236742981614551,8.0,0.0
GBRT,36,22,False,KernelSHAP,mixing_enthalpy,0.046096756708749,7.0,0.0
GBRT,36,22,False,KernelSHAP,sublimation_M,0.1630017448156688,2.0,1.0
GBRT,36,22,False,KernelSHAP,sublimation_Mprime,0.03491383387935196,9.0,0.0
GBRT,36,22,False,KernelSHAP,surface_energy_M,0.3660135072274684,1.0,1.0
GBRT,36,22,False,KernelSHAP,electron_density_M,0.07403790294398989,5.0,0.0
GBRT,36,22,False,KernelSHAP,oxide_bandgap,0.09526111138326586,3.0,1.0
LR,36,22,False,PFI,electronegativity_M,0.4107446616168086,1.0,1.0
LR,36,22,False,PFI,electronegativity_Mprime,0.022901668518233533,12.0,0.0
LR,36,22,False,PFI,ionization_M,0.11219698773864602,9.0,0.0
LR,36,22,False,PFI,ionization_Mprime,0.11238853389807797,8.0,0.0
LR,36,22,False,PFI,radius_M,0.2522083240916451,4.0,0.0
LR,36,22,False,PFI,radius_Mprime,0.12544159452178255,7.0,0.0
LR,36,22,False,PFI,oxide_enthalpy_M,0.011259066973832724,13.0,0.0
LR,36,22,False,PFI,oxide_enthalpy_Mprime,0.044401639496414964,11.0,0.0
LR,36,22,False,PFI,mixing_enthalpy,0.060806738450893745,10.0,0.0
LR,36,22,False,PFI,sublimation_M,0.31989699192025023,3.0,1.0
LR,36,22,False,PFI,sublimation_Mprime,-0.0013005633917336718,14.0,0.0
LR,36,22,False,PFI,surface_energy_M,0.40831559812795437,2.0,1.0
LR,36,22,False,PFI,electron_density_M,0.12826321169732238,6.0,0.0
LR,36,22,False,PFI,oxide_bandgap,0.14159858696277952,5.0,0.0
LR,36,22,False,KernelSHAP,electronegativity_M,0.2773277106876273,5.0,0.0
LR,36,22,False,KernelSHAP,electronegativity_Mprime,0.05708054874940438,12.0,0.0
LR,36,22,False,KernelSHAP,ionization_M,0.23499100150279364,6.0,0.0
LR,36,22,False,KernelSHAP,ionization_Mprime,0.14669072900947755,10.0,0.0
LR,36,22,False,KernelSHAP,radius_M,0.35477108950291414,2.0,1.0
LR,36,22,False,KernelSHAP,radius_Mprime,0.2830720776141272,4.0,0.0
LR,36,22,False,KernelSHAP,oxide_enthalpy_M,0.027049216382717692,14.0,0.0
LR,36,22,False,KernelSHAP,oxide_enthalpy_Mprime,0.17418765400574665,8.0,0.0
LR,36,22,False,KernelSHAP,mixing_enthalpy,0.10764153440941694,11.0,0.0
LR,36,22,False,KernelSHAP,sublimation_M,0.345890274303067,3.0,1.0
LR,36,22,False,KernelSHAP,sublimation_Mprime,0.04079225629305918,13.0,0.0
LR,36,22,False,KernelSHAP,surface_energy_M,0.4672005113792648,1.0,1.0
LR,36,22,False,KernelSHAP,electron_density_M,0.15627513517663896,9.0,0.0
LR,36,22,False,KernelSHAP,oxide_bandgap,0.19258626639190946,7.0,0.0
RF,36,22,False,PFI,electronegativity_M,-0.0014913002943592777,10.0,0.0
RF,36,22,False,PFI,electronegativity_Mprime,-0.0014249617336523051,9.0,0.0
RF,36,22,False,PFI,ionization_M,-0.0015766299826545154,11.0,0.0
RF,36,22,False,PFI,ionization_Mprime,0.0009871021300233336,7.0,0.0
RF,36,22,False,PFI,radius_M,-0.005570341564553189,13.0,0.0
RF,36,22,False,PFI,radius_Mprime,-0.002040360941993134,12.0,0.0
RF,36,22,False,PFI,oxide_enthalpy_M,0.01436371994013445,3.0,1.0
RF,36,22,False,PFI,oxide_enthalpy_Mprime,0.0011070296283429352,6.0,0.0
RF,36,22,False,PFI,mixing_enthalpy,0.008614980080077128,5.0,0.0
RF,36,22,False,PFI,sublimation_M,0.023973385832180612,2.0,1.0
RF,36,22,False,PFI,sublimation_Mprime,-0.0004610865949281849,8.0,0.0
RF,36,22,False,PFI,surface_energy_M,0.026569072272332513,1.0,1.0
RF,36,22,False,PFI,electron_density_M,-0.008191559139530903,14.0,0.0
RF,36,22,False,PFI,oxide_bandgap,0.012017195823759189,4.0,0.0
RF,36,22,False,KernelSHAP,electronegativity_M,0.030413399180687098,7.0,0.0
RF,36,22,False,KernelSHAP,electronegativity_Mprime,0.023383864351883922,9.0,0.0
RF,36,22,False,KernelSHAP,ionization_M,0.006693374519289707,14.0,0.0
RF,36,22,False,KernelSHAP,ionization_Mprime,0.009613902207498365,13.0,0.0
RF,36,22,False,KernelSHAP,radius_M,0.04077885088202051,6.0,0.0
RF,36,22,False,KernelSHAP,radius_Mprime,0.011541485793927518,12.0,0.0
RF,36,22,False,KernelSHAP,oxide_enthalpy_M,0.054573367343868785,5.0,0.0
RF,36,22,False,KernelSHAP,oxide_enthalpy_Mprime,0.0216248966697273,10.0,0.0
RF,36,22,False,KernelSHAP,mixing_enthalpy,0.014512380177208116,11.0,0.0
RF,36,22,False,KernelSHAP,sublimation_M,0.17028321842443547,2.0,1.0
RF,36,22,False,KernelSHAP,sublimation_Mprime,0.02344732138854419,8.0,0.0
RF,36,22,False,KernelSHAP,surface_energy_M,0.19895213851866558,1.0,1.0
RF,36,22,False,KernelSHAP,electron_density_M,0.0733683345752772,3.0,1.0
RF,36,22,False,KernelSHAP,oxide_bandgap,0.059144440714568446,4.0,0.0
SVR,36,22,False,PFI,electronegativity_M,0.08730779629694034,3.0,1.0
SVR,36,22,False,PFI,electronegativity_Mprime,0.005132249595103533,14.0,0.0
SVR,36,22,False,PFI,ionization_M,0.005287280304947848,13.0,0.0
SVR,36,22,False,PFI,ionization_Mprime,0.010384602450389845,12.0,0.0
SVR,36,22,False,PFI,radius_M,0.05921059929599977,5.0,0.0
SVR,36,22,False,PFI,radius_Mprime,0.021743883877859353,8.0,0.0
SVR,36,22,False,PFI,oxide_enthalpy_M,0.06173217701305505,4.0,0.0
SVR,36,22,False,PFI,oxide_enthalpy_Mprime,0.039037622748660614,6.0,0.0
SVR,36,22,False,PFI,mixing_enthalpy,0.021000935959474092,9.0,0.0
SVR,36,22,False,PFI,sublimation_M,0.12349329633007361,2.0,1.0
SVR,36,22,False,PFI,sublimation_Mprime,0.016758712672810427,11.0,0.0
SVR,36,22,False,PFI,surface_energy_M,0.20605117040955737,1.0,1.0
SVR,36,22,False,PFI,electron_density_M,0.020000646542010996,10.0,0.0
SVR,36,22,False,PFI,oxide_bandgap,0.03169181934965313,7.0,0.0
SVR,36,22,False,KernelSHAP,electronegativity_M,0.12530917649820816,5.0,0.0
SVR,36,22,False,KernelSHAP,electronegativity_Mprime,0.018249454475957768,14.0,0.0
SVR,36,22,False,KernelSHAP,ionization_M,0.0897682048750901,10.0,0.0
SVR,36,22,False,KernelSHAP,ionization_Mprime,0.032787670192494955,13.0,0.0
SVR,36,22,False,KernelSHAP,radius_M,0.15304854972755708,4.0,0.0
SVR,36,22,False,KernelSHAP,radius_Mprime,0.11178001812653715,7.0,0.0
SVR,36,22,False,KernelSHAP,oxide_enthalpy_M,0.11729241617649645,6.0,0.0
SVR,36,22,False,KernelSHAP,oxide_enthalpy_Mprime,0.15952226399264258,3.0,1.0
SVR,36,22,False,KernelSHAP,mixing_enthalpy,0.0552901099491878,11.0,0.0
SVR,36,22,False,KernelSHAP,sublimation_M,0.20685449817609236,2.0,1.0
SVR,36,22,False,KernelSHAP,sublimation_Mprime,0.09383113939314197,9.0,0.0
SVR,36,22,False,KernelSHAP,surface_energy_M,0.30364237970433977,1.0,1.0
SVR,36,22,False,KernelSHAP,electron_density_M,0.0491733217935007,12.0,0.0
SVR,36,22,False,KernelSHAP,oxide_bandgap,0.09659154651223942,8.0,0.0
GBRT,36,23,False,PFI,electronegativity_M,-0.0016659933188719399,6.0,0.0
GBRT,36,23,False,PFI,electronegativity_Mprime,-0.00945562032007069,13.0,0.0
GBRT,36,23,False,PFI,ionization_M,0.003518927407731188,4.0,0.0
GBRT,36,23,False,PFI,ionization_Mprime,0.0018040254802241288,5.0,0.0
GBRT,36,23,False,PFI,radius_M,-0.003055573971809795,9.0,0.0
GBRT,36,23,False,PFI,radius_Mprime,-0.0041308389376889295,10.0,0.0
GBRT,36,23,False,PFI,oxide_enthalpy_M,0.02266894162650453,2.0,1.0
GBRT,36,23,False,PFI,oxide_enthalpy_Mprime,-0.010664913079239528,14.0,0.0
GBRT,36,23,False,PFI,mixing_enthalpy,-0.001989281419260652,8.0,0.0
GBRT,36,23,False,PFI,sublimation_M,0.015269233631077548,3.0,1.0
GBRT,36,23,False,PFI,sublimation_Mprime,-0.00944558067615542,12.0,0.0
GBRT,36,23,False,PFI,surface_energy_M,0.14989887609616123,1.0,1.0
GBRT,36,23,False,PFI,electron_density_M,-0.007577586209843817,11.0,0.0
GBRT,36,23,False,PFI,oxide_bandgap,-0.0016739827561560515,7.0,0.0
GBRT,36,23,False,KernelSHAP,electronegativity_M,0.011131151060692134,14.0,0.0
GBRT,36,23,False,KernelSHAP,electronegativity_Mprime,0.10147225475328323,2.0,1.0
GBRT,36,23,False,KernelSHAP,ionization_M,0.09276495353527942,3.0,1.0
GBRT,36,23,False,KernelSHAP,ionization_Mprime,0.013694284922713256,13.0,0.0
GBRT,36,23,False,KernelSHAP,radius_M,0.033097541983851196,7.0,0.0
GBRT,36,23,False,KernelSHAP,radius_Mprime,0.02322049355237514,10.0,0.0
GBRT,36,23,False,KernelSHAP,oxide_enthalpy_M,0.05741043036742858,4.0,0.0
GBRT,36,23,False,KernelSHAP,oxide_enthalpy_Mprime,0.04132911940901464,6.0,0.0
GBRT,36,23,False,KernelSHAP,mixing_enthalpy,0.02132063347122652,12.0,0.0
GBRT,36,23,False,KernelSHAP,sublimation_M,0.04946800366867675,5.0,0.0
GBRT,36,23,False,KernelSHAP,sublimation_Mprime,0.02472295258557103,9.0,0.0
GBRT,36,23,False,KernelSHAP,surface_energy_M,0.268581241036345,1.0,1.0
GBRT,36,23,False,KernelSHAP,electron_density_M,0.021453966157121494,11.0,0.0
GBRT,36,23,False,KernelSHAP,oxide_bandgap,0.03190655458171211,8.0,0.0
LR,36,23,False,PFI,electronegativity_M,0.049231988606549745,5.0,0.0
LR,36,23,False,PFI,electronegativity_Mprime,0.0023011647373007153,11.0,0.0
LR,36,23,False,PFI,ionization_M,0.055853776683091653,4.0,0.0
LR,36,23,False,PFI,ionization_Mprime,0.025013294841767317,7.0,0.0
LR,36,23,False,PFI,radius_M,0.03823277425237666,6.0,0.0
LR,36,23,False,PFI,radius_Mprime,0.004693887812072187,10.0,0.0
LR,36,23,False,PFI,oxide_enthalpy_M,0.2516303659452299,2.0,1.0
LR,36,23,False,PFI,oxide_enthalpy_Mprime,0.012018636683608768,8.0,0.0
LR,36,23,False,PFI,mixing_enthalpy,0.0011806053609052338,12.0,0.0
LR,36,23,False,PFI,sublimation_M,0.0115156214689931,9.0,0.0
LR,36,23,False,PFI,sublimation_Mprime,-0.006179741318251995,14.0,0.0
LR,36,23,False,PFI,surface_energy_M,1.2244680382642015,1.0,1.0
LR,36,23,False,PFI,electron_density_M,0.1547348153264001,3.0,1.0
LR,36,23,False,PFI,oxide_bandgap,-0.0023021352663611543,13.0,0.0
LR,36,23,False,KernelSHAP,electronegativity_M,0.07095080574662281,10.0,0.0
LR,36,23,False,KernelSHAP,electronegativity_Mprime,0.10050911572957281,8.0,0.0
LR,36,23,False,KernelSHAP,ionization_M,0.1567928271962748,4.0,0.0
LR,36,23,False,KernelSHAP,ionization_Mprime,0.10076881411563036,7.0,0.0
LR,36,23,False,KernelSHAP,radius_M,0.10150766993095786,6.0,0.0
LR,36,23,False,KernelSHAP,radius_Mprime,0.10182350299816145,5.0,0.0
LR,36,23,False,KernelSHAP,oxide_enthalpy_M,0.3286496655005018,2.0,1.0
LR,36,23,False,KernelSHAP,oxide_enthalpy_Mprime,0.03366876065335545,12.0,0.0
LR,36,23,False,KernelSHAP,mixing_enthalpy,0.00522820849839493,14.0,0.0
LR,36,23,False,KernelSHAP,sublimation_M,0.05990714965187763,11.0,0.0
LR,36,23,False,KernelSHAP,sublimation_Mprime,0.07284743599614023,9.0,0.0
LR,36,23,False,KernelSHAP,surface_energy_M,0.7463704300009754,1.0,1.0
LR,36,23,False,KernelSHAP,electron_density_M,0.20452541077822528,3.0,1.0
LR,36,23,False,KernelSHAP,oxide_bandgap,0.008176663758212339,13.0,0.0
RF,36,23,False,PFI,electronegativity_M,-0.0019877989032984445,9.0,0.0
RF,36,23,False,PFI,electronegativity_Mprime,-0.004201191328004362,12.0,0.0
RF,36,23,False,PFI,ionization_M,0.002246749026338995,5.0,0.0
RF,36,23,False,PFI,ionization_Mprime,-0.0007361956919354447,8.0,0.0
RF,36,23,False,PFI,radius_M,0.005799244696145128,4.0,0.0
RF,36,23,False,PFI,radius_Mprime,-0.0036954058753784044,11.0,0.0
RF,36,23,False,PFI,oxide_enthalpy_M,0.013229332904792628,3.0,1.0
RF,36,23,False,PFI,oxide_enthalpy_Mprime,-0.003608100911937265,10.0,0.0
RF,36,23,False,PFI,mixing_enthalpy,0.000971742570142844,7.0,0.0
RF,36,23,False,PFI,sublimation_M,0.013676437113488253,2.0,1.0
RF,36,23,False,PFI,sublimation_Mprime,-0.005873279189866803,13.0,0.0
RF,36,23,False,PFI,surface_energy_M,0.03232996885125581,1.0,1.0
RF,36,23,False,PFI,electron_density_M,-0.009465009633279188,14.0,0.0
RF,36,23,False,PFI,oxide_bandgap,0.0012467073170593238,6.0,0.0
RF,36,23,False,KernelSHAP,electronegativity_M,0.010182481628388843,12.0,0.0
RF,36,23,False,KernelSHAP,electronegativity_Mprime,0.04629865216464027,4.0,0.0
RF,36,23,False,KernelSHAP,ionization_M,0.03271781303667734,7.0,0.0
RF,36,23,False,KernelSHAP,ionization_Mprime,0.007011717949819317,14.0,0.0
RF,36,23,False,KernelSHAP,radius_M,0.04061378617821864,5.0,0.0
RF,36,23,False,KernelSHAP,radius_Mprime,0.013530648074443007,9.0,0.0
RF,36,23,False,KernelSHAP,oxide_enthalpy_M,0.037010660249262556,6.0,0.0
RF,36,23,False,KernelSHAP,oxide_enthalpy_Mprime,0.018068565515237237,8.0,0.0
RF,36,23,False,KernelSHAP,mixing_enthalpy,0.009201660201503556,13.0,0.0
RF,36,23,False,KernelSHAP,sublimation_M,0.07258051159376594,2.0,1.0
RF,36,23,False,KernelSHAP,sublimation_Mprime,0.011381718520375566,11.0,0.0
RF,36,23,False,KernelSHAP,surface_energy_M,0.1554217732343721,1.0,1.0
RF,36,23,False,KernelSHAP,electron_density_M,0.06722358134187276,3.0,1.0
RF,36,23,False,KernelSHAP,oxide_bandgap,0.012890716034724742,10.0,0.0
SVR,36,23,False,PFI,electronegativity_M,-0.004482492740069231,12.0,0.0
SVR,36,23,False,PFI,electronegativity_Mprime,0.016318217296103107,5.0,0.0
SVR,36,23,False,PFI,ionization_M,0.021915293953542348,4.0,0.0
SVR,36,23,False,PFI,ionization_Mprime,0.006876434459993328,7.0,0.0
SVR,36,23,False,PFI,radius_M,0.02825823023709284,3.0,1.0
SVR,36,23,False,PFI,radius_Mprime,0.0027216740257468824,10.0,0.0
SVR,36,23,False,PFI,oxide_enthalpy_M,0.1412104624763227,2.0,1.0
SVR,36,23,False,PFI,oxide_enthalpy_Mprime,-0.003036451592541468,11.0,0.0
SVR,36,23,False,PFI,mixing_enthalpy,-0.005510034938139041,13.0,0.0
SVR,36,23,False,PFI,sublimation_M,0.003111508435175021,9.0,0.0
SVR,36,23,False,PFI,sublimation_Mprime,0.005968588880940011,8.0,0.0
SVR,36,23,False,PFI,surface_energy_M,0.2507868568280237,1.0,1.0
SVR,36,23,False,PFI,electron_density_M,-0.014828218298435518,14.0,0.0
SVR,36,23,False,PFI,oxide_bandgap,0.010695358298682674,6.0,0.0
SVR,36,23,False,KernelSHAP,electronegativity_M,0.04585045582997261,9.0,0.0
SVR,36,23,False,KernelSHAP,electronegativity_Mprime,0.14615281174380673,3.0,1.0
SVR,36,23,False,KernelSHAP,ionization_M,0.11053716140773812,4.0,0.0
SVR,36,23,False,KernelSHAP,ionization_Mprime,0.03635761384673721,11.0,0.0
SVR,36,23,False,KernelSHAP,radius_M,0.08652917335580658,5.0,0.0
SVR,36,23,False,KernelSHAP,radius_Mprime,0.01244974060761265,14.0,0.0
SVR,36,23,False,KernelSHAP,oxide_enthalpy_M,0.20932342682777852,2.0,1.0
SVR,36,23,False,KernelSHAP,oxide_enthalpy_Mprime,0.06393505576521807,6.0,0.0
SVR,36,23,False,KernelSHAP,mixing_enthalpy,0.05150175721223141,7.0,0.0
SVR,36,23,False,KernelSHAP,sublimation_M,0.04653650390390201,8.0,0.0
SVR,36,23,False,KernelSHAP,sublimation_Mprime,0.032284134802370586,12.0,0.0
SVR,36,23,False,KernelSHAP,surface_energy_M,0.3860820494095104,1.0,1.0
SVR,36,23,False,KernelSHAP,electron_density_M,0.03670728406037572,10.0,0.0
SVR,36,23,False,KernelSHAP,oxide_bandgap,0.012692099948622741,13.0,0.0
GBRT,36,24,False,PFI,electronegativity_M,0.0006554925409684824,10.0,0.0
GBRT,36,24,False,PFI,electronegativity_Mprime,-0.0010532626413630648,12.0,0.0
GBRT,36,24,False,PFI,ionization_M,0.00017583873655214698,11.0,0.0
GBRT,36,24,False,PFI,ionization_Mprime,0.0028962845176556864,8.0,0.0
GBRT,36,24,False,PFI,radius_M,0.019260757018260893,5.0,0.0
GBRT,36,24,False,PFI,radius_Mprime,-0.009775786767936941,14.0,0.0
GBRT,36,24,False,PFI,oxide_enthalpy_M,0.04042144173454397,3.0,1.0
GBRT,36,24,False,PFI,oxide_enthalpy_Mprime,0.0017138958745661623,9.0,0.0
GBRT,36,24,False,PFI,mixing_enthalpy,-0.003957486393363865,13.0,0.0
GBRT,36,24,False,PFI,sublimation_M,0.052572903431374766,2.0,1.0
GBRT,36,24,False,PFI,sublimation_Mprime,0.0040143400453235365,7.0,0.0
GBRT,36,24,False,PFI,surface_energy_M,0.23012338530403623,1.0,1.0
GBRT,36,24,False,PFI,electron_density_M,0.017590734624179243,6.0,0.0
GBRT,36,24,False,PFI,oxide_bandgap,0.02328431125672573,4.0,0.0
GBRT,36,24,False,KernelSHAP,electronegativity_M,0.0213930026831959,10.0,0.0
GBRT,36,24,False,KernelSHAP,electronegativity_Mprime,0.012426078786843058,14.0,0.0
GBRT,36,24,False,KernelSHAP,ionization_M,0.01747092095077913,12.0,0.0
GBRT,36,24,False,KernelSHAP,ionization_Mprime,0.013650670223497738,13.0,0.0
GBRT,36,24,False,KernelSHAP,radius_M,0.03750672873729774,8.0,0.0
GBRT,36,24,False,KernelSHAP,radius_Mprime,0.09227347015789628,4.0,0.0
GBRT,36,24,False,KernelSHAP,oxide_enthalpy_M,0.1245100061262082,2.0,1.0
GBRT,36,24,False,KernelSHAP,oxide_enthalpy_Mprime,0.04448813949239075,7.0,0.0
GBRT,36,24,False,KernelSHAP,mixing_enthalpy,0.020081957159952767,11.0,0.0
GBRT,36,24,False,KernelSHAP,sublimation_M,0.12412087564790814,3.0,1.0
GBRT,36,24,False,KernelSHAP,sublimation_Mprime,0.024129715210223876,9.0,0.0
GBRT,36,24,False,KernelSHAP,surface_energy_M,0.21294421639952762,1.0,1.0
GBRT,36,24,False,KernelSHAP,electron_density_M,0.04563608185954178,6.0,0.0
GBRT,36,24,False,KernelSHAP,oxide_bandgap,0.08742751348093486,5.0,0.0
LR,36,24,False,PFI,electronegativity_M,0.6307345135147887,2.0,1.0
LR,36,24,False,PFI,electronegativity_Mprime,-0.0035332345715630253,12.0,0.0
LR,36,24,False,PFI,ionization_M,0.2546685239162487,6.0,0.0
LR,36,24,False,PFI,ionization_Mprime,-0.0065845628522389855,13.0,0.0
LR,36,24,False,PFI,radius_M,0.45073811240177813,5.0,0.0
LR,36,24,False,PFI,radius_Mprime,0.010366955146228105,9.0,0.0
LR,36,24,False,PFI,oxide_enthalpy_M,0.004639344456238101,10.0,0.0
LR,36,24,False,PFI,oxide_enthalpy_Mprime,0.0025705906948921527,11.0,0.0
LR,36,24,False,PFI,mixing_enthalpy,0.22412685524043913,7.0,0.0
LR,36,24,False,PFI,sublimation_M,0.46732896393324214,3.0,1.0
LR,36,24,False,PFI,sublimation_Mprime,-0.011463167537757129,14.0,0.0
LR,36,24,False,PFI,surface_energy_M,0.8270621011077747,1.0,1.0
LR,36,24,False,PFI,electron_density_M,0.46329251518206677,4.0,0.0
LR,36,24,False,PFI,oxide_bandgap,0.09922919646016379,8.0,0.0
LR,36,24,False,KernelSHAP,electronegativity_M,0.4070761699955866,3.0,1.0
LR,36,24,False,KernelSHAP,electronegativity_Mprime,0.06933910091355915,11.0,0.0
LR,36,24,False,KernelSHAP,ionization_M,0.29411903014777185,6.0,0.0
LR,36,24,False,KernelSHAP,ionization_Mprime,0.09749614951207712,10.0,0.0
LR,36,24,False,KernelSHAP,radius_M,0.4804024307522796,2.0,1.0
LR,36,24,False,KernelSHAP,radius_Mprime,0.13950739073085738,9.0,0.0
LR,36,24,False,KernelSHAP,oxide_enthalpy_M,0.029870269109743434,13.0,0.0
LR,36,24,False,KernelSHAP,oxide_enthalpy_Mprime,0.012899097389198536,14.0,0.0
LR,36,24,False,KernelSHAP,mixing_enthalpy,0.22872563107139282,7.0,0.0
LR,36,24,False,KernelSHAP,sublimation_M,0.3714650073583751,5.0,0.0
LR,36,24,False,KernelSHAP,sublimation_Mprime,0.06881454525143577,12.0,0.0
LR,36,24,False,KernelSHAP,surface_energy_M,0.6280188212364215,1.0,1.0
LR,36,24,False,KernelSHAP,electron_density_M,0.3790135183939724,4.0,0.0
LR,36,24,False,KernelSHAP,oxide_bandgap,0.144982789927236,8.0,0.0
RF,36,24,False,PFI,electronegativity_M,0.0038463332258282207,8.0,0.0
RF,36,24,False,PFI,electronegativity_Mprime,-0.0018907634656094565,12.0,0.0
RF,36,24,False,PFI,ionization_M,0.0010260078920110017,9.0,0.0
RF,36,24,False,PFI,ionization_Mprime,-0.0026432254887236114,13.0,0.0
RF,36,24,False,PFI,radius_M,0.0240661861810964,3.0,1.0
RF,36,24,False,PFI,radius_Mprime,-0.005057141343274272,14.0,0.0
RF,36,24,False,PFI,oxide_enthalpy_M,0.023983156302436952,4.0,0.0
RF,36,24,False,PFI,oxide_enthalpy_Mprime,0.00035414032850474865,10.0,0.0
RF,36,24,False,PFI,mixing_enthalpy,-0.0014281389294369484,11.0,0.0
RF,36,24,False,PFI,sublimation_M,0.02916245224716214,2.0,1.0
RF,36,24,False,PFI,sublimation_Mprime,0.005156720279451529,7.0,0.0
RF,36,24,False,PFI,surface_energy_M,0.06953605849273702,1.0,1.0
RF,36,24,False,PFI,electron_density_M,0.013645031984367314,5.0,0.0
RF,36,24,False,PFI,oxide_bandgap,0.008281199767192533,6.0,0.0
RF,36,24,False,KernelSHAP,electronegativity_M,0.012832974383780242,14.0,0.0
RF,36,24,False,KernelSHAP,electronegativity_Mprime,0.019075341983447496,11.0,0.0
RF,36,24,False,KernelSHAP,ionization_M,0.016354706462799223,12.0,0.0
RF,36,24,False,KernelSHAP,ionization_Mprime,0.04252529817501291,5.0,0.0
RF,36,24,False,KernelSHAP,radius_M,0.04464911052288291,4.0,0.0
RF,36,24,False,KernelSHAP,radius_Mprime,0.02950897044194363,8.0,0.0
RF,36,24,False,KernelSHAP,oxide_enthalpy_M,0.06583662559943969,3.0,1.0
RF,36,24,False,KernelSHAP,oxide_enthalpy_Mprime,0.019095859704146283,10.0,0.0
RF,36,24,False,KernelSHAP,mixing_enthalpy,0.025555008787126146,9.0,0.0
RF,36,24,False,KernelSHAP,sublimation_M,0.06870092020860788,2.0,1.0
RF,36,24,False,KernelSHAP,sublimation_Mprime,0.01444783062969997,13.0,0.0
RF,36,24,False,KernelSHAP,surface_energy_M,0.10128528637016915,1.0,1.0
RF,36,24,False,KernelSHAP,electron_density_M,0.04126850012905959,6.0,0.0
RF,36,24,False,KernelSHAP,oxide_bandgap,0.03642240265076009,7.0,0.0
SVR,36,24,False,PFI,electronegativity_M,0.08601380585207097,2.0,1.0
SVR,36,24,False,PFI,electronegativity_Mprime,0.020950739909850167,9.0,0.0
SVR,36,24,False,PFI,ionization_M,0.008026418035346152,12.0,0.0
SVR,36,24,False,PFI,ionization_Mprime,0.00565863797027905,13.0,0.0
SVR,36,24,False,PFI,radius_M,0.03607647063263911,6.0,0.0
SVR,36,24,False,PFI,radius_Mprime,0.025764795609299306,8.0,0.0
SVR,36,24,False,PFI,oxide_enthalpy_M,0.05454496641784707,5.0,0.0
SVR,36,24,False,PFI,oxide_enthalpy_Mprime,0.013480033965418142,11.0,0.0
SVR,36,24,False,PFI,mixing_enthalpy,0.032891465558499845,7.0,0.0
SVR,36,24,False,PFI,sublimation_M,0.08122220735486191,3.0,1.0
SVR,36,24,False,PFI,sublimation_Mprime,3.5726262825985327e-06,14.0,0.0
SVR,36,24,False,PFI,surface_energy_M,0.16504320443025283,1.0,1.0
SVR,36,24,False,PFI,electron_density_M,0.014356972511425708,10.0,0.0
SVR,36,24,False,PFI,oxide_bandgap,0.05906095982226066,4.0,0.0
SVR,36,24,False,KernelSHAP,electronegativity_M,0.15092522594977456,3.0,1.0
SVR,36,24,False,KernelSHAP,electronegativity_Mprime,0.08383868896703607,9.0,0.0
SVR,36,24,False,KernelSHAP,ionization_M,0.0323330154324977,14.0,0.0
SVR,36,24,False,KernelSHAP,ionization_Mprime,0.04331525417891006,11.0,0.0
SVR,36,24,False,KernelSHAP,radius_M,0.09803622813500838,7.0,0.0
SVR,36,24,False,KernelSHAP,radius_Mprime,0.08438605013321641,8.0,0.0
SVR,36,24,False,KernelSHAP,oxide_enthalpy_M,0.12382208970663432,4.0,0.0
SVR,36,24,False,KernelSHAP,oxide_enthalpy_Mprime,0.03887153694739078,12.0,0.0
SVR,36,24,False,KernelSHAP,mixing_enthalpy,0.10195799886026574,6.0,0.0
SVR,36,24,False,KernelSHAP,sublimation_M,0.1848454091988915,2.0,1.0
SVR,36,24,False,KernelSHAP,sublimation_Mprime,0.035795373946156735,13.0,0.0
SVR,36,24,False,KernelSHAP,surface_energy_M,0.29030467826853884,1.0,1.0
SVR,36,24,False,KernelSHAP,electron_density_M,0.05601868155738194,10.0,0.0
SVR,36,24,False,KernelSHAP,oxide_bandgap,0.11512771138511245,5.0,0.0
GBRT,36,25,False,PFI,electronegativity_M,0.0013573357849730404,8.0,0.0
GBRT,36,25,False,PFI,electronegativity_Mprime,-0.0028762353437608817,11.0,0.0
GBRT,36,25,False,PFI,ionization_M,-0.005419050007152574,14.0,0.0
GBRT,36,25,False,PFI,ionization_Mprime,-0.003652739850811363,12.0,0.0
GBRT,36,25,False,PFI,radius_M,0.008960670379708624,3.0,1.0
GBRT,36,25,False,PFI,radius_Mprime,-0.003782022097969839,13.0,0.0
GBRT,36,25,False,PFI,oxide_enthalpy_M,0.026046894393727402,2.0,1.0
GBRT,36,25,False,PFI,oxide_enthalpy_Mprime,0.005331656392623568,5.0,0.0
GBRT,36,25,False,PFI,mixing_enthalpy,0.005119995743427654,6.0,0.0
GBRT,36,25,False,PFI,sublimation_M,0.007690626556648269,4.0,0.0
GBRT,36,25,False,PFI,sublimation_Mprime,0.0012393606094222734,9.0,0.0
GBRT,36,25,False,PFI,surface_energy_M,0.26056676720486516,1.0,1.0
GBRT,36,25,False,PFI,electron_density_M,0.004187371140994664,7.0,0.0
GBRT,36,25,False,PFI,oxide_bandgap,-0.0015696259067210097,10.0,0.0
GBRT,36,25,False,KernelSHAP,electronegativity_M,0.009571485844557593,14.0,0.0
GBRT,36,25,False,KernelSHAP,electronegativity_Mprime,0.07833997030919922,2.0,1.0
GBRT,36,25,False,KernelSHAP,ionization_M,0.04465476620666629,6.0,0.0
GBRT,36,25,False,KernelSHAP,ionization_Mprime,0.013249915438557424,13.0,0.0
GBRT,36,25,False,KernelSHAP,radius_M,0.0567007756173103,4.0,0.0
GBRT,36,25,False,KernelSHAP,radius_Mprime,0.041797487554143385,8.0,0.0
GBRT,36,25,False,KernelSHAP,oxide_enthalpy_M,0.05180056443578566,5.0,0.0
GBRT,36,25,False,KernelSHAP,oxide_enthalpy_Mprime,0.029122932606524432,12.0,0.0
GBRT,36,25,False,KernelSHAP,mixing_enthalpy,0.03023378387652205,11.0,0.0
GBRT,36,25,False,KernelSHAP,sublimation_M,0.04280013450627255,7.0,0.0
GBRT,36,25,False,KernelSHAP,sublimation_Mprime,0.04171877221565802,9.0,0.0
GBRT,36,25,False,KernelSHAP,surface_energy_M,0.2535466710823831,1.0,1.0
GBRT,36,25,False,KernelSHAP,electron_density_M,0.034714944139133806,10.0,0.0
GBRT,36,25,False,KernelSHAP,oxide_bandgap,0.06253396527611246,3.0,1.0
LR,36,25,False,PFI,electronegativity_M,0.0006338291725521218,11.0,0.0
LR,36,25,False,PFI,electronegativity_Mprime,0.007813357303066844,8.0,0.0
LR,36,25,False,PFI,ionization_M,-0.009328388695119977,14.0,0.0
LR,36,25,False,PFI,ionization_Mprime,-0.00152545436691168,12.0,0.0
LR,36,25,False,PFI,radius_M,0.006123886680270185,9.0,0.0
LR,36,25,False,PFI,radius_Mprime,0.018654905839122653,7.0,0.0
LR,36,25,False,PFI,oxide_enthalpy_M,0.17949154143827012,2.0,1.0
LR,36,25,False,PFI,oxide_enthalpy_Mprime,0.13157385372045405,3.0,1.0
LR,36,25,False,PFI,mixing_enthalpy,0.07879597257108202,4.0,0.0
LR,36,25,False,PFI,sublimation_M,0.03848012638552627,6.0,0.0
LR,36,25,False,PFI,sublimation_Mprime,0.04848254363339858,5.0,0.0
LR,36,25,False,PFI,surface_energy_M,0.3922705080560673,1.0,1.0
LR,36,25,False,PFI,electron_density_M,-0.005599155758292131,13.0,0.0
LR,36,25,False,PFI,oxide_bandgap,0.0020934710025372217,10.0,0.0
LR,36,25,False,KernelSHAP,electronegativity_M,0.004666766926454845,14.0,0.0
LR,36,25,False,KernelSHAP,electronegativity_Mprime,0.13785703410382813,6.0,0.0
LR,36,25,False,KernelSHAP,ionization_M,0.09797539504599807,8.0,0.0
LR,36,25,False,KernelSHAP,ionization_Mprime,0.019490955726479343,12.0,0.0
LR,36,25,False,KernelSHAP,radius_M,0.0545483162813068,10.0,0.0
LR,36,25,False,KernelSHAP,radius_Mprime,0.07229961457457168,9.0,0.0
LR,36,25,False,KernelSHAP,oxide_enthalpy_M,0.21939575133227027,4.0,0.0
LR,36,25,False,KernelSHAP,oxide_enthalpy_Mprime,0.23523752780582166,2.0,1.0
LR,36,25,False,KernelSHAP,mixing_enthalpy,0.14295435945676688,5.0,0.0
LR,36,25,False,KernelSHAP,sublimation_M,0.12125001443463784,7.0,0.0
LR,36,25,False,KernelSHAP,sublimation_Mprime,0.22472019450232672,3.0,1.0
LR,36,25,False,KernelSHAP,surface_energy_M,0.4173779908585037,1.0,1.0
LR,36,25,False,KernelSHAP,electron_density_M,0.042259076678689486,11.0,0.0
LR,36,25,False,KernelSHAP,oxide_bandgap,0.010718857850833655,13.0,0.0
RF,36,25,False,PFI,electronegativity_M,0.0010972891305246766,7.0,0.0
RF,36,25,False,PFI,electronegativity_Mprime,-0.002197842896188135,12.0,0.0
RF,36,25,False,PFI,ionization_M,-0.004028296204625808,13.0,0.0
RF,36,25,False,PFI,ionization_Mprime,-0.001673575435730125,11.0,0.0
RF,36,25,False,PFI,radius_M,0.018111486846256217,2.0,1.0
RF,36,25,False,PFI,radius_Mprime,-0.007544262419932735,14.0,0.0
RF,36,25,False,PFI,oxide_enthalpy_M,0.014985603063157353,3.0,1.0
RF,36,25,False,PFI,oxide_enthalpy_Mprime,-0.00032696554871543363,8.0,0.0
RF,36,25,False,PFI,mixing_enthalpy,0.0034798662261764394,6.0,0.0
RF,36,25,False,PFI,sublimation_M,-0.00104426937567307,10.0,0.0
RF,36,25,False,PFI,sublimation_Mprime,0.006260285770967876,5.0,0.0
RF,36,25,False,PFI,surface_energy_M,0.06442855520778204,1.0,1.0
RF,36,25,False,PFI,electron_density_M,0.00626229422362136,4.0,0.0
RF,36,25,False,PFI,oxide_bandgap,-0.0010432993907590726,9.0,0.0
RF,36,25,False,KernelSHAP,electronegativity_M,0.021829207376788166,9.0,0.0
RF,36,25,False,KernelSHAP,electronegativity_Mprime,0.08257250497783622,3.0,1.0
RF,36,25,False,KernelSHAP,ionization_M,0.016326140953657396,11.0,0.0
RF,36,25,False,KernelSHAP,ionization_Mprime,0.004101588913036856,14.0,0.0
RF,36,25,False,KernelSHAP,radius_M,0.08881030430347168,2.0,1.0
RF,36,25,False,KernelSHAP,radius_Mprime,0.07282702620630915,5.0,0.0
RF,36,25,False,KernelSHAP,oxide_enthalpy_M,0.03639406566033218,6.0,0.0
RF,36,25,False,KernelSHAP,oxide_enthalpy_Mprime,0.011370651099043989,13.0,0.0
RF,36,25,False,KernelSHAP,mixing_enthalpy,0.020399998995117977,10.0,0.0
RF,36,25,False,KernelSHAP,sublimation_M,0.034779699423952204,7.0,0.0
RF,36,25,False,KernelSHAP,sublimation_Mprime,0.024890295280259333,8.0,0.0
RF,36,25,False,KernelSHAP,surface_energy_M,0.10489322302979871,1.0,1.0
RF,36,25,False,KernelSHAP,electron_density_M,0.07882727634607499,4.0,0.0
RF,36,25,False,KernelSHAP,oxide_bandgap,0.013353320554856605,12.0,0.0
SVR,36,25,False,PFI,electronegativity_M,0.0016715025420946522,10.0,0.0
SVR,36,25,False,PFI,electronegativity_Mprime,0.0003984164385314552,11.0,0.0
SVR,36,25,False,PFI,ionization_M,-0.03790077491238732,14.0,0.0
SVR,36,25,False,PFI,ionization_Mprime,0.012246026991528592,6.0,0.0
SVR,36,25,False,PFI,radius_M,-0.0017367689047601627,12.0,0.0
SVR,36,25,False,PFI,radius_Mprime,0.0032044294089722636,9.0,0.0
SVR,36,25,False,PFI,oxide_enthalpy_M,0.1137725504394147,2.0,1.0
SVR,36,25,False,PFI,oxide_enthalpy_Mprime,0.06597848168081386,3.0,1.0
SVR,36,25,False,PFI,mixing_enthalpy,0.01579479952958416,5.0,0.0
SVR,36,25,False,PFI,sublimation_M,0.006074771788396397,7.0,0.0
SVR,36,25,False,PFI,sublimation_Mprime,0.02170674663728423,4.0,0.0
SVR,36,25,False,PFI,surface_energy_M,0.15690966835166092,1.0,1.0
SVR,36,25,False,PFI,electron_density_M,0.0038502926904455587,8.0,0.0
SVR,36,25,False,PFI,oxide_bandgap,-0.004145260473925568,13.0,0.0
SVR,36,25,False,KernelSHAP,electronegativity_M,0.043881890134337714,10.0,0.0
SVR,36,25,False,KernelSHAP,electronegativity_Mprime,0.03852942602969513,11.0,0.0
SVR,36,25,False,KernelSHAP,ionization_M,0.08926026386684338,7.0,0.0
SVR,36,25,False,KernelSHAP,ionization_Mprime,0.02713547159958575,14.0,0.0
SVR,36,25,False,KernelSHAP,radius_M,0.06563661802252002,9.0,0.0
SVR,36,25,False,KernelSHAP,radius_Mprime,0.027502517738933176,13.0,0.0
SVR,36,25,False,KernelSHAP,oxide_enthalpy_M,0.14205141792146128,4.0,0.0
SVR,36,25,False,KernelSHAP,oxide_enthalpy_Mprime,0.18336854231144295,2.0,1.0
SVR,36,25,False,KernelSHAP,mixing_enthalpy,0.11898890325404533,5.0,0.0
SVR,36,25,False,KernelSHAP,sublimation_M,0.03732237939529497,12.0,0.0
SVR,36,25,False,KernelSHAP,sublimation_Mprime,0.15293764681229993,3.0,1.0
SVR,36,25,False,KernelSHAP,surface_energy_M,0.2687008400745668,1.0,1.0
SVR,36,25,False,KernelSHAP,electron_density_M,0.11822927044684499,6.0,0.0
SVR,36,25,False,KernelSHAP,oxide_bandgap,0.07956593144830611,8.0,0.0
GBRT,36,26,False,PFI,electronegativity_M,-0.010255950234417078,12.0,0.0
GBRT,36,26,False,PFI,electronegativity_Mprime,-0.005100701063824248,9.0,0.0
GBRT,36,26,False,PFI,ionization_M,-0.0043937667284335066,7.0,0.0
GBRT,36,26,False,PFI,ionization_Mprime,0.0020118774676746213,5.0,0.0
GBRT,36,26,False,PFI,radius_M,0.19581215350017817,1.0,1.0
GBRT,36,26,False,PFI,radius_Mprime,-0.0017766053351256814,6.0,0.0
GBRT,36,26,False,PFI,oxide_enthalpy_M,0.010542029353289972,3.0,1.0
GBRT,36,26,False,PFI,oxide_enthalpy_Mprime,0.0022404538429606647,4.0,0.0
GBRT,36,26,False,PFI,mixing_enthalpy,-0.005664767212788942,11.0,0.0
GBRT,36,26,False,PFI,sublimation_M,-0.019304404029105663,14.0,0.0
GBRT,36,26,False,PFI,sublimation_Mprime,-0.004426802264454671,8.0,0.0
GBRT,36,26,False,PFI,surface_energy_M,-0.015127653826121735,13.0,0.0
GBRT,36,26,False,PFI,electron_density_M,-0.005430379854922193,10.0,0.0
GBRT,36,26,False,PFI,oxide_bandgap,0.01775198178767589,2.0,1.0
GBRT,36,26,False,KernelSHAP,electronegativity_M,0.022387277875294195,12.0,0.0
GBRT,36,26,False,KernelSHAP,electronegativity_Mprime,0.024457318166272904,9.0,0.0
GBRT,36,26,False,KernelSHAP,ionization_M,0.019520171044709617,13.0,0.0
GBRT,36,26,False,KernelSHAP,ionization_Mprime,0.02354172630470469,10.0,0.0
GBRT,36,26,False,KernelSHAP,radius_M,0.337197919109556,1.0,1.0
GBRT,36,26,False,KernelSHAP,radius_Mprime,0.04932848027776644,5.0,0.0
GBRT,36,26,False,KernelSHAP,oxide_enthalpy_M,0.029728315530564216,8.0,0.0
GBRT,36,26,False,KernelSHAP,oxide_enthalpy_Mprime,0.06354816739902241,4.0,0.0
GBRT,36,26,False,KernelSHAP,mixing_enthalpy,0.04150527305594951,7.0,0.0
GBRT,36,26,False,KernelSHAP,sublimation_M,0.047023078784719105,6.0,0.0
GBRT,36,26,False,KernelSHAP,sublimation_Mprime,0.023437811054792815,11.0,0.0
GBRT,36,26,False,KernelSHAP,surface_energy_M,0.11713314302188557,3.0,1.0
GBRT,36,26,False,KernelSHAP,electron_density_M,0.005875574598268986,14.0,0.0
GBRT,36,26,False,KernelSHAP,oxide_bandgap,0.12085108663572248,2.0,1.0
LR,36,26,False,PFI,electronegativity_M,0.019508974919491485,6.0,0.0
LR,36,26,False,PFI,electronegativity_Mprime,0.07100142385528639,4.0,0.0
LR,36,26,False,PFI,ionization_M,-0.00121401551033855,10.0,0.0
LR,36,26,False,PFI,ionization_Mprime,0.002228842674137534,9.0,0.0
LR,36,26,False,PFI,radius_M,-0.002525985228200141,11.0,0.0
LR,36,26,False,PFI,radius_Mprime,0.11795948369792549,2.0,1.0
LR,36,26,False,PFI,oxide_enthalpy_M,0.15754685152587522,1.0,1.0
LR,36,26,False,PFI,oxide_enthalpy_Mprime,0.016546274992018307,7.0,0.0
LR,36,26,False,PFI,mixing_enthalpy,-0.008290708400421525,14.0,0.0
LR,36,26,False,PFI,sublimation_M,0.035579178374812705,5.0,0.0
LR,36,26,False,PFI,sublimation_Mprime,-0.004154017045265423,13.0,0.0
LR,36,26,False,PFI,surface_energy_M,0.010886283794100648,8.0,0.0
LR,36,26,False,PFI,electron_density_M,0.11279102983901577,3.0,1.0
LR,36,26,False,PFI,oxide_bandgap,-0.0036269892757289962,12.0,0.0
LR,36,26,False,KernelSHAP,electronegativity_M,0.07886538052404085,9.0,0.0
LR,36,26,False,KernelSHAP,electronegativity_Mprime,0.27839984134650825,2.0,1.0
LR,36,26,False,KernelSHAP,ionization_M,0.07892299653702016,8.0,0.0
LR,36,26,False,KernelSHAP,ionization_Mprime,0.011363205281882553,14.0,0.0
LR,36,26,False,KernelSHAP,radius_M,0.07739966788609237,10.0,0.0
LR,36,26,False,KernelSHAP,radius_Mprime,0.19686847842900268,3.0,1.0
LR,36,26,False,KernelSHAP,oxide_enthalpy_M,0.1920892969619415,4.0,0.0
LR,36,26,False,KernelSHAP,oxide_enthalpy_Mprime,0.0799871405818089,7.0,0.0
LR,36,26,False,KernelSHAP,mixing_enthalpy,0.027407398029887568,12.0,0.0
LR,36,26,False,KernelSHAP,sublimation_M,0.11838843415212999,6.0,0.0
LR,36,26,False,KernelSHAP,sublimation_Mprime,0.015506145478863273,13.0,0.0
LR,36,26,False,KernelSHAP,surface_energy_M,0.16786591331140366,5.0,0.0
LR,36,26,False,KernelSHAP,electron_density_M,0.29247880894618794,1.0,1.0
LR,36,26,False,KernelSHAP,oxide_bandgap,0.043518716133949184,11.0,0.0
RF,36,26,False,PFI,electronegativity_M,0.00047542852528222415,6.0,0.0
RF,36,26,False,PFI,electronegativity_Mprime,-0.005890578690555871,12.0,0.0
RF,36,26,False,PFI,ionization_M,-0.00099827955872659,9.0,0.0
RF,36,26,False,PFI,ionization_Mprime,0.000751391057701393,5.0,0.0
RF,36,26,False,PFI,radius_M,0.05828507125543615,1.0,1.0
RF,36,26,False,PFI,radius_Mprime,-0.004316387783659069,10.0,0.0
RF,36,26,False,PFI,oxide_enthalpy_M,0.0053109400776159,3.0,1.0
RF,36,26,False,PFI,oxide_enthalpy_Mprime,-3.1966224294888156e-05,8.0,0.0
RF,36,26,False,PFI,mixing_enthalpy,0.00015877938615796726,7.0,0.0
RF,36,26,False,PFI,sublimation_M,-0.006821960310392628,13.0,0.0
RF,36,26,False,PFI,sublimation_Mprime,-0.005448637072521867,11.0,0.0
RF,36,26,False,PFI,surface_energy_M,0.012885758550892497,2.0,1.0
RF,36,26,False,PFI,electron_density_M,-0.012838273848711564,14.0,0.0
RF,36,26,False,PFI,oxide_bandgap,0.0010887033042811833,4.0,0.0
RF,36,26,False,KernelSHAP,electronegativity_M,0.00816021962833443,13.0,0.0
RF,36,26,False,KernelSHAP,electronegativity_Mprime,0.04262875256186999,5.0,0.0
RF,36,26,False,KernelSHAP,ionization_M,0.0040946410702334445,14.0,0.0
RF,36,26,False,KernelSHAP,ionization_Mprime,0.009229078324858966,12.0,0.0
RF,36,26,False,KernelSHAP,radius_M,0.15538913744914643,1.0,1.0
RF,36,26,False,KernelSHAP,radius_Mprime,0.04904433257582297,4.0,0.0
RF,36,26,False,KernelSHAP,oxide_enthalpy_M,0.023162499687948982,9.0,0.0
RF,36,26,False,KernelSHAP,oxide_enthalpy_Mprime,0.02394532656110097,8.0,0.0
RF,36,26,False,KernelSHAP,mixing_enthalpy,0.012717259144174832,11.0,0.0
RF,36,26,False,KernelSHAP,sublimation_M,0.03535766904964904,6.0,0.0
RF,36,26,False,KernelSHAP,sublimation_Mprime,0.013439802497698801,10.0,0.0
RF,36,26,False,KernelSHAP,surface_energy_M,0.12470936967160802,2.0,1.0
RF,36,26,False,KernelSHAP,electron_density_M,0.050501763070463904,3.0,1.0
RF,36,26,False,KernelSHAP,oxide_bandgap,0.031038532948687143,7.0,0.0
SVR,36,26,False,PFI,electronegativity_M,0.002187561769786708,9.0,0.0
SVR,36,26,False,PFI,electronegativity_Mprime,0.017833797752653615,4.0,0.0
SVR,36,26,False,PFI,ionization_M,-0.0008741875208654618,11.0,0.0
SVR,36,26,False,PFI,ionization_Mprime,0.009541888740312896,7.0,0.0
SVR,36,26,False,PFI,radius_M,0.00993138267381351,6.0,0.0
SVR,36,26,False,PFI,radius_Mprime,0.0020901867168419633,10.0,0.0
SVR,36,26,False,PFI,oxide_enthalpy_M,0.07377408338860753,1.0,1.0
SVR,36,26,False,PFI,oxide_enthalpy_Mprime,0.013084144052826907,5.0,0.0
SVR,36,26,False,PFI,mixing_enthalpy,0.005182973751864147,8.0,0.0
SVR,36,26,False,PFI,sublimation_M,-0.0030165907757262796,13.0,0.0
SVR,36,26,False,PFI,sublimation_Mprime,-0.0025721664645782516,12.0,0.0
SVR,36,26,False,PFI,surface_energy_M,-0.014086186193356894,14.0,0.0
SVR,36,26,False,PFI,electron_density_M,0.02341122013368666,2.0,1.0
SVR,36,26,False,PFI,oxide_bandgap,0.020125534588691502,3.0,1.0
SVR,36,26,False,KernelSHAP,electronegativity_M,0.040220964570117354,7.0,0.0
SVR,36,26,False,KernelSHAP,electronegativity_Mprime,0.14995120102073334,2.0,1.0
SVR,36,26,False,KernelSHAP,ionization_M,0.016849343292978873,12.0,0.0
SVR,36,26,False,KernelSHAP,ionization_Mprime,0.015832016958797566,13.0,0.0
SVR,36,26,False,KernelSHAP,radius_M,0.03140381067128652,9.0,0.0
SVR,36,26,False,KernelSHAP,radius_Mprime,0.023194430829757466,11.0,0.0
SVR,36,26,False,KernelSHAP,oxide_enthalpy_M,0.11922736865841349,4.0,0.0
SVR,36,26,False,KernelSHAP,oxide_enthalpy_Mprime,0.03112579407182511,10.0,0.0
SVR,36,26,False,KernelSHAP,mixing_enthalpy,0.011159703554700175,14.0,0.0
SVR,36,26,False,KernelSHAP,sublimation_M,0.047230023533402776,6.0,0.0
SVR,36,26,False,KernelSHAP,sublimation_Mprime,0.033857906528963554,8.0,0.0
SVR,36,26,False,KernelSHAP,surface_energy_M,0.14003966003706425,3.0,1.0
SVR,36,26,False,KernelSHAP,electron_density_M,0.20556907755592413,1.0,1.0
SVR,36,26,False,KernelSHAP,oxide_bandgap,0.10161036399268726,5.0,0.0
GBRT,36,27,False,PFI,electronegativity_M,0.0066216934932001184,6.0,0.0
GBRT,36,27,False,PFI,electronegativity_Mprime,0.0007491939503996333,10.0,0.0
GBRT,36,27,False,PFI,ionization_M,0.0011978476986687957,9.0,0.0
GBRT,36,27,False,PFI,ionization_Mprime,-0.0020117166685365865,14.0,0.0
GBRT,36,27,False,PFI,radius_M,0.00142961765560263,8.0,0.0
GBRT,36,27,False,PFI,radius_Mprime,-0.0014532612553012788,13.0,0.0
GBRT,36,27,False,PFI,oxide_enthalpy_M,0.018849271837847868,4.0,0.0
GBRT,36,27,False,PFI,oxide_enthalpy_Mprime,0.0002325559426260615,11.0,0.0
GBRT,36,27,False,PFI,mixing_enthalpy,0.015131933354685956,5.0,0.0
GBRT,36,27,False,PFI,sublimation_M,0.061468528380123066,2.0,1.0
GBRT,36,27,False,PFI,sublimation_Mprime,0.004932985580163137,7.0,0.0
GBRT,36,27,False,PFI,surface_energy_M,0.1968676464245907,1.0,1.0
GBRT,36,27,False,PFI,electron_density_M,0.04226632295802855,3.0,1.0
GBRT,36,27,False,PFI,oxide_bandgap,-0.0014154618472491528,12.0,0.0
GBRT,36,27,False,KernelSHAP,electronegativity_M,0.03503235964638871,9.0,0.0
GBRT,36,27,False,KernelSHAP,electronegativity_Mprime,0.049273491574454716,7.0,0.0
GBRT,36,27,False,KernelSHAP,ionization_M,0.024219586948311892,12.0,0.0
GBRT,36,27,False,KernelSHAP,ionization_Mprime,0.046417989743050427,8.0,0.0
GBRT,36,27,False,KernelSHAP,radius_M,0.02179868987588909,13.0,0.0
GBRT,36,27,False,KernelSHAP,radius_Mprime,0.03225465143244619,11.0,0.0
GBRT,36,27,False,KernelSHAP,oxide_enthalpy_M,0.08968424980674812,3.0,1.0
GBRT,36,27,False,KernelSHAP,oxide_enthalpy_Mprime,0.01058224335553638,14.0,0.0
GBRT,36,27,False,KernelSHAP,mixing_enthalpy,0.08294229176111358,4.0,0.0
GBRT,36,27,False,KernelSHAP,sublimation_M,0.15057571372121215,2.0,1.0
GBRT,36,27,False,KernelSHAP,sublimation_Mprime,0.03488038462344639,10.0,0.0
GBRT,36,27,False,KernelSHAP,surface_energy_M,0.216555875904627,1.0,1.0
GBRT,36,27,False,KernelSHAP,electron_density_M,0.07844197668441646,5.0,0.0
GBRT,36,27,False,KernelSHAP,oxide_bandgap,0.05099007979983645,6.0,0.0
LR,36,27,False,PFI,electronegativity_M,-0.007195788180435007,14.0,0.0
LR,36,27,False,PFI,electronegativity_Mprime,0.018872645523809375,6.0,0.0
LR,36,27,False,PFI,ionization_M,0.026581620119609968,5.0,0.0
LR,36,27,False,PFI,ionization_Mprime,0.00047958246901212747,13.0,0.0
LR,36,27,False,PFI,radius_M,0.015055442764854559,8.0,0.0
LR,36,27,False,PFI,radius_Mprime,0.011329319826509834,9.0,0.0
LR,36,27,False,PFI,oxide_enthalpy_M,0.009396668314770512,10.0,0.0
LR,36,27,False,PFI,oxide_enthalpy_Mprime,0.017469450322863997,7.0,0.0
LR,36,27,False,PFI,mixing_enthalpy,0.05523310652444932,4.0,0.0
LR,36,27,False,PFI,sublimation_M,0.0885265117799975,3.0,1.0
LR,36,27,False,PFI,sublimation_Mprime,0.002355993703089204,12.0,0.0
LR,36,27,False,PFI,surface_energy_M,1.2792476306398266,1.0,1.0
LR,36,27,False,PFI,electron_density_M,0.7942642515326699,2.0,1.0
LR,36,27,False,PFI,oxide_bandgap,0.004736853838892213,11.0,0.0
LR,36,27,False,KernelSHAP,electronegativity_M,0.052099317836132336,10.0,0.0
LR,36,27,False,KernelSHAP,electronegativity_Mprime,0.09349280296285808,7.0,0.0
LR,36,27,False,KernelSHAP,ionization_M,0.05646186798287237,9.0,0.0
LR,36,27,False,KernelSHAP,ionization_Mprime,0.008799473417149211,14.0,0.0
LR,36,27,False,KernelSHAP,radius_M,0.04358132250618498,11.0,0.0
LR,36,27,False,KernelSHAP,radius_Mprime,0.09843533406995832,6.0,0.0
LR,36,27,False,KernelSHAP,oxide_enthalpy_M,0.10873416875015147,5.0,0.0
LR,36,27,False,KernelSHAP,oxide_enthalpy_Mprime,0.06147025811956794,8.0,0.0
LR,36,27,False,KernelSHAP,mixing_enthalpy,0.1265949287668677,4.0,0.0
LR,36,27,False,KernelSHAP,sublimation_M,0.1943232500945641,3.0,1.0
LR,36,27,False,KernelSHAP,sublimation_Mprime,0.019995100054603324,12.0,0.0
LR,36,27,False,KernelSHAP,surface_energy_M,0.7426568334980926,1.0,1.0
LR,36,27,False,KernelSHAP,electron_density_M,0.5492306313763664,2.0,1.0
LR,36,27,False,KernelSHAP,oxide_bandgap,0.011579462472791957,13.0,0.0
RF,36,27,False,PFI,electronegativity_M,0.005985376117411769,6.0,0.0
RF,36,27,False,PFI,electronegativity_Mprime,-0.00012763141926635616,10.0,0.0
RF,36,27,False,PFI,ionization_M,0.0014197693516599256,7.0,0.0
RF,36,27,False,PFI,ionization_Mprime,-0.0023671264679647965,13.0,0.0
RF,36,27,False,PFI,radius_M,0.009693581665119777,4.0,0.0
RF,36,27,False,PFI,radius_Mprime,-0.0015965642171206875,12.0,0.0
RF,36,27,False,PFI,oxide_enthalpy_M,0.013399227088515608,3.0,1.0
RF,36,27,False,PFI,oxide_enthalpy_Mprime,0.0006390609747484589,8.0,0.0
RF,36,27,False,PFI,mixing_enthalpy,0.0005713750293737048,9.0,0.0
RF,36,27,False,PFI,sublimation_M,0.023272629505757536,2.0,1.0
RF,36,27,False,PFI,sublimation_Mprime,-0.00038973454096996737,11.0,0.0
RF,36,27,False,PFI,surface_energy_M,0.04582272054616579,1.0,1.0
RF,36,27,False,PFI,electron_density_M,0.0073983095483991694,5.0,0.0
RF,36,27,False,PFI,oxide_bandgap,-0.005225118080199518,14.0,0.0
RF,36,27,False,KernelSHAP,electronegativity_M,0.02862280184531692,8.0,0.0
RF,36,27,False,KernelSHAP,electronegativity_Mprime,0.019860411318734974,9.0,0.0
RF,36,27,False,KernelSHAP,ionization_M,0.019225689754621994,10.0,0.0
RF,36,27,False,KernelSHAP,ionization_Mprime,0.03199177397122659,6.0,0.0
RF,36,27,False,KernelSHAP,radius_M,0.045654381182152884,5.0,0.0
RF,36,27,False,KernelSHAP,radius_Mprime,0.028897711535757892,7.0,0.0
RF,36,27,False,KernelSHAP,oxide_enthalpy_M,0.04991626376779673,4.0,0.0
RF,36,27,False,KernelSHAP,oxide_enthalpy_Mprime,0.005064483026081294,14.0,0.0
RF,36,27,False,KernelSHAP,mixing_enthalpy,0.01632088272644451,11.0,0.0
RF,36,27,False,KernelSHAP,sublimation_M,0.11021063403098617,2.0,1.0
RF,36,27,False,KernelSHAP,sublimation_Mprime,0.007199218727885291,13.0,0.0
RF,36,27,False,KernelSHAP,surface_energy_M,0.14943487457149943,1.0,1.0
RF,36,27,False,KernelSHAP,electron_density_M,0.07854291527823248,3.0,1.0
RF,36,27,False,KernelSHAP,oxide_bandgap,0.008330928086553866,12.0,0.0
SVR,36,27,False,PFI,electronegativity_M,0.023131528858793174,5.0,0.0
SVR,36,27,False,PFI,electronegativity_Mprime,-0.00026765165589491915,14.0,0.0
SVR,36,27,False,PFI,ionization_M,0.004073116573176013,10.0,0.0
SVR,36,27,False,PFI,ionization_Mprime,0.003323293586591398,12.0,0.0
SVR,36,27,False,PFI,radius_M,0.008628966197519326,8.0,0.0
SVR,36,27,False,PFI,radius_Mprime,0.004019744827376226,11.0,0.0
SVR,36,27,False,PFI,oxide_enthalpy_M,0.08602834238143091,2.0,1.0
SVR,36,27,False,PFI,oxide_enthalpy_Mprime,0.006201120686529425,9.0,0.0
SVR,36,27,False,PFI,mixing_enthalpy,0.01820867315013152,6.0,0.0
SVR,36,27,False,PFI,sublimation_M,0.029802060917748594,3.0,1.0
SVR,36,27,False,PFI,sublimation_Mprime,0.011150661558228839,7.0,0.0
SVR,36,27,False,PFI,surface_energy_M,0.13609369955929115,1.0,1.0
SVR,36,27,False,PFI,electron_density_M,0.0029953314798784087,13.0,0.0
SVR,36,27,False,PFI,oxide_bandgap,0.027839757732633277,4.0,0.0
SVR,36,27,False,KernelSHAP,electronegativity_M,0.04238218233060571,10.0,0.0
SVR,36,27,False,KernelSHAP,electronegativity_Mprime,0.056262014832713786,9.0,0.0
SVR,36,27,False,KernelSHAP,ionization_M,0.03571422108432061,12.0,0.0
SVR,36,27,False,KernelSHAP,ionization_Mprime,0.020106283791347927,13.0,0.0
SVR,36,27,False,KernelSHAP,radius_M,0.037822609377638025,11.0,0.0
SVR,36,27,False,KernelSHAP,radius_Mprime,0.09663696410583741,4.0,0.0
SVR,36,27,False,KernelSHAP,oxide_enthalpy_M,0.1473163591791058,2.0,1.0
SVR,36,27,False,KernelSHAP,oxide_enthalpy_Mprime,0.05768277240681122,8.0,0.0
SVR,36,27,False,KernelSHAP,mixing_enthalpy,0.06396118102058194,6.0,0.0
SVR,36,27,False,KernelSHAP,sublimation_M,0.130376638049055,3.0,1.0
SVR,36,27,False,KernelSHAP,sublimation_Mprime,0.06681948401599493,5.0,0.0
SVR,36,27,False,KernelSHAP,surface_energy_M,0.2515430613933552,1.0,1.0
SVR,36,27,False,KernelSHAP,electron_density_M,0.017869077781727492,14.0,0.0
SVR,36,27,False,KernelSHAP,oxide_bandgap,0.0606872356662648,7.0,0.0
GBRT,36,28,False,PFI,electronegativity_M,0.001574710206317978,7.0,0.0
GBRT,36,28,False,PFI,electronegativity_Mprime,0.0007781778445899135,9.0,0.0
GBRT,36,28,False,PFI,ionization_M,0.0005516105958436536,10.0,0.0
GBRT,36,28,False,PFI,ionization_Mprime,0.001349489832030606,8.0,0.0
GBRT,36,28,False,PFI,radius_M,-0.0005575543009783102,11.0,0.0
GBRT,36,28,False,PFI,radius_Mprime,-0.0056299497032633134,14.0,0.0
GBRT,36,28,False,PFI,oxide_enthalpy_M,0.040314839219470225,3.0,1.0
GBRT,36,28,False,PFI,oxide_enthalpy_Mprime,-0.002453728744442801,13.0,0.0
GBRT,36,28,False,PFI,mixing_enthalpy,0.001986992110344569,6.0,0.0
GBRT,36,28,False,PFI,sublimation_M,0.04659331347881386,2.0,1.0
GBRT,36,28,False,PFI,sublimation_Mprime,-0.0021658145223172618,12.0,0.0
GBRT,36,28,False,PFI,surface_energy_M,0.18106486225913068,1.0,1.0
GBRT,36,28,False,PFI,electron_density_M,0.02500859595077575,4.0,0.0
GBRT,36,28,False,PFI,oxide_bandgap,0.005744487524176179,5.0,0.0
GBRT,36,28,False,KernelSHAP,electronegativity_M,0.015786779166615222,13.0,0.0
GBRT,36,28,False,KernelSHAP,electronegativity_Mprime,0.048868833815290634,6.0,0.0
GBRT,36,28,False,KernelSHAP,ionization_M,0.006727924540925933,14.0,0.0
GBRT,36,28,False,KernelSHAP,ionization_Mprime,0.028137255405482366,12.0,0.0
GBRT,36,28,False,KernelSHAP,radius_M,0.037745661719992746,8.0,0.0
GBRT,36,28,False,KernelSHAP,radius_Mprime,0.033789631110014,9.0,0.0
GBRT,36,28,False,KernelSHAP,oxide_enthalpy_M,0.10371565797796661,3.0,1.0
GBRT,36,28,False,KernelSHAP,oxide_enthalpy_Mprime,0.04946883567607065,5.0,0.0
GBRT,36,28,False,KernelSHAP,mixing_enthalpy,0.040437330706155065,7.0,0.0
GBRT,36,28,False,KernelSHAP,sublimation_M,0.14985211206524976,2.0,1.0
GBRT,36,28,False,KernelSHAP,sublimation_Mprime,0.030864420742719136,10.0,0.0
GBRT,36,28,False,KernelSHAP,surface_energy_M,0.2660096392738834,1.0,1.0
GBRT,36,28,False,KernelSHAP,electron_density_M,0.028166969311785275,11.0,0.0
GBRT,36,28,False,KernelSHAP,oxide_bandgap,0.060857397167572276,4.0,0.0
LR,36,28,False,PFI,electronegativity_M,0.0032826320532565153,10.0,0.0
LR,36,28,False,PFI,electronegativity_Mprime,-0.006514266002148176,14.0,0.0
LR,36,28,False,PFI,ionization_M,0.03224141709570078,7.0,0.0
LR,36,28,False,PFI,ionization_Mprime,0.009663610896808915,8.0,0.0
LR,36,28,False,PFI,radius_M,0.0583460749347193,4.0,0.0
LR,36,28,False,PFI,radius_Mprime,-0.0010596620668072072,13.0,0.0
LR,36,28,False,PFI,oxide_enthalpy_M,0.18099631104788846,3.0,1.0
LR,36,28,False,PFI,oxide_enthalpy_Mprime,0.18900464048294505,2.0,1.0
LR,36,28,False,PFI,mixing_enthalpy,0.036401387638242494,6.0,0.0
LR,36,28,False,PFI,sublimation_M,0.0003258272541001611,12.0,0.0
LR,36,28,False,PFI,sublimation_Mprime,0.047181547438180226,5.0,0.0
LR,36,28,False,PFI,surface_energy_M,0.5150888932160202,1.0,1.0
LR,36,28,False,PFI,electron_density_M,0.008137009926044174,9.0,0.0
LR,36,28,False,PFI,oxide_bandgap,0.0006198472784175772,11.0,0.0
LR,36,28,False,KernelSHAP,electronegativity_M,0.07621367211822268,7.0,0.0
LR,36,28,False,KernelSHAP,electronegativity_Mprime,0.04041517999779679,10.0,0.0
LR,36,28,False,KernelSHAP,ionization_M,0.13387745606565862,6.0,0.0
LR,36,28,False,KernelSHAP,ionization_Mprime,0.04826553992834068,9.0,0.0
LR,36,28,False,KernelSHAP,radius_M,0.13865818787183265,5.0,0.0
LR,36,28,False,KernelSHAP,radius_Mprime,0.01367347332337016,12.0,0.0
LR,36,28,False,KernelSHAP,oxide_enthalpy_M,0.2532181943241372,3.0,1.0
LR,36,28,False,KernelSHAP,oxide_enthalpy_Mprime,0.25103228533560246,4.0,0.0
LR,36,28,False,KernelSHAP,mixing_enthalpy,0.07177627752019283,8.0,0.0
LR,36,28,False,KernelSHAP,sublimation_M,0.012115260768174103,13.0,0.0
LR,36,28,False,KernelSHAP,sublimation_Mprime,0.28123178926454373,2.0,1.0
LR,36,28,False,KernelSHAP,surface_energy_M,0.527365580684988,1.0,1.0
LR,36,28,False,KernelSHAP,electron_density_M,0.02097808447346773,11.0,0.0
LR,36,28,False,KernelSHAP,oxide_bandgap,0.005937046985437901,14.0,0.0
RF,36,28,False,PFI,electronegativity_M,-0.010123086027768338,14.0,0.0
RF,36,28,False,PFI,electronegativity_Mprime,-0.0028415663636311293,10.0,0.0
RF,36,28,False,PFI,ionization_M,0.00016908814388220857,7.0,0.0
RF,36,28,False,PFI,ionization_Mprime,-0.0007973119354330514,8.0,0.0
RF,36,28,False,PFI,radius_M,0.010674531788402707,3.0,1.0
RF,36,28,False,PFI,radius_Mprime,-0.000991123992400197,9.0,0.0
RF,36,28,False,PFI,oxide_enthalpy_M,0.02111016455040911,2.0,1.0
RF,36,28,False,PFI,oxide_enthalpy_Mprime,-0.0041556130650879305,11.0,0.0
RF,36,28,False,PFI,mixing_enthalpy,0.00402496132232792,5.0,0.0
RF,36,28,False,PFI,sublimation_M,0.0036692267227832706,6.0,0.0
RF,36,28,False,PFI,sublimation_Mprime,-0.008465179753935152,13.0,0.0
RF,36,28,False,PFI,surface_energy_M,0.03523496292241188,1.0,1.0
RF,36,28,False,PFI,electron_density_M,-0.005501250438320393,12.0,0.0
RF,36,28,False,PFI,oxide_bandgap,0.008122751758885514,4.0,0.0
RF,36,28,False,KernelSHAP,electronegativity_M,0.01986133223344361,9.0,0.0
RF,36,28,False,KernelSHAP,electronegativity_Mprime,0.0343928383309652,7.0,0.0
RF,36,28,False,KernelSHAP,ionization_M,0.007628495140404852,14.0,0.0
RF,36,28,False,KernelSHAP,ionization_Mprime,0.011842254275359267,13.0,0.0
RF,36,28,False,KernelSHAP,radius_M,0.0869208324124917,2.0,1.0
RF,36,28,False,KernelSHAP,radius_Mprime,0.02827168802515323,8.0,0.0
RF,36,28,False,KernelSHAP,oxide_enthalpy_M,0.05542010050739801,5.0,0.0
RF,36,28,False,KernelSHAP,oxide_enthalpy_Mprime,0.016487889763489066,10.0,0.0
RF,36,28,False,KernelSHAP,mixing_enthalpy,0.012437427379213299,12.0,0.0
RF,36,28,False,KernelSHAP,sublimation_M,0.07860489119192253,3.0,1.0
RF,36,28,False,KernelSHAP,sublimation_Mprime,0.013435124664557561,11.0,0.0
RF,36,28,False,KernelSHAP,surface_energy_M,0.15857115800651297,1.0,1.0
RF,36,28,False,KernelSHAP,electron_density_M,0.055575194296809176,4.0,0.0
RF,36,28,False,KernelSHAP,oxide_bandgap,0.05069505111699353,6.0,0.0
SVR,36,28,False,PFI,electronegativity_M,0.039793481768019716,4.0,0.0
SVR,36,28,False,PFI,electronegativity_Mprime,0.006563276222180838,9.0,0.0
SVR,36,28,False,PFI,ionization_M,0.0033295338249298362,12.0,0.0
SVR,36,28,False,PFI,ionization_Mprime,0.005572003480041567,11.0,0.0
SVR,36,28,False,PFI,radius_M,0.018690148097966108,7.0,0.0
SVR,36,28,False,PFI,radius_Mprime,0.0059145488188112405,10.0,0.0
SVR,36,28,False,PFI,oxide_enthalpy_M,0.08079017702734684,1.0,1.0
SVR,36,28,False,PFI,oxide_enthalpy_Mprime,0.06314224663636796,2.0,1.0
SVR,36,28,False,PFI,mixing_enthalpy,0.0005125718824580313,13.0,0.0
SVR,36,28,False,PFI,sublimation_M,0.03445910725317085,5.0,0.0
SVR,36,28,False,PFI,sublimation_Mprime,0.040530397023234764,3.0,1.0
SVR,36,28,False,PFI,surface_energy_M,0.02971500369793568,6.0,0.0
SVR,36,28,False,PFI,electron_density_M,-0.0063994243598543,14.0,0.0
SVR,36,28,False,PFI,oxide_bandgap,0.012751121297338068,8.0,0.0
SVR,36,28,False,KernelSHAP,electronegativity_M,0.0984906124636043,7.0,0.0
SVR,36,28,False,KernelSHAP,electronegativity_Mprime,0.02504091795505263,12.0,0.0
SVR,36,28,False,KernelSHAP,ionization_M,0.06667661163039644,8.0,0.0
SVR,36,28,False,KernelSHAP,ionization_Mprime,0.038266572690364056,11.0,0.0
SVR,36,28,False,KernelSHAP,radius_M,0.0641797786560395,9.0,0.0
SVR,36,28,False,KernelSHAP,radius_Mprime,0.05708700026650784,10.0,0.0
SVR,36,28,False,KernelSHAP,oxide_enthalpy_M,0.14365097394947046,4.0,0.0
SVR,36,28,False,KernelSHAP,oxide_enthalpy_Mprime,0.1471823164062319,3.0,1.0
SVR,36,28,False,KernelSHAP,mixing_enthalpy,0.011745977076429017,14.0,0.0
SVR,36,28,False,KernelSHAP,sublimation_M,0.12543075302412998,5.0,0.0
SVR,36,28,False,KernelSHAP,sublimation_Mprime,0.2120834957336493,1.0,1.0
SVR,36,28,False,KernelSHAP,surface_energy_M,0.19242913679235374,2.0,1.0
SVR,36,28,False,KernelSHAP,electron_density_M,0.10174942944318477,6.0,0.0
SVR,36,28,False,KernelSHAP,oxide_bandgap,0.018098627951854428,13.0,0.0
GBRT,36,29,False,PFI,electronegativity_M,-0.0010468190443288811,11.0,0.0
GBRT,36,29,False,PFI,electronegativity_Mprime,-0.0003721281233982854,9.0,0.0
GBRT,36,29,False,PFI,ionization_M,-0.0012446255883050146,12.0,0.0
GBRT,36,29,False,PFI,ionization_Mprime,9.15973635183411e-05,8.0,0.0
GBRT,36,29,False,PFI,radius_M,0.09005928086540863,1.0,1.0
GBRT,36,29,False,PFI,radius_Mprime,0.012590898435187233,2.0,1.0
GBRT,36,29,False,PFI,oxide_enthalpy_M,0.001677951671340578,7.0,0.0
GBRT,36,29,False,PFI,oxide_enthalpy_Mprime,-0.007800334232527499,14.0,0.0
GBRT,36,29,False,PFI,mixing_enthalpy,0.01193401581020706,3.0,1.0
GBRT,36,29,False,PFI,sublimation_M,0.00715298314346602,4.0,0.0
GBRT,36,29,False,PFI,sublimation_Mprime,-0.0007227923808491521,10.0,0.0
GBRT,36,29,False,PFI,surface_energy_M,0.006229793965468888,5.0,0.0
GBRT,36,29,False,PFI,electron_density_M,-0.00655637484980577,13.0,0.0
GBRT,36,29,False,PFI,oxide_bandgap,0.003527929137737096,6.0,0.0
GBRT,36,29,False,KernelSHAP,electronegativity_M,0.006279474764699148,14.0,0.0
GBRT,36,29,False,KernelSHAP,electronegativity_Mprime,0.03525573957880473,10.0,0.0
GBRT,36,29,False,KernelSHAP,ionization_M,0.0343814976353887,11.0,0.0
GBRT,36,29,False,KernelSHAP,ionization_Mprime,0.02111937683779577,12.0,0.0
GBRT,36,29,False,KernelSHAP,radius_M,0.18213116968680765,1.0,1.0
GBRT,36,29,False,KernelSHAP,radius_Mprime,0.04321213431543862,7.0,0.0
GBRT,36,29,False,KernelSHAP,oxide_enthalpy_M,0.012196841048691419,13.0,0.0
GBRT,36,29,False,KernelSHAP,oxide_enthalpy_Mprime,0.040092912172316225,9.0,0.0
GBRT,36,29,False,KernelSHAP,mixing_enthalpy,0.056843611705729144,4.0,0.0
GBRT,36,29,False,KernelSHAP,sublimation_M,0.06342807658727388,3.0,1.0
GBRT,36,29,False,KernelSHAP,sublimation_Mprime,0.048306102067496,6.0,0.0
GBRT,36,29,False,KernelSHAP,surface_energy_M,0.12969154132745642,2.0,1.0
GBRT,36,29,False,KernelSHAP,electron_density_M,0.040843122506103405,8.0,0.0
GBRT,36,29,False,KernelSHAP,oxide_bandgap,0.05405274855016534,5.0,0.0
LR,36,29,False,PFI,electronegativity_M,0.17647092384245774,2.0,1.0
LR,36,29,False,PFI,electronegativity_Mprime,0.005657505990674427,11.0,0.0
LR,36,29,False,PFI,ionization_M,0.17527870138611945,3.0,1.0
LR,36,29,False,PFI,ionization_Mprime,0.009981951813369876,10.0,0.0
LR,36,29,False,PFI,radius_M,0.08097017325898428,6.0,0.0
LR,36,29,False,PFI,radius_Mprime,-0.001608941144063152,12.0,0.0
LR,36,29,False,PFI,oxide_enthalpy_M,0.05370364493861238,7.0,0.0
LR,36,29,False,PFI,oxide_enthalpy_Mprime,-0.00223110838578717,13.0,0.0
LR,36,29,False,PFI,mixing_enthalpy,0.09213663450486237,5.0,0.0
LR,36,29,False,PFI,sublimation_M,0.0410075976576738,8.0,0.0
LR,36,29,False,PFI,sublimation_Mprime,-0.016147116232236147,14.0,0.0
LR,36,29,False,PFI,surface_energy_M,0.56401858598862,1.0,1.0
LR,36,29,False,PFI,electron_density_M,0.12455434705842472,4.0,0.0
LR,36,29,False,PFI,oxide_bandgap,0.014106054984008258,9.0,0.0
LR,36,29,False,KernelSHAP,electronegativity_M,0.23784629422950399,3.0,1.0
LR,36,29,False,KernelSHAP,electronegativity_Mprime,0.10845391970524705,8.0,0.0
LR,36,29,False,KernelSHAP,ionization_M,0.2835363705024637,2.0,1.0
LR,36,29,False,KernelSHAP,ionization_Mprime,0.09262113597419669,10.0,0.0
LR,36,29,False,KernelSHAP,radius_M,0.19069832520016758,5.0,0.0
LR,36,29,False,KernelSHAP,radius_Mprime,0.00975669262627893,13.0,0.0
LR,36,29,False,KernelSHAP,oxide_enthalpy_M,0.13291822643042794,7.0,0.0
LR,36,29,False,KernelSHAP,oxide_enthalpy_Mprime,0.008058989918514229,14.0,0.0
LR,36,29,False,KernelSHAP,mixing_enthalpy,0.1372050761178567,6.0,0.0
LR,36,29,False,KernelSHAP,sublimation_M,0.08031435109459634,11.0,0.0
LR,36,29,False,KernelSHAP,sublimation_Mprime,0.09974329366089907,9.0,0.0
LR,36,29,False,KernelSHAP,surface_energy_M,0.5042573176102582,1.0,1.0
LR,36,29,False,KernelSHAP,electron_density_M,0.19369564647158277,4.0,0.0
LR,36,29,False,KernelSHAP,oxide_bandgap,0.045326619653579724,12.0,0.0
RF,36,29,False,PFI,electronegativity_M,0.0016319068566454187,7.0,0.0
RF,36,29,False,PFI,electronegativity_Mprime,-0.0008852673940080683,12.0,0.0
RF,36,29,False,PFI,ionization_M,-0.0009666042798686638,13.0,0.0
RF,36,29,False,PFI,ionization_Mprime,-0.0007050040940057958,11.0,0.0
RF,36,29,False,PFI,radius_M,0.022658295883924536,2.0,1.0
RF,36,29,False,PFI,radius_Mprime,0.0015701857584226313,8.0,0.0
RF,36,29,False,PFI,oxide_enthalpy_M,0.003859740905451095,4.0,0.0
RF,36,29,False,PFI,oxide_enthalpy_Mprime,0.0013811765021271428,9.0,0.0
RF,36,29,False,PFI,mixing_enthalpy,0.002472407847641022,6.0,0.0
RF,36,29,False,PFI,sublimation_M,0.012403372198174776,3.0,1.0
RF,36,29,False,PFI,sublimation_Mprime,0.0008641033346657943,10.0,0.0
RF,36,29,False,PFI,surface_energy_M,0.02646923593834032,1.0,1.0
RF,36,29,False,PFI,electron_density_M,-0.00333577477536023,14.0,0.0
RF,36,29,False,PFI,oxide_bandgap,0.002879479559502505,5.0,0.0
RF,36,29,False,KernelSHAP,electronegativity_M,0.008263902164580677,14.0,0.0
RF,36,29,False,KernelSHAP,electronegativity_Mprime,0.01432926085424206,13.0,0.0
RF,36,29,False,KernelSHAP,ionization_M,0.02636044318532398,5.0,0.0
RF,36,29,False,KernelSHAP,ionization_Mprime,0.025852658247247397,6.0,0.0
RF,36,29,False,KernelSHAP,radius_M,0.07981353323617668,3.0,1.0
RF,36,29,False,KernelSHAP,radius_Mprime,0.019391526350865676,9.0,0.0
RF,36,29,False,KernelSHAP,oxide_enthalpy_M,0.02229087883392076,7.0,0.0
RF,36,29,False,KernelSHAP,oxide_enthalpy_Mprime,0.020034256690006174,8.0,0.0
RF,36,29,False,KernelSHAP,mixing_enthalpy,0.016234050037814248,12.0,0.0
RF,36,29,False,KernelSHAP,sublimation_M,0.08196730245297859,2.0,1.0
RF,36,29,False,KernelSHAP,sublimation_Mprime,0.01865280928931651,10.0,0.0
RF,36,29,False,KernelSHAP,surface_energy_M,0.14114093604556632,1.0,1.0
RF,36,29,False,KernelSHAP,electron_density_M,0.029409952127516587,4.0,0.0
RF,36,29,False,KernelSHAP,oxide_bandgap,0.017245288238981756,11.0,0.0
SVR,36,29,False,PFI,electronegativity_M,0.025720939297449483,4.0,0.0
SVR,36,29,False,PFI,electronegativity_Mprime,0.0047331642879264646,11.0,0.0
SVR,36,29,False,PFI,ionization_M,0.009938328443380136,9.0,0.0
SVR,36,29,False,PFI,ionization_Mprime,0.013227643102951443,6.0,0.0
SVR,36,29,False,PFI,radius_M,0.004672850346846343,12.0,0.0
SVR,36,29,False,PFI,radius_Mprime,0.006892064085645711,10.0,0.0
SVR,36,29,False,PFI,oxide_enthalpy_M,0.09945677946003458,1.0,1.0
SVR,36,29,False,PFI,oxide_enthalpy_Mprime,0.010037306449385667,8.0,0.0
SVR,36,29,False,PFI,mixing_enthalpy,0.013242521765159202,5.0,0.0
SVR,36,29,False,PFI,sublimation_M,0.004053046809327782,13.0,0.0
SVR,36,29,False,PFI,sublimation_Mprime,0.003761507743293065,14.0,0.0
SVR,36,29,False,PFI,surface_energy_M,0.040205181101740615,3.0,1.0
SVR,36,29,False,PFI,electron_density_M,0.05023490902037871,2.0,1.0
SVR,36,29,False,PFI,oxide_bandgap,0.011961388575498859,7.0,0.0
SVR,36,29,False,KernelSHAP,electronegativity_M,0.07328153354661344,7.0,0.0
SVR,36,29,False,KernelSHAP,electronegativity_Mprime,0.051128822455186136,9.0,0.0
SVR,36,29,False,KernelSHAP,ionization_M,0.106905609898492,4.0,0.0
SVR,36,29,False,KernelSHAP,ionization_Mprime,0.08632355384990922,5.0,0.0
SVR,36,29,False,KernelSHAP,radius_M,0.009072140491373075,14.0,0.0
SVR,36,29,False,KernelSHAP,radius_Mprime,0.022775875692493727,11.0,0.0
SVR,36,29,False,KernelSHAP,oxide_enthalpy_M,0.17351339894577592,3.0,1.0
SVR,36,29,False,KernelSHAP,oxide_enthalpy_Mprime,0.01766062311310523,12.0,0.0
SVR,36,29,False,KernelSHAP,mixing_enthalpy,0.05632948162542248,8.0,0.0
SVR,36,29,False,KernelSHAP,sublimation_M,0.01594306535562516,13.0,0.0
SVR,36,29,False,KernelSHAP,sublimation_Mprime,0.08078084727006954,6.0,0.0
SVR,36,29,False,KernelSHAP,surface_energy_M,0.1913051594093965,2.0,1.0
SVR,36,29,False,KernelSHAP,electron_density_M,0.19853318242624965,1.0,1.0
SVR,36,29,False,KernelSHAP,oxide_bandgap,0.026776497508267775,10.0,0.0
GBRT,36,2,False,PFI,electronegativity_M,0.01129572944205706,6.0,0.0
GBRT,36,2,False,PFI,electronegativity_Mprime,-0.009138316409526769,14.0,0.0
GBRT,36,2,False,PFI,ionization_M,-0.0018850487129469231,12.0,0.0
GBRT,36,2,False,PFI,ionization_Mprime,0.0030252314243914297,9.0,0.0
GBRT,36,2,False,PFI,radius_M,0.018145741963127838,4.0,0.0
GBRT,36,2,False,PFI,radius_Mprime,-0.002406104508985458,13.0,0.0
GBRT,36,2,False,PFI,oxide_enthalpy_M,0.042613079214625364,2.0,1.0
GBRT,36,2,False,PFI,oxide_enthalpy_Mprime,0.002350991894072255,10.0,0.0
GBRT,36,2,False,PFI,mixing_enthalpy,0.008195558976228456,8.0,0.0
GBRT,36,2,False,PFI,sublimation_M,0.03109949893949953,3.0,1.0
GBRT,36,2,False,PFI,sublimation_Mprime,0.0023149075484300463,11.0,0.0
GBRT,36,2,False,PFI,surface_energy_M,0.2913441033887888,1.0,1.0
GBRT,36,2,False,PFI,electron_density_M,0.010747504585107861,7.0,0.0
GBRT,36,2,False,PFI,oxide_bandgap,0.016898197008939655,5.0,0.0
GBRT,36,2,False,KernelSHAP,electronegativity_M,0.02814734273879617,12.0,0.0
GBRT,36,2,False,KernelSHAP,electronegativity_Mprime,0.03897806900831367,9.0,0.0
GBRT,36,2,False,KernelSHAP,ionization_M,0.03533320824818962,11.0,0.0
GBRT,36,2,False,KernelSHAP,ionization_Mprime,0.013890739151690241,14.0,0.0
GBRT,36,2,False,KernelSHAP,radius_M,0.07975776504092004,5.0,0.0
GBRT,36,2,False,KernelSHAP,radius_Mprime,0.04279177806610276,7.0,0.0
GBRT,36,2,False,KernelSHAP,oxide_enthalpy_M,0.11772830858122739,2.0,1.0
GBRT,36,2,False,KernelSHAP,oxide_enthalpy_Mprime,0.11126025018488653,3.0,1.0
GBRT,36,2,False,KernelSHAP,mixing_enthalpy,0.03584395422255672,10.0,0.0
GBRT,36,2,False,KernelSHAP,sublimation_M,0.08286832645717053,4.0,0.0
GBRT,36,2,False,KernelSHAP,sublimation_Mprime,0.018854996757790347,13.0,0.0
GBRT,36,2,False,KernelSHAP,surface_energy_M,0.28130726284086627,1.0,1.0
GBRT,36,2,False,KernelSHAP,electron_density_M,0.0413720215331003,8.0,0.0
GBRT,36,2,False,KernelSHAP,oxide_bandgap,0.048175817115974434,6.0,0.0
LR,36,2,False,PFI,electronegativity_M,0.13579750558549009,6.0,0.0
LR,36,2,False,PFI,electronegativity_Mprime,0.008754026001038565,10.0,0.0
LR,36,2,False,PFI,ionization_M,0.14915557022523698,5.0,0.0
LR,36,2,False,PFI,ionization_Mprime,-0.003246936049421397,13.0,0.0
LR,36,2,False,PFI,radius_M,0.1708773128430377,4.0,0.0
LR,36,2,False,PFI,radius_Mprime,-0.003956799251019529,14.0,0.0
LR,36,2,False,PFI,oxide_enthalpy_M,0.008251562990819911,11.0,0.0
LR,36,2,False,PFI,oxide_enthalpy_Mprime,0.08569278806274375,8.0,0.0
LR,36,2,False,PFI,mixing_enthalpy,0.20131176519875532,3.0,1.0
LR,36,2,False,PFI,sublimation_M,0.13559816826775922,7.0,0.0
LR,36,2,False,PFI,sublimation_Mprime,0.005789673945010994,12.0,0.0
LR,36,2,False,PFI,surface_energy_M,1.9844408637978233,1.0,1.0
LR,36,2,False,PFI,electron_density_M,1.1756574481782056,2.0,1.0
LR,36,2,False,PFI,oxide_bandgap,0.0235785945420272,9.0,0.0
LR,36,2,False,KernelSHAP,electronegativity_M,0.19285393308426996,8.0,0.0
LR,36,2,False,KernelSHAP,electronegativity_Mprime,0.16262516600008203,9.0,0.0
LR,36,2,False,KernelSHAP,ionization_M,0.23441276663711852,4.0,0.0
LR,36,2,False,KernelSHAP,ionization_Mprime,0.013149488253656525,14.0,0.0
LR,36,2,False,KernelSHAP,radius_M,0.2850117902076727,3.0,1.0
LR,36,2,False,KernelSHAP,radius_Mprime,0.04278574174757666,12.0,0.0
LR,36,2,False,KernelSHAP,oxide_enthalpy_M,0.02845373091117763,13.0,0.0
LR,36,2,False,KernelSHAP,oxide_enthalpy_Mprime,0.22536627332274048,5.0,0.0
LR,36,2,False,KernelSHAP,mixing_enthalpy,0.20673756801538556,6.0,0.0
LR,36,2,False,KernelSHAP,sublimation_M,0.1958164298835166,7.0,0.0
LR,36,2,False,KernelSHAP,sublimation_Mprime,0.09957960429879811,10.0,0.0
LR,36,2,False,KernelSHAP,surface_energy_M,0.9253600773412372,1.0,1.0
LR,36,2,False,KernelSHAP,electron_density_M,0.6354733883004232,2.0,1.0
LR,36,2,False,KernelSHAP,oxide_bandgap,0.0964047676414672,11.0,0.0
RF,36,2,False,PFI,electronegativity_M,-0.0003900220469143396,9.0,0.0
RF,36,2,False,PFI,electronegativity_Mprime,-0.0025171367538688967,14.0,0.0
RF,36,2,False,PFI,ionization_M,0.0022379057549852797,7.0,0.0
RF,36,2,False,PFI,ionization_Mprime,-0.0004035119702101561,10.0,0.0
RF,36,2,False,PFI,radius_M,0.005905403759500943,4.0,0.0
RF,36,2,False,PFI,radius_Mprime,-0.0008915356816078283,11.0,0.0
RF,36,2,False,PFI,oxide_enthalpy_M,0.017410095510729588,3.0,1.0
RF,36,2,False,PFI,oxide_enthalpy_Mprime,-0.0018229473071274056,13.0,0.0
RF,36,2,False,PFI,mixing_enthalpy,0.00384423127197202,6.0,0.0
RF,36,2,False,PFI,sublimation_M,0.024968203294426398,2.0,1.0
RF,36,2,False,PFI,sublimation_Mprime,-0.0011330827887509381,12.0,0.0
RF,36,2,False,PFI,surface_energy_M,0.06660377113976476,1.0,1.0
RF,36,2,False,PFI,electron_density_M,0.0012339734481170534,8.0,0.0
RF,36,2,False,PFI,oxide_bandgap,0.003965453578363165,5.0,0.0
RF,36,2,False,KernelSHAP,electronegativity_M,0.032522449842802434,9.0,0.0
RF,36,2,False,KernelSHAP,electronegativity_Mprime,0.035903247189215115,7.0,0.0
RF,36,2,False,KernelSHAP,ionization_M,0.00864595704786674,14.0,0.0
RF,36,2,False,KernelSHAP,ionization_Mprime,0.014583386175550514,13.0,0.0
RF,36,2,False,KernelSHAP,radius_M,0.045936670259866204,4.0,0.0
RF,36,2,False,KernelSHAP,radius_Mprime,0.016921981735967165,12.0,0.0
RF,36,2,False,KernelSHAP,oxide_enthalpy_M,0.04114575990786851,5.0,0.0
RF,36,2,False,KernelSHAP,oxide_enthalpy_Mprime,0.06122197392410145,3.0,1.0
RF,36,2,False,KernelSHAP,mixing_enthalpy,0.028568596200839964,10.0,0.0
RF,36,2,False,KernelSHAP,sublimation_M,0.08389416942915819,2.0,1.0
RF,36,2,False,KernelSHAP,sublimation_Mprime,0.019835403276621616,11.0,0.0
RF,36,2,False,KernelSHAP,surface_energy_M,0.151942052169526,1.0,1.0
RF,36,2,False,KernelSHAP,electron_density_M,0.0341477445479095,8.0,0.0
RF,36,2,False,KernelSHAP,oxide_bandgap,0.038301511772979746,6.0,0.0
SVR,36,2,False,PFI,electronegativity_M,0.10161990917765046,1.0,1.0
SVR,36,2,False,PFI,electronegativity_Mprime,0.02808076071375184,5.0,0.0
SVR,36,2,False,PFI,ionization_M,0.00424633059891616,11.0,0.0
SVR,36,2,False,PFI,ionization_Mprime,0.0010632193592614552,14.0,0.0
SVR,36,2,False,PFI,radius_M,0.008088538122033301,9.0,0.0
SVR,36,2,False,PFI,radius_Mprime,0.007567470326941578,10.0,0.0
SVR,36,2,False,PFI,oxide_enthalpy_M,0.07512020357811504,2.0,1.0
SVR,36,2,False,PFI,oxide_enthalpy_Mprime,0.0013813686903910753,13.0,0.0
SVR,36,2,False,PFI,mixing_enthalpy,0.015436938759379494,6.0,0.0
SVR,36,2,False,PFI,sublimation_M,0.07297910604585751,3.0,1.0
SVR,36,2,False,PFI,sublimation_Mprime,0.008530983772955329,7.0,0.0
SVR,36,2,False,PFI,surface_energy_M,0.06176038109321239,4.0,0.0
SVR,36,2,False,PFI,electron_density_M,0.0022245308992218673,12.0,0.0
SVR,36,2,False,PFI,oxide_bandgap,0.008261185227486006,8.0,0.0
SVR,36,2,False,KernelSHAP,electronegativity_M,0.14942217393011112,2.0,1.0
SVR,36,2,False,KernelSHAP,electronegativity_Mprime,0.10530416682045261,5.0,0.0
SVR,36,2,False,KernelSHAP,ionization_M,0.04025470277030853,13.0,0.0
SVR,36,2,False,KernelSHAP,ionization_Mprime,0.0909353097755465,6.0,0.0
SVR,36,2,False,KernelSHAP,radius_M,0.04059144214404606,12.0,0.0
SVR,36,2,False,KernelSHAP,radius_Mprime,0.04791530574739511,8.0,0.0
SVR,36,2,False,KernelSHAP,oxide_enthalpy_M,0.1329360048098575,4.0,0.0
SVR,36,2,False,KernelSHAP,oxide_enthalpy_Mprime,0.04537612256441584,10.0,0.0
SVR,36,2,False,KernelSHAP,mixing_enthalpy,0.04744374879165255,9.0,0.0
SVR,36,2,False,KernelSHAP,sublimation_M,0.1411448312671897,3.0,1.0
SVR,36,2,False,KernelSHAP,sublimation_Mprime,0.04478895796752059,11.0,0.0
SVR,36,2,False,KernelSHAP,surface_energy_M,0.15616535487388097,1.0,1.0
SVR,36,2,False,KernelSHAP,electron_density_M,0.021154893718648753,14.0,0.0
SVR,36,2,False,KernelSHAP,oxide_bandgap,0.06328929589791149,7.0,0.0
GBRT,36,3,False,PFI,electronegativity_M,-0.0019035143011748657,10.0,0.0
GBRT,36,3,False,PFI,electronegativity_Mprime,-0.007906633558633863,12.0,0.0
GBRT,36,3,False,PFI,ionization_M,-0.0015274077479136246,9.0,0.0
GBRT,36,3,False,PFI,ionization_Mprime,-0.0006371149194878648,8.0,0.0
GBRT,36,3,False,PFI,radius_M,0.05450283695357303,1.0,1.0
GBRT,36,3,False,PFI,radius_Mprime,0.0001537271922282114,7.0,0.0
GBRT,36,3,False,PFI,oxide_enthalpy_M,0.006214834899510611,5.0,0.0
GBRT,36,3,False,PFI,oxide_enthalpy_Mprime,-0.006156746870860786,11.0,0.0
GBRT,36,3,False,PFI,mixing_enthalpy,0.018020736730983093,2.0,1.0
GBRT,36,3,False,PFI,sublimation_M,-0.016761646719372712,14.0,0.0
GBRT,36,3,False,PFI,sublimation_Mprime,0.000646693753476601,6.0,0.0
GBRT,36,3,False,PFI,surface_energy_M,0.010706001451138918,4.0,0.0
GBRT,36,3,False,PFI,electron_density_M,-0.01396688761028046,13.0,0.0
GBRT,36,3,False,PFI,oxide_bandgap,0.015346231553280956,3.0,1.0
GBRT,36,3,False,KernelSHAP,electronegativity_M,0.018581757068733936,13.0,0.0
GBRT,36,3,False,KernelSHAP,electronegativity_Mprime,0.1463650674881587,2.0,1.0
GBRT,36,3,False,KernelSHAP,ionization_M,0.022685446384368816,11.0,0.0
GBRT,36,3,False,KernelSHAP,ionization_Mprime,0.022994353655538688,10.0,0.0
GBRT,36,3,False,KernelSHAP,radius_M,0.1924027288567961,1.0,1.0
GBRT,36,3,False,KernelSHAP,radius_Mprime,0.02624610694908531,9.0,0.0
GBRT,36,3,False,KernelSHAP,oxide_enthalpy_M,0.022672266894616107,12.0,0.0
GBRT,36,3,False,KernelSHAP,oxide_enthalpy_Mprime,0.05774165552552235,6.0,0.0
GBRT,36,3,False,KernelSHAP,mixing_enthalpy,0.05386979136595538,7.0,0.0
GBRT,36,3,False,KernelSHAP,sublimation_M,0.10691881982854287,4.0,0.0
GBRT,36,3,False,KernelSHAP,sublimation_Mprime,0.010863292126697531,14.0,0.0
GBRT,36,3,False,KernelSHAP,surface_energy_M,0.13523203610539622,3.0,1.0
GBRT,36,3,False,KernelSHAP,electron_density_M,0.036959191729601,8.0,0.0
GBRT,36,3,False,KernelSHAP,oxide_bandgap,0.06936812674847402,5.0,0.0
LR,36,3,False,PFI,electronegativity_M,0.00420148280566579,8.0,0.0
LR,36,3,False,PFI,electronegativity_Mprime,-0.016216746159867266,14.0,0.0
LR,36,3,False,PFI,ionization_M,-0.0018669841380612178,11.0,0.0
LR,36,3,False,PFI,ionization_Mprime,-0.008923593378547593,12.0,0.0
LR,36,3,False,PFI,radius_M,-0.0006502357320763795,10.0,0.0
LR,36,3,False,PFI,radius_Mprime,-0.013396747015311664,13.0,0.0
LR,36,3,False,PFI,oxide_enthalpy_M,0.06856280360058227,2.0,1.0
LR,36,3,False,PFI,oxide_enthalpy_Mprime,0.017963663547091835,5.0,0.0
LR,36,3,False,PFI,mixing_enthalpy,0.056412699014317,4.0,0.0
LR,36,3,False,PFI,sublimation_M,7.238871283593851e-05,9.0,0.0
LR,36,3,False,PFI,sublimation_Mprime,0.008900882109418463,7.0,0.0
LR,36,3,False,PFI,surface_energy_M,0.3487844859213958,1.0,1.0
LR,36,3,False,PFI,electron_density_M,0.06410807218327928,3.0,1.0
LR,36,3,False,PFI,oxide_bandgap,0.014023048021775507,6.0,0.0
LR,36,3,False,KernelSHAP,electronegativity_M,0.025588168528968884,13.0,0.0
LR,36,3,False,KernelSHAP,electronegativity_Mprime,0.12968452776397876,2.0,1.0
LR,36,3,False,KernelSHAP,ionization_M,0.03000739085218617,11.0,0.0
LR,36,3,False,KernelSHAP,ionization_Mprime,0.027999307408859943,12.0,0.0
LR,36,3,False,KernelSHAP,radius_M,0.007872672147302716,14.0,0.0
LR,36,3,False,KernelSHAP,radius_Mprime,0.10320438319008254,6.0,0.0
LR,36,3,False,KernelSHAP,oxide_enthalpy_M,0.11485087657566227,3.0,1.0
LR,36,3,False,KernelSHAP,oxide_enthalpy_Mprime,0.11070210030086199,5.0,0.0
LR,36,3,False,KernelSHAP,mixing_enthalpy,0.09349747347041767,8.0,0.0
LR,36,3,False,KernelSHAP,sublimation_M,0.040078304801198936,10.0,0.0
LR,36,3,False,KernelSHAP,sublimation_Mprime,0.09666251313038648,7.0,0.0
LR,36,3,False,KernelSHAP,surface_energy_M,0.413383130677693,1.0,1.0
LR,36,3,False,KernelSHAP,electron_density_M,0.11277562045712902,4.0,0.0
LR,36,3,False,KernelSHAP,oxide_bandgap,0.048040521175394736,9.0,0.0
RF,36,3,False,PFI,electronegativity_M,0.0010959224764288758,8.0,0.0
RF,36,3,False,PFI,electronegativity_Mprime,-0.012125076720581739,14.0,0.0
RF,36,3,False,PFI,ionization_M,0.0009616282609982142,9.0,0.0
RF,36,3,False,PFI,ionization_Mprime,-0.0038927493161887167,12.0,0.0
RF,36,3,False,PFI,radius_M,0.04435400435605379,1.0,1.0
RF,36,3,False,PFI,radius_Mprime,-0.006517498751537115,13.0,0.0
RF,36,3,False,PFI,oxide_enthalpy_M,0.020803101358508356,3.0,1.0
RF,36,3,False,PFI,oxide_enthalpy_Mprime,0.0005787291951817268,10.0,0.0
RF,36,3,False,PFI,mixing_enthalpy,0.004710561398845212,6.0,0.0
RF,36,3,False,PFI,sublimation_M,0.023566306600935786,2.0,1.0
RF,36,3,False,PFI,sublimation_Mprime,-0.000628700000523502,11.0,0.0
RF,36,3,False,PFI,surface_energy_M,0.014873001772940877,5.0,0.0
RF,36,3,False,PFI,electron_density_M,0.0018507070972992765,7.0,0.0
RF,36,3,False,PFI,oxide_bandgap,0.015666287550453923,4.0,0.0
RF,36,3,False,KernelSHAP,electronegativity_M,0.007980393715394045,14.0,0.0
RF,36,3,False,KernelSHAP,electronegativity_Mprime,0.09889826671614498,1.0,1.0
RF,36,3,False,KernelSHAP,ionization_M,0.011332396038906529,12.0,0.0
RF,36,3,False,KernelSHAP,ionization_Mprime,0.03174059514278371,10.0,0.0
RF,36,3,False,KernelSHAP,radius_M,0.0976650998813256,2.0,1.0
RF,36,3,False,KernelSHAP,radius_Mprime,0.04654917762146981,8.0,0.0
RF,36,3,False,KernelSHAP,oxide_enthalpy_M,0.04883935395377586,7.0,0.0
RF,36,3,False,KernelSHAP,oxide_enthalpy_Mprime,0.02546498369205484,11.0,0.0
RF,36,3,False,KernelSHAP,mixing_enthalpy,0.03344393941494925,9.0,0.0
RF,36,3,False,KernelSHAP,sublimation_M,0.09266502398441473,3.0,1.0
RF,36,3,False,KernelSHAP,sublimation_Mprime,0.011056070577968936,13.0,0.0
RF,36,3,False,KernelSHAP,surface_energy_M,0.0635330562768721,4.0,0.0
RF,36,3,False,KernelSHAP,electron_density_M,0.051745977275061486,6.0,0.0
RF,36,3,False,KernelSHAP,oxide_bandgap,0.06066401191906085,5.0,0.0
SVR,36,3,False,PFI,electronegativity_M,0.041511788437371036,3.0,1.0
SVR,36,3,False,PFI,electronegativity_Mprime,-0.0007228612787959072,12.0,0.0
SVR,36,3,False,PFI,ionization_M,-0.00022075560883639682,11.0,0.0
SVR,36,3,False,PFI,ionization_Mprime,-0.009418179990825892,14.0,0.0
SVR,36,3,False,PFI,radius_M,0.006656889807444861,9.0,0.0
SVR,36,3,False,PFI,radius_Mprime,-0.00190298304552839,13.0,0.0
SVR,36,3,False,PFI,oxide_enthalpy_M,0.057046280601129935,1.0,1.0
SVR,36,3,False,PFI,oxide_enthalpy_Mprime,0.01627014862281826,6.0,0.0
SVR,36,3,False,PFI,mixing_enthalpy,0.029512344873453573,4.0,0.0
SVR,36,3,False,PFI,sublimation_M,0.010067568947565494,8.0,0.0
SVR,36,3,False,PFI,sublimation_Mprime,0.012657877476903227,7.0,0.0
SVR,36,3,False,PFI,surface_energy_M,0.0449017584735137,2.0,1.0
SVR,36,3,False,PFI,electron_density_M,0.005169965962610341,10.0,0.0
SVR,36,3,False,PFI,oxide_bandgap,0.028909159921563884,5.0,0.0
SVR,36,3,False,KernelSHAP,electronegativity_M,0.07878434818998208,5.0,0.0
SVR,36,3,False,KernelSHAP,electronegativity_Mprime,0.072583505555434,7.0,0.0
SVR,36,3,False,KernelSHAP,ionization_M,0.02955663499841598,13.0,0.0
SVR,36,3,False,KernelSHAP,ionization_Mprime,0.050729182867165774,12.0,0.0
SVR,36,3,False,KernelSHAP,radius_M,0.015296943254841896,14.0,0.0
SVR,36,3,False,KernelSHAP,radius_Mprime,0.05798929939131244,10.0,0.0
SVR,36,3,False,KernelSHAP,oxide_enthalpy_M,0.11184516184292222,3.0,1.0
SVR,36,3,False,KernelSHAP,oxide_enthalpy_Mprime,0.11862365659712906,2.0,1.0
SVR,36,3,False,KernelSHAP,mixing_enthalpy,0.07168330141024574,9.0,0.0
SVR,36,3,False,KernelSHAP,sublimation_M,0.08212584425226997,4.0,0.0
SVR,36,3,False,KernelSHAP,sublimation_Mprime,0.05721710720585398,11.0,0.0
SVR,36,3,False,KernelSHAP,surface_energy_M,0.15098488328444706,1.0,1.0
SVR,36,3,False,KernelSHAP,electron_density_M,0.07590086572952948,6.0,0.0
SVR,36,3,False,KernelSHAP,oxide_bandgap,0.07241706473360272,8.0,0.0
GBRT,36,4,False,PFI,electronegativity_M,0.004476383635745799,8.0,0.0
GBRT,36,4,False,PFI,electronegativity_Mprime,-0.0028661120245763267,11.0,0.0
GBRT,36,4,False,PFI,ionization_M,0.003493498957403358,9.0,0.0
GBRT,36,4,False,PFI,ionization_Mprime,-0.004695057985731919,13.0,0.0
GBRT,36,4,False,PFI,radius_M,0.019552499956319323,3.0,1.0
GBRT,36,4,False,PFI,radius_Mprime,-0.012470025649218033,14.0,0.0
GBRT,36,4,False,PFI,oxide_enthalpy_M,0.026550447699026113,2.0,1.0
GBRT,36,4,False,PFI,oxide_enthalpy_Mprime,0.005619995707257826,7.0,0.0
GBRT,36,4,False,PFI,mixing_enthalpy,0.013922126901470305,6.0,0.0
GBRT,36,4,False,PFI,sublimation_M,0.019247303961030648,4.0,0.0
GBRT,36,4,False,PFI,sublimation_Mprime,-0.003356272684410429,12.0,0.0
GBRT,36,4,False,PFI,surface_energy_M,0.09861741831820978,1.0,1.0
GBRT,36,4,False,PFI,electron_density_M,0.0029532031023956355,10.0,0.0
GBRT,36,4,False,PFI,oxide_bandgap,0.018756060668979776,5.0,0.0
GBRT,36,4,False,KernelSHAP,electronegativity_M,0.022842680818112335,13.0,0.0
GBRT,36,4,False,KernelSHAP,electronegativity_Mprime,0.15483681105658698,1.0,1.0
GBRT,36,4,False,KernelSHAP,ionization_M,0.06225114046592777,6.0,0.0
GBRT,36,4,False,KernelSHAP,ionization_Mprime,0.04295530156366942,12.0,0.0
GBRT,36,4,False,KernelSHAP,radius_M,0.04592613174894444,10.0,0.0
GBRT,36,4,False,KernelSHAP,radius_Mprime,0.05150323766456955,8.0,0.0
GBRT,36,4,False,KernelSHAP,oxide_enthalpy_M,0.09218935162684047,4.0,0.0
GBRT,36,4,False,KernelSHAP,oxide_enthalpy_Mprime,0.0439563536102207,11.0,0.0
GBRT,36,4,False,KernelSHAP,mixing_enthalpy,0.09397835994137935,3.0,1.0
GBRT,36,4,False,KernelSHAP,sublimation_M,0.07084173876283326,5.0,0.0
GBRT,36,4,False,KernelSHAP,sublimation_Mprime,0.014651544455797428,14.0,0.0
GBRT,36,4,False,KernelSHAP,surface_energy_M,0.15226607768238953,2.0,1.0
GBRT,36,4,False,KernelSHAP,electron_density_M,0.05345457409839083,7.0,0.0
GBRT,36,4,False,KernelSHAP,oxide_bandgap,0.04878923169463561,9.0,0.0
LR,36,4,False,PFI,electronegativity_M,0.007441630406158363,7.0,0.0
LR,36,4,False,PFI,electronegativity_Mprime,-0.014822003705132059,13.0,0.0
LR,36,4,False,PFI,ionization_M,0.00019125065108787132,9.0,0.0
LR,36,4,False,PFI,ionization_Mprime,-0.01737026289233606,14.0,0.0
LR,36,4,False,PFI,radius_M,-0.000468866857711465,11.0,0.0
LR,36,4,False,PFI,radius_Mprime,-0.013139779074271243,12.0,0.0
LR,36,4,False,PFI,oxide_enthalpy_M,0.04483117229479784,4.0,0.0
LR,36,4,False,PFI,oxide_enthalpy_Mprime,0.030994285711224683,5.0,0.0
LR,36,4,False,PFI,mixing_enthalpy,0.0481052951536135,3.0,1.0
LR,36,4,False,PFI,sublimation_M,-4.930442864821323e-05,10.0,0.0
LR,36,4,False,PFI,sublimation_Mprime,0.022559182341534072,6.0,0.0
LR,36,4,False,PFI,surface_energy_M,0.5862092127175156,1.0,1.0
LR,36,4,False,PFI,electron_density_M,0.1254492669873734,2.0,1.0
LR,36,4,False,PFI,oxide_bandgap,0.0036591759833186624,8.0,0.0
LR,36,4,False,KernelSHAP,electronegativity_M,0.02753506157308259,11.0,0.0
LR,36,4,False,KernelSHAP,electronegativity_Mprime,0.06325193563734548,8.0,0.0
LR,36,4,False,KernelSHAP,ionization_M,0.0933426162857805,5.0,0.0
LR,36,4,False,KernelSHAP,ionization_Mprime,0.05935607836771653,10.0,0.0
LR,36,4,False,KernelSHAP,radius_M,0.02739240591878593,12.0,0.0
LR,36,4,False,KernelSHAP,radius_Mprime,0.06304889618250455,9.0,0.0
LR,36,4,False,KernelSHAP,oxide_enthalpy_M,0.07689267387865542,7.0,0.0
LR,36,4,False,KernelSHAP,oxide_enthalpy_Mprime,0.1686927233598387,3.0,1.0
LR,36,4,False,KernelSHAP,mixing_enthalpy,0.07846139608087069,6.0,0.0
LR,36,4,False,KernelSHAP,sublimation_M,0.000795481892170004,14.0,0.0
LR,36,4,False,KernelSHAP,sublimation_Mprime,0.11058190655026114,4.0,0.0
LR,36,4,False,KernelSHAP,surface_energy_M,0.4836937249849938,1.0,1.0
LR,36,4,False,KernelSHAP,electron_density_M,0.19410561371010251,2.0,1.0
LR,36,4,False,KernelSHAP,oxide_bandgap,0.02217611986297965,13.0,0.0
RF,36,4,False,PFI,electronegativity_M,0.0031362026190990913,7.0,0.0
RF,36,4,False,PFI,electronegativity_Mprime,-0.0305416939105836,13.0,0.0
RF,36,4,False,PFI,ionization_M,0.004017963615937654,6.0,0.0
RF,36,4,False,PFI,ionization_Mprime,-0.005280479703405361,11.0,0.0
RF,36,4,False,PFI,radius_M,0.028174474125430723,2.0,1.0
RF,36,4,False,PFI,radius_Mprime,-0.03628572385923079,14.0,0.0
RF,36,4,False,PFI,oxide_enthalpy_M,0.013802264625050418,3.0,1.0
RF,36,4,False,PFI,oxide_enthalpy_Mprime,-0.001189539647435962,9.0,0.0
RF,36,4,False,PFI,mixing_enthalpy,-0.0063498568783837,12.0,0.0
RF,36,4,False,PFI,sublimation_M,0.0056249503774282155,4.0,0.0
RF,36,4,False,PFI,sublimation_Mprime,-0.002819354866612502,10.0,0.0
RF,36,4,False,PFI,surface_energy_M,0.04604038637093214,1.0,1.0
RF,36,4,False,PFI,electron_density_M,0.004936162130901389,5.0,0.0
RF,36,4,False,PFI,oxide_bandgap,0.00048690806363224095,8.0,0.0
RF,36,4,False,KernelSHAP,electronegativity_M,0.043642620801822934,6.0,0.0
RF,36,4,False,KernelSHAP,electronegativity_Mprime,0.13631724508988088,1.0,1.0
RF,36,4,False,KernelSHAP,ionization_M,0.01443929171892667,14.0,0.0
RF,36,4,False,KernelSHAP,ionization_Mprime,0.021588394788171913,9.0,0.0
RF,36,4,False,KernelSHAP,radius_M,0.06725496484940875,4.0,0.0
RF,36,4,False,KernelSHAP,radius_Mprime,0.09954342309423911,3.0,1.0
RF,36,4,False,KernelSHAP,oxide_enthalpy_M,0.04037801814912696,7.0,0.0
RF,36,4,False,KernelSHAP,oxide_enthalpy_Mprime,0.017898354290831923,11.0,0.0
RF,36,4,False,KernelSHAP,mixing_enthalpy,0.026103260755830054,8.0,0.0
RF,36,4,False,KernelSHAP,sublimation_M,0.014938648385233495,13.0,0.0
RF,36,4,False,KernelSHAP,sublimation_Mprime,0.016495465559681857,12.0,0.0
RF,36,4,False,KernelSHAP,surface_energy_M,0.11604856862394944,2.0,1.0
RF,36,4,False,KernelSHAP,electron_density_M,0.05764800191261072,5.0,0.0
RF,36,4,False,KernelSHAP,oxide_bandgap,0.01858396848934597,10.0,0.0
SVR,36,4,False,PFI,electronegativity_M,0.006744981448851795,10.0,0.0
SVR,36,4,False,PFI,electronegativity_Mprime,0.006291037812597041,11.0,0.0
SVR,36,4,False,PFI,ionization_M,0.001899535583026895,14.0,0.0
SVR,36,4,False,PFI,ionization_Mprime,0.0069430457543819745,9.0,0.0
SVR,36,4,False,PFI,radius_M,0.007956297557048096,8.0,0.0
SVR,36,4,False,PFI,radius_Mprime,0.017921919894204004,6.0,0.0
SVR,36,4,False,PFI,oxide_enthalpy_M,0.13657470509552208,2.0,1.0
SVR,36,4,False,PFI,oxide_enthalpy_Mprime,0.04266097519115308,3.0,1.0
SVR,36,4,False,PFI,mixing_enthalpy,0.005625947000310177,12.0,0.0
SVR,36,4,False,PFI,sublimation_M,0.010295635099599692,7.0,0.0
SVR,36,4,False,PFI,sublimation_Mprime,0.024373119466231698,4.0,0.0
SVR,36,4,False,PFI,surface_energy_M,0.20282089852160504,1.0,1.0
SVR,36,4,False,PFI,electron_density_M,0.002180110169107714,13.0,0.0
SVR,36,4,False,PFI,oxide_bandgap,0.020323745261293734,5.0,0.0
SVR,36,4,False,KernelSHAP,electronegativity_M,0.03614988831364414,10.0,0.0
SVR,36,4,False,KernelSHAP,electronegativity_Mprime,0.03222643583539972,11.0,0.0
SVR,36,4,False,KernelSHAP,ionization_M,0.038933039485228776,9.0,0.0
SVR,36,4,False,KernelSHAP,ionization_Mprime,0.028558784683644214,12.0,0.0
SVR,36,4,False,KernelSHAP,radius_M,0.06854816685636612,7.0,0.0
SVR,36,4,False,KernelSHAP,radius_Mprime,0.07813887771354586,6.0,0.0
SVR,36,4,False,KernelSHAP,oxide_enthalpy_M,0.1913952291507164,2.0,1.0
SVR,36,4,False,KernelSHAP,oxide_enthalpy_Mprime,0.1637936711324689,3.0,1.0
SVR,36,4,False,KernelSHAP,mixing_enthalpy,0.02453898633803664,13.0,0.0
SVR,36,4,False,KernelSHAP,sublimation_M,0.043838638401214755,8.0,0.0
SVR,36,4,False,KernelSHAP,sublimation_Mprime,0.10996856582450275,5.0,0.0
SVR,36,4,False,KernelSHAP,surface_energy_M,0.2805365112978853,1.0,1.0
SVR,36,4,False,KernelSHAP,electron_density_M,0.024411580475040443,14.0,0.0
SVR,36,4,False,KernelSHAP,oxide_bandgap,0.11189391555572217,4.0,0.0
GBRT,36,5,False,PFI,electronegativity_M,0.004982925912292705,7.0,0.0
GBRT,36,5,False,PFI,electronegativity_Mprime,0.00020841017404061763,10.0,0.0
GBRT,36,5,False,PFI,ionization_M,0.0018734267750946582,9.0,0.0
GBRT,36,5,False,PFI,ionization_Mprime,-0.0022059521138880515,13.0,0.0
GBRT,36,5,False,PFI,radius_M,0.0060581166863750225,5.0,0.0
GBRT,36,5,False,PFI,radius_Mprime,-0.00030619910002754647,11.0,0.0
GBRT,36,5,False,PFI,oxide_enthalpy_M,0.025116681330677123,4.0,0.0
GBRT,36,5,False,PFI,oxide_enthalpy_Mprime,0.0696896209686428,2.0,1.0
GBRT,36,5,False,PFI,mixing_enthalpy,0.02976228011067128,3.0,1.0
GBRT,36,5,False,PFI,sublimation_M,0.0019191790803153354,8.0,0.0
GBRT,36,5,False,PFI,sublimation_Mprime,-0.00051449633883355,12.0,0.0
GBRT,36,5,False,PFI,surface_energy_M,0.3408490683564653,1.0,1.0
GBRT,36,5,False,PFI,electron_density_M,0.005101706861669024,6.0,0.0
GBRT,36,5,False,PFI,oxide_bandgap,-0.008286183492699582,14.0,0.0
GBRT,36,5,False,KernelSHAP,electronegativity_M,0.032476328846674035,7.0,0.0
GBRT,36,5,False,KernelSHAP,electronegativity_Mprime,0.009111020775633924,14.0,0.0
GBRT,36,5,False,KernelSHAP,ionization_M,0.0129375012692649,13.0,0.0
GBRT,36,5,False,KernelSHAP,ionization_Mprime,0.027920450443708382,8.0,0.0
GBRT,36,5,False,KernelSHAP,radius_M,0.020154771203431412,9.0,0.0
GBRT,36,5,False,KernelSHAP,radius_Mprime,0.06261179896873628,5.0,0.0
GBRT,36,5,False,KernelSHAP,oxide_enthalpy_M,0.0392081684162023,6.0,0.0
GBRT,36,5,False,KernelSHAP,oxide_enthalpy_Mprime,0.19912906151519205,2.0,1.0
GBRT,36,5,False,KernelSHAP,mixing_enthalpy,0.11783380433232574,3.0,1.0
GBRT,36,5,False,KernelSHAP,sublimation_M,0.01617656023698659,12.0,0.0
GBRT,36,5,False,KernelSHAP,sublimation_Mprime,0.018839351079918246,11.0,0.0
GBRT,36,5,False,KernelSHAP,surface_energy_M,0.35630316458546196,1.0,1.0
GBRT,36,5,False,KernelSHAP,electron_density_M,0.019365077572794313,10.0,0.0
GBRT,36,5,False,KernelSHAP,oxide_bandgap,0.10720892422604009,4.0,0.0
LR,36,5,False,PFI,electronegativity_M,8.07709553889239e-06,12.0,0.0
LR,36,5,False,PFI,electronegativity_Mprime,0.008279600337296003,9.0,0.0
LR,36,5,False,PFI,ionization_M,0.007735549860556713,10.0,0.0
LR,36,5,False,PFI,ionization_Mprime,-0.000842239519398677,13.0,0.0
LR,36,5,False,PFI,radius_M,0.033023293035771166,7.0,0.0
LR,36,5,False,PFI,radius_Mprime,0.10547681000460113,3.0,1.0
LR,36,5,False,PFI,oxide_enthalpy_M,0.051168990606992676,6.0,0.0
LR,36,5,False,PFI,oxide_enthalpy_Mprime,0.08746682593101116,5.0,0.0
LR,36,5,False,PFI,mixing_enthalpy,0.16973201577780678,2.0,1.0
LR,36,5,False,PFI,sublimation_M,0.09572324315027538,4.0,0.0
LR,36,5,False,PFI,sublimation_Mprime,-0.0037823831424282648,14.0,0.0
LR,36,5,False,PFI,surface_energy_M,0.6774402788200392,1.0,1.0
LR,36,5,False,PFI,electron_density_M,0.002215967620235591,11.0,0.0
LR,36,5,False,PFI,oxide_bandgap,0.024487778608422883,8.0,0.0
LR,36,5,False,KernelSHAP,electronegativity_M,0.0016324632050458737,14.0,0.0
LR,36,5,False,KernelSHAP,electronegativity_Mprime,0.040985936816070795,11.0,0.0
LR,36,5,False,KernelSHAP,ionization_M,0.0526815511810534,10.0,0.0
LR,36,5,False,KernelSHAP,ionization_Mprime,0.014461378505166794,12.0,0.0
LR,36,5,False,KernelSHAP,radius_M,0.09754469395617922,8.0,0.0
LR,36,5,False,KernelSHAP,radius_Mprime,0.17602247376218727,5.0,0.0
LR,36,5,False,KernelSHAP,oxide_enthalpy_M,0.0806403409951663,9.0,0.0
LR,36,5,False,KernelSHAP,oxide_enthalpy_Mprime,0.17980049228225858,4.0,0.0
LR,36,5,False,KernelSHAP,mixing_enthalpy,0.22394507443722933,2.0,1.0
LR,36,5,False,KernelSHAP,sublimation_M,0.15505043582391706,6.0,0.0
LR,36,5,False,KernelSHAP,sublimation_Mprime,0.1118189192927478,7.0,0.0
LR,36,5,False,KernelSHAP,surface_energy_M,0.6168231930136865,1.0,1.0
LR,36,5,False,KernelSHAP,electron_density_M,0.004404745341548094,13.0,0.0
LR,36,5,False,KernelSHAP,oxide_bandgap,0.193945837932278,3.0,1.0
RF,36,5,False,PFI,electronegativity_M,0.00037194841614913754,10.0,0.0
RF,36,5,False,PFI,electronegativity_Mprime,-0.0011908229243771625,13.0,0.0
RF,36,5,False,PFI,ionization_M,0.0015990829867574834,6.0,0.0
RF,36,5,False,PFI,ionization_Mprime,-0.000980787054209005,12.0,0.0
RF,36,5,False,PFI,radius_M,0.019800487817704302,2.0,1.0
RF,36,5,False,PFI,radius_Mprime,-0.002001214442015583,14.0,0.0
RF,36,5,False,PFI,oxide_enthalpy_M,0.006637237190278705,4.0,0.0
RF,36,5,False,PFI,oxide_enthalpy_Mprime,0.0005535294559673988,9.0,0.0
RF,36,5,False,PFI,mixing_enthalpy,0.0011534531417817194,8.0,0.0
RF,36,5,False,PFI,sublimation_M,0.01121391076549661,3.0,1.0
RF,36,5,False,PFI,sublimation_Mprime,7.628993176368218e-05,11.0,0.0
RF,36,5,False,PFI,surface_energy_M,0.04784122974715581,1.0,1.0
RF,36,5,False,PFI,electron_density_M,0.005323239289716526,5.0,0.0
RF,36,5,False,PFI,oxide_bandgap,0.001482970870504661,7.0,0.0
RF,36,5,False,KernelSHAP,electronegativity_M,0.006729569218705443,13.0,0.0
RF,36,5,False,KernelSHAP,electronegativity_Mprime,0.01416365546206868,10.0,0.0
RF,36,5,False,KernelSHAP,ionization_M,0.006516778028545603,14.0,0.0
RF,36,5,False,KernelSHAP,ionization_Mprime,0.020060976652810564,8.0,0.0
RF,36,5,False,KernelSHAP,radius_M,0.06136404789615774,2.0,1.0
RF,36,5,False,KernelSHAP,radius_Mprime,0.009127750006041303,11.0,0.0
RF,36,5,False,KernelSHAP,oxide_enthalpy_M,0.020007378917185487,9.0,0.0
RF,36,5,False,KernelSHAP,oxide_enthalpy_Mprime,0.05874127007864158,3.0,1.0
RF,36,5,False,KernelSHAP,mixing_enthalpy,0.039635845622922196,6.0,0.0
RF,36,5,False,KernelSHAP,sublimation_M,0.058645169896465434,4.0,0.0
RF,36,5,False,KernelSHAP,sublimation_Mprime,0.007143923759558331,12.0,0.0
RF,36,5,False,KernelSHAP,surface_energy_M,0.11720701513962756,1.0,1.0
RF,36,5,False,KernelSHAP,electron_density_M,0.05751149751779335,5.0,0.0
RF,36,5,False,KernelSHAP,oxide_bandgap,0.02042348862691564,7.0,0.0
SVR,36,5,False,PFI,electronegativity_M,0.01865398879325583,5.0,0.0
SVR,36,5,False,PFI,electronegativity_Mprime,-0.0007343190885903748,11.0,0.0
SVR,36,5,False,PFI,ionization_M,0.0008189678852441624,9.0,0.0
SVR,36,5,False,PFI,ionization_Mprime,-0.006986705973591746,14.0,0.0
SVR,36,5,False,PFI,radius_M,0.0039540138553392995,8.0,0.0
SVR,36,5,False,PFI,radius_Mprime,0.010510788196804953,7.0,0.0
SVR,36,5,False,PFI,oxide_enthalpy_M,0.07199422950588495,2.0,1.0
SVR,36,5,False,PFI,oxide_enthalpy_Mprime,0.0114821715325296,6.0,0.0
SVR,36,5,False,PFI,mixing_enthalpy,0.041061128052906945,3.0,1.0
SVR,36,5,False,PFI,sublimation_M,-0.0027482561201534607,12.0,0.0
SVR,36,5,False,PFI,sublimation_Mprime,0.00033030217964305703,10.0,0.0
SVR,36,5,False,PFI,surface_energy_M,0.09760463205448659,1.0,1.0
SVR,36,5,False,PFI,electron_density_M,-0.0035820917263327183,13.0,0.0
SVR,36,5,False,PFI,oxide_bandgap,0.029222152005274008,4.0,0.0
SVR,36,5,False,KernelSHAP,electronegativity_M,0.05167524623294579,8.0,0.0
SVR,36,5,False,KernelSHAP,electronegativity_Mprime,0.014448852564031722,13.0,0.0
SVR,36,5,False,KernelSHAP,ionization_M,0.007054744953485854,14.0,0.0
SVR,36,5,False,KernelSHAP,ionization_Mprime,0.034028147744886425,9.0,0.0
SVR,36,5,False,KernelSHAP,radius_M,0.022002922020367383,11.0,0.0
SVR,36,5,False,KernelSHAP,radius_Mprime,0.06510136394091834,7.0,0.0
SVR,36,5,False,KernelSHAP,oxide_enthalpy_M,0.12116379278385472,2.0,1.0
SVR,36,5,False,KernelSHAP,oxide_enthalpy_Mprime,0.10130794529043191,4.0,0.0
SVR,36,5,False,KernelSHAP,mixing_enthalpy,0.10119687120598658,5.0,0.0
SVR,36,5,False,KernelSHAP,sublimation_M,0.02143004162260498,12.0,0.0
SVR,36,5,False,KernelSHAP,sublimation_Mprime,0.03330773675855358,10.0,0.0
SVR,36,5,False,KernelSHAP,surface_energy_M,0.2341829324463636,1.0,1.0
SVR,36,5,False,KernelSHAP,electron_density_M,0.08135666381388093,6.0,0.0
SVR,36,5,False,KernelSHAP,oxide_bandgap,0.11594310452134304,3.0,1.0
GBRT,36,6,False,PFI,electronegativity_M,0.0020715496196604816,8.0,0.0
GBRT,36,6,False,PFI,electronegativity_Mprime,-0.0013377462980894946,12.0,0.0
GBRT,36,6,False,PFI,ionization_M,0.005536178429864173,6.0,0.0
GBRT,36,6,False,PFI,ionization_Mprime,0.010873998205380375,4.0,0.0
GBRT,36,6,False,PFI,radius_M,0.0908891695506465,1.0,1.0
GBRT,36,6,False,PFI,radius_Mprime,-0.014396988767445105,14.0,0.0
GBRT,36,6,False,PFI,oxide_enthalpy_M,0.008789130093552804,5.0,0.0
GBRT,36,6,False,PFI,oxide_enthalpy_Mprime,-0.0009534696897303032,11.0,0.0
GBRT,36,6,False,PFI,mixing_enthalpy,0.005203522724706613,7.0,0.0
GBRT,36,6,False,PFI,sublimation_M,0.012257837537849536,3.0,1.0
GBRT,36,6,False,PFI,sublimation_Mprime,-0.0002820606003373749,10.0,0.0
GBRT,36,6,False,PFI,surface_energy_M,0.08313030373573764,2.0,1.0
GBRT,36,6,False,PFI,electron_density_M,0.001831864935337323,9.0,0.0
GBRT,36,6,False,PFI,oxide_bandgap,-0.0034246743710423856,13.0,0.0
GBRT,36,6,False,KernelSHAP,electronegativity_M,0.017610927927921433,11.0,0.0
GBRT,36,6,False,KernelSHAP,electronegativity_Mprime,0.017399912026659754,12.0,0.0
GBRT,36,6,False,KernelSHAP,ionization_M,0.029452528757813186,9.0,0.0
GBRT,36,6,False,KernelSHAP,ionization_Mprime,0.02095818277287131,10.0,0.0
GBRT,36,6,False,KernelSHAP,radius_M,0.1314693128718763,3.0,1.0
GBRT,36,6,False,KernelSHAP,radius_Mprime,0.10092364126478319,4.0,0.0
GBRT,36,6,False,KernelSHAP,oxide_enthalpy_M,0.03970774886406695,8.0,0.0
GBRT,36,6,False,KernelSHAP,oxide_enthalpy_Mprime,0.09825478025176106,5.0,0.0
GBRT,36,6,False,KernelSHAP,mixing_enthalpy,0.16917272285520757,1.0,1.0
GBRT,36,6,False,KernelSHAP,sublimation_M,0.06665491783319703,7.0,0.0
GBRT,36,6,False,KernelSHAP,sublimation_Mprime,0.00608694553297122,14.0,0.0
GBRT,36,6,False,KernelSHAP,surface_energy_M,0.15267215012492907,2.0,1.0
GBRT,36,6,False,KernelSHAP,electron_density_M,0.009670757746325464,13.0,0.0
GBRT,36,6,False,KernelSHAP,oxide_bandgap,0.07369271363594714,6.0,0.0
LR,36,6,False,PFI,electronegativity_M,0.004114402112540809,11.0,0.0
LR,36,6,False,PFI,electronegativity_Mprime,-0.014693632135525873,14.0,0.0
LR,36,6,False,PFI,ionization_M,0.09351887152964972,6.0,0.0
LR,36,6,False,PFI,ionization_Mprime,-0.003077128495562058,12.0,0.0
LR,36,6,False,PFI,radius_M,0.045207538358068726,9.0,0.0
LR,36,6,False,PFI,radius_Mprime,0.13470797122184672,5.0,0.0
LR,36,6,False,PFI,oxide_enthalpy_M,0.2680561206877558,3.0,1.0
LR,36,6,False,PFI,oxide_enthalpy_Mprime,0.35517910027146665,2.0,1.0
LR,36,6,False,PFI,mixing_enthalpy,0.020864839469667072,10.0,0.0
LR,36,6,False,PFI,sublimation_M,-0.004800865992382929,13.0,0.0
LR,36,6,False,PFI,sublimation_Mprime,0.16370895748579298,4.0,0.0
LR,36,6,False,PFI,surface_energy_M,0.8747676396892227,1.0,1.0
LR,36,6,False,PFI,electron_density_M,0.04805938890930112,8.0,0.0
LR,36,6,False,PFI,oxide_bandgap,0.07823701264318762,7.0,0.0
LR,36,6,False,KernelSHAP,electronegativity_M,0.09386285545015108,11.0,0.0
LR,36,6,False,KernelSHAP,electronegativity_Mprime,0.11969597870732843,10.0,0.0
LR,36,6,False,KernelSHAP,ionization_M,0.24492878387456007,5.0,0.0
LR,36,6,False,KernelSHAP,ionization_Mprime,0.015435284651164529,14.0,0.0
LR,36,6,False,KernelSHAP,radius_M,0.161569124111698,8.0,0.0
LR,36,6,False,KernelSHAP,radius_Mprime,0.17271268011429386,7.0,0.0
LR,36,6,False,KernelSHAP,oxide_enthalpy_M,0.3342751771480163,4.0,0.0
LR,36,6,False,KernelSHAP,oxide_enthalpy_Mprime,0.40659565242769546,2.0,1.0
LR,36,6,False,KernelSHAP,mixing_enthalpy,0.034041052143673645,13.0,0.0
LR,36,6,False,KernelSHAP,sublimation_M,0.05531593109632262,12.0,0.0
LR,36,6,False,KernelSHAP,sublimation_Mprime,0.3519971376032972,3.0,1.0
LR,36,6,False,KernelSHAP,surface_energy_M,0.6017224225187765,1.0,1.0
LR,36,6,False,KernelSHAP,electron_density_M,0.12109776894222647,9.0,0.0
LR,36,6,False,KernelSHAP,oxide_bandgap,0.17774317955536204,6.0,0.0
RF,36,6,False,PFI,electronegativity_M,-0.001319440369145125,12.0,0.0
RF,36,6,False,PFI,electronegativity_Mprime,0.0008369771746789659,8.0,0.0
RF,36,6,False,PFI,ionization_M,0.00046615566394293215,9.0,0.0
RF,36,6,False,PFI,ionization_Mprime,-0.0020813957691235975,13.0,0.0
RF,36,6,False,PFI,radius_M,0.010300648217593729,3.0,1.0
RF,36,6,False,PFI,radius_Mprime,-0.002102596207928266,14.0,0.0
RF,36,6,False,PFI,oxide_enthalpy_M,0.006659933064363704,5.0,0.0
RF,36,6,False,PFI,oxide_enthalpy_Mprime,0.008488057890821958,4.0,0.0
RF,36,6,False,PFI,mixing_enthalpy,0.005024027225042972,6.0,0.0
RF,36,6,False,PFI,sublimation_M,0.03098982775735957,1.0,1.0
RF,36,6,False,PFI,sublimation_Mprime,0.0021677765779627243,7.0,0.0
RF,36,6,False,PFI,surface_energy_M,0.015158642719938064,2.0,1.0
RF,36,6,False,PFI,electron_density_M,-0.0011747266065167412,11.0,0.0
RF,36,6,False,PFI,oxide_bandgap,0.00045937789707447554,10.0,0.0
RF,36,6,False,KernelSHAP,electronegativity_M,0.0365952880337109,9.0,0.0
RF,36,6,False,KernelSHAP,electronegativity_Mprime,0.023592491459454037,11.0,0.0
RF,36,6,False,KernelSHAP,ionization_M,0.018183919776491555,12.0,0.0
RF,36,6,False,KernelSHAP,ionization_Mprime,0.014613972713739392,13.0,0.0
RF,36,6,False,KernelSHAP,radius_M,0.079585683665297,3.0,1.0
RF,36,6,False,KernelSHAP,radius_Mprime,0.039771631771782626,8.0,0.0
RF,36,6,False,KernelSHAP,oxide_enthalpy_M,0.05128458967361905,5.0,0.0
RF,36,6,False,KernelSHAP,oxide_enthalpy_Mprime,0.04803303221610946,6.0,0.0
RF,36,6,False,KernelSHAP,mixing_enthalpy,0.06733240119059881,4.0,0.0
RF,36,6,False,KernelSHAP,sublimation_M,0.15600870026194696,1.0,1.0
RF,36,6,False,KernelSHAP,sublimation_Mprime,0.006059027585171949,14.0,0.0
RF,36,6,False,KernelSHAP,surface_energy_M,0.09947573820592265,2.0,1.0
RF,36,6,False,KernelSHAP,electron_density_M,0.04240467568017338,7.0,0.0
RF,36,6,False,KernelSHAP,oxide_bandgap,0.024447055394086228,10.0,0.0
SVR,36,6,False,PFI,electronegativity_M,0.059839961688066996,4.0,0.0
SVR,36,6,False,PFI,electronegativity_Mprime,-0.009684183000728272,13.0,0.0
SVR,36,6,False,PFI,ionization_M,0.007205986556935198,10.0,0.0
SVR,36,6,False,PFI,ionization_Mprime,0.04000195508353248,7.0,0.0
SVR,36,6,False,PFI,radius_M,0.01765446007417778,8.0,0.0
SVR,36,6,False,PFI,radius_Mprime,0.006422765409793185,11.0,0.0
SVR,36,6,False,PFI,oxide_enthalpy_M,0.1658961740011133,1.0,1.0
SVR,36,6,False,PFI,oxide_enthalpy_Mprime,0.05705783058647239,5.0,0.0
SVR,36,6,False,PFI,mixing_enthalpy,-0.00795764897102486,12.0,0.0
SVR,36,6,False,PFI,sublimation_M,0.06039071667778691,3.0,1.0
SVR,36,6,False,PFI,sublimation_Mprime,0.051358923110111296,6.0,0.0
SVR,36,6,False,PFI,surface_energy_M,0.10989045881777351,2.0,1.0
SVR,36,6,False,PFI,electron_density_M,0.008487362740793241,9.0,0.0
SVR,36,6,False,PFI,oxide_bandgap,-0.009802650471603872,14.0,0.0
SVR,36,6,False,KernelSHAP,electronegativity_M,0.09412002899758203,9.0,0.0
SVR,36,6,False,KernelSHAP,electronegativity_Mprime,0.11938728387680027,6.0,0.0
SVR,36,6,False,KernelSHAP,ionization_M,0.11633040566559637,7.0,0.0
SVR,36,6,False,KernelSHAP,ionization_Mprime,0.058674899741673864,10.0,0.0
SVR,36,6,False,KernelSHAP,radius_M,0.11481629954402159,8.0,0.0
SVR,36,6,False,KernelSHAP,radius_Mprime,0.019790665304146447,14.0,0.0
SVR,36,6,False,KernelSHAP,oxide_enthalpy_M,0.19754396730209722,3.0,1.0
SVR,36,6,False,KernelSHAP,oxide_enthalpy_Mprime,0.2283163411892541,1.0,1.0
SVR,36,6,False,KernelSHAP,mixing_enthalpy,0.05842627245472157,11.0,0.0
SVR,36,6,False,KernelSHAP,sublimation_M,0.13184172827536675,5.0,0.0
SVR,36,6,False,KernelSHAP,sublimation_Mprime,0.1448925579123651,4.0,0.0
SVR,36,6,False,KernelSHAP,surface_energy_M,0.2164362291594345,2.0,1.0
SVR,36,6,False,KernelSHAP,electron_density_M,0.048251008921868545,12.0,0.0
SVR,36,6,False,KernelSHAP,oxide_bandgap,0.037376832581391295,13.0,0.0
GBRT,36,7,False,PFI,electronegativity_M,0.018976718561317878,4.0,0.0
GBRT,36,7,False,PFI,electronegativity_Mprime,0.0020661952387966208,11.0,0.0
GBRT,36,7,False,PFI,ionization_M,0.006227146955567923,8.0,0.0
GBRT,36,7,False,PFI,ionization_Mprime,0.0002454124262837127,14.0,0.0
GBRT,36,7,False,PFI,radius_M,0.05001459407299438,1.0,1.0
GBRT,36,7,False,PFI,radius_Mprime,0.0010217894564251838,12.0,0.0
GBRT,36,7,False,PFI,oxide_enthalpy_M,0.008060697016220503,7.0,0.0
GBRT,36,7,False,PFI,oxide_enthalpy_Mprime,0.0008174874635277431,13.0,0.0
GBRT,36,7,False,PFI,mixing_enthalpy,0.013392768890842946,5.0,0.0
GBRT,36,7,False,PFI,sublimation_M,0.012983913164555336,6.0,0.0
GBRT,36,7,False,PFI,sublimation_Mprime,0.002803249338956984,10.0,0.0
GBRT,36,7,False,PFI,surface_energy_M,0.02260168909759079,3.0,1.0
GBRT,36,7,False,PFI,electron_density_M,0.00320578855276277,9.0,0.0
GBRT,36,7,False,PFI,oxide_bandgap,0.02407967982705694,2.0,1.0
GBRT,36,7,False,KernelSHAP,electronegativity_M,0.08881665186151255,5.0,0.0
GBRT,36,7,False,KernelSHAP,electronegativity_Mprime,0.11451231936555242,2.0,1.0
GBRT,36,7,False,KernelSHAP,ionization_M,0.11453490282128168,1.0,1.0
GBRT,36,7,False,KernelSHAP,ionization_Mprime,0.009184942711553899,14.0,0.0
GBRT,36,7,False,KernelSHAP,radius_M,0.10008710539056008,3.0,1.0
GBRT,36,7,False,KernelSHAP,radius_Mprime,0.014475087646915193,11.0,0.0
GBRT,36,7,False,KernelSHAP,oxide_enthalpy_M,0.02935428827170678,9.0,0.0
GBRT,36,7,False,KernelSHAP,oxide_enthalpy_Mprime,0.013779012722453575,12.0,0.0
GBRT,36,7,False,KernelSHAP,mixing_enthalpy,0.06626367476010994,7.0,0.0
GBRT,36,7,False,KernelSHAP,sublimation_M,0.06436213256423154,8.0,0.0
GBRT,36,7,False,KernelSHAP,sublimation_Mprime,0.012422392620041784,13.0,0.0
GBRT,36,7,False,KernelSHAP,surface_energy_M,0.0842813130187689,6.0,0.0
GBRT,36,7,False,KernelSHAP,electron_density_M,0.01732691039906102,10.0,0.0
GBRT,36,7,False,KernelSHAP,oxide_bandgap,0.09030879675605114,4.0,0.0
LR,36,7,False,PFI,electronegativity_M,0.006733325018694347,8.0,0.0
LR,36,7,False,PFI,electronegativity_Mprime,-0.004912100639937522,14.0,0.0
LR,36,7,False,PFI,ionization_M,-0.002296985889114112,13.0,0.0
LR,36,7,False,PFI,ionization_Mprime,0.0005966938606511458,11.0,0.0
LR,36,7,False,PFI,radius_M,4.759321312736616e-05,12.0,0.0
LR,36,7,False,PFI,radius_Mprime,0.006270879479962632,9.0,0.0
LR,36,7,False,PFI,oxide_enthalpy_M,0.0960359456531715,2.0,1.0
LR,36,7,False,PFI,oxide_enthalpy_Mprime,0.04584508670256522,3.0,1.0
LR,36,7,False,PFI,mixing_enthalpy,0.040777206952717825,4.0,0.0
LR,36,7,False,PFI,sublimation_M,0.01095546507961494,7.0,0.0
LR,36,7,False,PFI,sublimation_Mprime,0.012727061040417488,5.0,0.0
LR,36,7,False,PFI,surface_energy_M,0.2141498192696214,1.0,1.0
LR,36,7,False,PFI,electron_density_M,0.0016438839930145374,10.0,0.0
LR,36,7,False,PFI,oxide_bandgap,0.011635806344747967,6.0,0.0
LR,36,7,False,KernelSHAP,electronegativity_M,0.03982269846119897,11.0,0.0
LR,36,7,False,KernelSHAP,electronegativity_Mprime,0.023287967470275776,12.0,0.0
LR,36,7,False,KernelSHAP,ionization_M,0.05595403442805442,9.0,0.0
LR,36,7,False,KernelSHAP,ionization_Mprime,0.002798240847745326,13.0,0.0
LR,36,7,False,KernelSHAP,radius_M,0.00205875389073481,14.0,0.0
LR,36,7,False,KernelSHAP,radius_Mprime,0.10258774252607938,5.0,0.0
LR,36,7,False,KernelSHAP,oxide_enthalpy_M,0.1478008111131497,2.0,1.0
LR,36,7,False,KernelSHAP,oxide_enthalpy_Mprime,0.139330554607069,3.0,1.0
LR,36,7,False,KernelSHAP,mixing_enthalpy,0.08096332447732374,7.0,0.0
LR,36,7,False,KernelSHAP,sublimation_M,0.08449945780387168,6.0,0.0
LR,36,7,False,KernelSHAP,sublimation_Mprime,0.12686617696601987,4.0,0.0
LR,36,7,False,KernelSHAP,surface_energy_M,0.3065088597008792,1.0,1.0
LR,36,7,False,KernelSHAP,electron_density_M,0.06460936635514761,8.0,0.0
LR,36,7,False,KernelSHAP,oxide_bandgap,0.055896892974963475,10.0,0.0
RF,36,7,False,PFI,electronegativity_M,0.0030245661631349337,8.0,0.0
RF,36,7,False,PFI,electronegativity_Mprime,0.0012866966034406767,9.0,0.0
RF,36,7,False,PFI,ionization_M,-0.0008976715615856256,13.0,0.0
RF,36,7,False,PFI,ionization_Mprime,-0.003665687616760603,14.0,0.0
RF,36,7,False,PFI,radius_M,0.02504240431642836,2.0,1.0
RF,36,7,False,PFI,radius_Mprime,-0.0001364806785776972,12.0,0.0
RF,36,7,False,PFI,oxide_enthalpy_M,0.012763646993077004,4.0,0.0
RF,36,7,False,PFI,oxide_enthalpy_Mprime,0.0005188430963635105,11.0,0.0
RF,36,7,False,PFI,mixing_enthalpy,0.000861745061125858,10.0,0.0
RF,36,7,False,PFI,sublimation_M,0.012020093296977945,5.0,0.0
RF,36,7,False,PFI,sublimation_Mprime,0.005447181909201265,6.0,0.0
RF,36,7,False,PFI,surface_energy_M,0.03200094167098423,1.0,1.0
RF,36,7,False,PFI,electron_density_M,0.013795008050893027,3.0,1.0
RF,36,7,False,PFI,oxide_bandgap,0.0033182308631792006,7.0,0.0
RF,36,7,False,KernelSHAP,electronegativity_M,0.020343829321185,8.0,0.0
RF,36,7,False,KernelSHAP,electronegativity_Mprime,0.042241501061819724,5.0,0.0
RF,36,7,False,KernelSHAP,ionization_M,0.029269129139801238,7.0,0.0
RF,36,7,False,KernelSHAP,ionization_Mprime,0.013343473814233429,11.0,0.0
RF,36,7,False,KernelSHAP,radius_M,0.04787434983124294,3.0,1.0
RF,36,7,False,KernelSHAP,radius_Mprime,0.010826525708566272,12.0,0.0
RF,36,7,False,KernelSHAP,oxide_enthalpy_M,0.030126659879343123,6.0,0.0
RF,36,7,False,KernelSHAP,oxide_enthalpy_Mprime,0.010197817975586635,13.0,0.0
RF,36,7,False,KernelSHAP,mixing_enthalpy,0.009624140329949236,14.0,0.0
RF,36,7,False,KernelSHAP,sublimation_M,0.04752853690085194,4.0,0.0
RF,36,7,False,KernelSHAP,sublimation_Mprime,0.018058400569972002,9.0,0.0
RF,36,7,False,KernelSHAP,surface_energy_M,0.07402077525776848,1.0,1.0
RF,36,7,False,KernelSHAP,electron_density_M,0.051674951420608774,2.0,1.0
RF,36,7,False,KernelSHAP,oxide_bandgap,0.013584447041379712,10.0,0.0
SVR,36,7,False,PFI,electronegativity_M,0.05182864720691096,3.0,1.0
SVR,36,7,False,PFI,electronegativity_Mprime,0.004955500285533008,11.0,0.0
SVR,36,7,False,PFI,ionization_M,-0.00033587237282438017,13.0,0.0
SVR,36,7,False,PFI,ionization_Mprime,0.00404517890571224,12.0,0.0
SVR,36,7,False,PFI,radius_M,0.005045858073503717,10.0,0.0
SVR,36,7,False,PFI,radius_Mprime,0.010552258173545447,8.0,0.0
SVR,36,7,False,PFI,oxide_enthalpy_M,0.0582519598756955,2.0,1.0
SVR,36,7,False,PFI,oxide_enthalpy_Mprime,0.0164677161661404,7.0,0.0
SVR,36,7,False,PFI,mixing_enthalpy,0.04979468713399483,4.0,0.0
SVR,36,7,False,PFI,sublimation_M,-0.00403004092238888,14.0,0.0
SVR,36,7,False,PFI,sublimation_Mprime,0.007021263263072641,9.0,0.0
SVR,36,7,False,PFI,surface_energy_M,0.08453609366565379,1.0,1.0
SVR,36,7,False,PFI,electron_density_M,0.026256082065357712,5.0,0.0
SVR,36,7,False,PFI,oxide_bandgap,0.023767694262083583,6.0,0.0
SVR,36,7,False,KernelSHAP,electronegativity_M,0.10270324315662148,4.0,0.0
SVR,36,7,False,KernelSHAP,electronegativity_Mprime,0.027460688814072015,12.0,0.0
SVR,36,7,False,KernelSHAP,ionization_M,0.05264717404978495,9.0,0.0
SVR,36,7,False,KernelSHAP,ionization_Mprime,0.021402491589872643,14.0,0.0
SVR,36,7,False,KernelSHAP,radius_M,0.038065798335179896,11.0,0.0
SVR,36,7,False,KernelSHAP,radius_Mprime,0.08173978671622069,7.0,0.0
SVR,36,7,False,KernelSHAP,oxide_enthalpy_M,0.09295583195328597,6.0,0.0
SVR,36,7,False,KernelSHAP,oxide_enthalpy_Mprime,0.10417230052781462,3.0,1.0
SVR,36,7,False,KernelSHAP,mixing_enthalpy,0.0985220781270077,5.0,0.0
SVR,36,7,False,KernelSHAP,sublimation_M,0.022854020850026375,13.0,0.0
SVR,36,7,False,KernelSHAP,sublimation_Mprime,0.04087987461653574,10.0,0.0
SVR,36,7,False,KernelSHAP,surface_energy_M,0.18120054886305328,1.0,1.0
SVR,36,7,False,KernelSHAP,electron_density_M,0.12095035386842909,2.0,1.0
SVR,36,7,False,KernelSHAP,oxide_bandgap,0.0754980549964644,8.0,0.0
GBRT,36,8,False,PFI,electronegativity_M,0.005048035258778309,6.0,0.0
GBRT,36,8,False,PFI,electronegativity_Mprime,-0.0006390935253122464,13.0,0.0
GBRT,36,8,False,PFI,ionization_M,0.001340678398144094,10.0,0.0
GBRT,36,8,False,PFI,ionization_Mprime,0.001188260212873328,11.0,0.0
GBRT,36,8,False,PFI,radius_M,0.1429259353332382,1.0,1.0
GBRT,36,8,False,PFI,radius_Mprime,0.008732053431845752,5.0,0.0
GBRT,36,8,False,PFI,oxide_enthalpy_M,0.022833086001664095,4.0,0.0
GBRT,36,8,False,PFI,oxide_enthalpy_Mprime,-0.005347270936021059,14.0,0.0
GBRT,36,8,False,PFI,mixing_enthalpy,0.003405822023997473,8.0,0.0
GBRT,36,8,False,PFI,sublimation_M,0.0016667781523742825,9.0,0.0
GBRT,36,8,False,PFI,sublimation_Mprime,0.0011557953529656273,12.0,0.0
GBRT,36,8,False,PFI,surface_energy_M,0.05724938689095955,2.0,1.0
GBRT,36,8,False,PFI,electron_density_M,0.004507174703851013,7.0,0.0
GBRT,36,8,False,PFI,oxide_bandgap,0.05502366899115728,3.0,1.0
GBRT,36,8,False,KernelSHAP,electronegativity_M,0.019878930245769852,11.0,0.0
GBRT,36,8,False,KernelSHAP,electronegativity_Mprime,0.04103294634406963,6.0,0.0
GBRT,36,8,False,KernelSHAP,ionization_M,0.018361169366624994,13.0,0.0
GBRT,36,8,False,KernelSHAP,ionization_Mprime,0.02246082580285158,9.0,0.0
GBRT,36,8,False,KernelSHAP,radius_M,0.22799564288481905,1.0,1.0
GBRT,36,8,False,KernelSHAP,radius_Mprime,0.020071256783339216,10.0,0.0
GBRT,36,8,False,KernelSHAP,oxide_enthalpy_M,0.057155733677225214,4.0,0.0
GBRT,36,8,False,KernelSHAP,oxide_enthalpy_Mprime,0.04740920383131819,5.0,0.0
GBRT,36,8,False,KernelSHAP,mixing_enthalpy,0.01960421105842374,12.0,0.0
GBRT,36,8,False,KernelSHAP,sublimation_M,0.03754475320317387,7.0,0.0
GBRT,36,8,False,KernelSHAP,sublimation_Mprime,0.023526702331150205,8.0,0.0
GBRT,36,8,False,KernelSHAP,surface_energy_M,0.1843424149257776,2.0,1.0
GBRT,36,8,False,KernelSHAP,electron_density_M,0.012410110167399978,14.0,0.0
GBRT,36,8,False,KernelSHAP,oxide_bandgap,0.14791516121174414,3.0,1.0
LR,36,8,False,PFI,electronegativity_M,0.0011165816264425527,14.0,0.0
LR,36,8,False,PFI,electronegativity_Mprime,0.025170808887060286,7.0,0.0
LR,36,8,False,PFI,ionization_M,0.013986685913520907,9.0,0.0
LR,36,8,False,PFI,ionization_Mprime,0.012806705432050033,10.0,0.0
LR,36,8,False,PFI,radius_M,0.0012576382901027727,13.0,0.0
LR,36,8,False,PFI,radius_Mprime,0.14934440314443484,2.0,1.0
LR,36,8,False,PFI,oxide_enthalpy_M,0.12456912864233166,3.0,1.0
LR,36,8,False,PFI,oxide_enthalpy_Mprime,0.044460926151183765,5.0,0.0
LR,36,8,False,PFI,mixing_enthalpy,0.037358900108413994,6.0,0.0
LR,36,8,False,PFI,sublimation_M,0.015133036884758285,8.0,0.0
LR,36,8,False,PFI,sublimation_Mprime,0.001980768195576904,12.0,0.0
LR,36,8,False,PFI,surface_energy_M,0.2972730426475337,1.0,1.0
LR,36,8,False,PFI,electron_density_M,0.010255306832910259,11.0,0.0
LR,36,8,False,PFI,oxide_bandgap,0.06921900366740119,4.0,0.0
LR,36,8,False,KernelSHAP,electronegativity_M,0.03040859181471792,14.0,0.0
LR,36,8,False,KernelSHAP,electronegativity_Mprime,0.07010285498911471,11.0,0.0
LR,36,8,False,KernelSHAP,ionization_M,0.11570535757478953,7.0,0.0
LR,36,8,False,KernelSHAP,ionization_Mprime,0.04533294395923217,12.0,0.0
LR,36,8,False,KernelSHAP,radius_M,0.08155797821002442,10.0,0.0
LR,36,8,False,KernelSHAP,radius_Mprime,0.26789645558120817,2.0,1.0
LR,36,8,False,KernelSHAP,oxide_enthalpy_M,0.19354721831341656,3.0,1.0
LR,36,8,False,KernelSHAP,oxide_enthalpy_Mprime,0.12452166535567881,5.0,0.0
LR,36,8,False,KernelSHAP,mixing_enthalpy,0.08175427131149451,9.0,0.0
LR,36,8,False,KernelSHAP,sublimation_M,0.08187969470461222,8.0,0.0
LR,36,8,False,KernelSHAP,sublimation_Mprime,0.11979512661088074,6.0,0.0
LR,36,8,False,KernelSHAP,surface_energy_M,0.37562344678892146,1.0,1.0
LR,36,8,False,KernelSHAP,electron_density_M,0.03806123024483171,13.0,0.0
LR,36,8,False,KernelSHAP,oxide_bandgap,0.15323611241083288,4.0,0.0
RF,36,8,False,PFI,electronegativity_M,0.0036663055928901666,5.0,0.0
RF,36,8,False,PFI,electronegativity_Mprime,0.0009175034728344769,9.0,0.0
RF,36,8,False,PFI,ionization_M,0.0030027630677671624,6.0,0.0
RF,36,8,False,PFI,ionization_Mprime,-0.00028636627677894045,11.0,0.0
RF,36,8,False,PFI,radius_M,0.06337525845267016,1.0,1.0
RF,36,8,False,PFI,radius_Mprime,0.0018834774814724803,7.0,0.0
RF,36,8,False,PFI,oxide_enthalpy_M,0.005134318082213821,4.0,0.0
RF,36,8,False,PFI,oxide_enthalpy_Mprime,-0.00224083045396941,14.0,0.0
RF,36,8,False,PFI,mixing_enthalpy,0.0005862243554748977,10.0,0.0
RF,36,8,False,PFI,sublimation_M,0.0017795565440557393,8.0,0.0
RF,36,8,False,PFI,sublimation_Mprime,-0.001965711957792672,13.0,0.0
RF,36,8,False,PFI,surface_energy_M,0.03743272849480074,2.0,1.0
RF,36,8,False,PFI,electron_density_M,-0.001783524630488212,12.0,0.0
RF,36,8,False,PFI,oxide_bandgap,0.014707760824684923,3.0,1.0
RF,36,8,False,KernelSHAP,electronegativity_M,0.013823843866256496,11.0,0.0
RF,36,8,False,KernelSHAP,electronegativity_Mprime,0.026668745379382727,5.0,0.0
RF,36,8,False,KernelSHAP,ionization_M,0.010866013937035091,13.0,0.0
RF,36,8,False,KernelSHAP,ionization_Mprime,0.016305298077730932,9.0,0.0
RF,36,8,False,KernelSHAP,radius_M,0.13507042994583035,2.0,1.0
RF,36,8,False,KernelSHAP,radius_Mprime,0.005507238940547271,14.0,0.0
RF,36,8,False,KernelSHAP,oxide_enthalpy_M,0.01984040261837761,6.0,0.0
RF,36,8,False,KernelSHAP,oxide_enthalpy_Mprime,0.017862065511481427,8.0,0.0
RF,36,8,False,KernelSHAP,mixing_enthalpy,0.012806721570481924,12.0,0.0
RF,36,8,False,KernelSHAP,sublimation_M,0.014239871214048608,10.0,0.0
RF,36,8,False,KernelSHAP,sublimation_Mprime,0.01805637928479795,7.0,0.0
RF,36,8,False,KernelSHAP,surface_energy_M,0.16456976817454785,1.0,1.0
RF,36,8,False,KernelSHAP,electron_density_M,0.030820656687483336,4.0,0.0
RF,36,8,False,KernelSHAP,oxide_bandgap,0.07197195866500948,3.0,1.0
SVR,36,8,False,PFI,electronegativity_M,0.009792376557360864,6.0,0.0
SVR,36,8,False,PFI,electronegativity_Mprime,0.0008200196512682626,11.0,0.0
SVR,36,8,False,PFI,ionization_M,-0.0008455316893166353,12.0,0.0
SVR,36,8,False,PFI,ionization_Mprime,-0.002821959766562563,14.0,0.0
SVR,36,8,False,PFI,radius_M,0.006176134854844647,7.0,0.0
SVR,36,8,False,PFI,radius_Mprime,0.021474519640964317,5.0,0.0
SVR,36,8,False,PFI,oxide_enthalpy_M,0.0627263034112013,2.0,1.0
SVR,36,8,False,PFI,oxide_enthalpy_Mprime,0.0054265517847043605,9.0,0.0
SVR,36,8,False,PFI,mixing_enthalpy,0.024299969806476463,4.0,0.0
SVR,36,8,False,PFI,sublimation_M,-0.0012338770133711431,13.0,0.0
SVR,36,8,False,PFI,sublimation_Mprime,0.00556388819320058,8.0,0.0
SVR,36,8,False,PFI,surface_energy_M,0.17797220399200597,1.0,1.0
SVR,36,8,False,PFI,electron_density_M,0.0008699873450545221,10.0,0.0
SVR,36,8,False,PFI,oxide_bandgap,0.05760476897217392,3.0,1.0
SVR,36,8,False,KernelSHAP,electronegativity_M,0.05610593592020855,7.0,0.0
SVR,36,8,False,KernelSHAP,electronegativity_Mprime,0.0805803244269419,5.0,0.0
SVR,36,8,False,KernelSHAP,ionization_M,0.030918580232213,8.0,0.0
SVR,36,8,False,KernelSHAP,ionization_Mprime,0.016881610188331304,13.0,0.0
SVR,36,8,False,KernelSHAP,radius_M,0.020948744311238207,11.0,0.0
SVR,36,8,False,KernelSHAP,radius_Mprime,0.10652366979601852,3.0,1.0
SVR,36,8,False,KernelSHAP,oxide_enthalpy_M,0.10471675885745074,4.0,0.0
SVR,36,8,False,KernelSHAP,oxide_enthalpy_Mprime,0.029890367687822675,9.0,0.0
SVR,36,8,False,KernelSHAP,mixing_enthalpy,0.06068861013416858,6.0,0.0
SVR,36,8,False,KernelSHAP,sublimation_M,0.014347003346823336,14.0,0.0
SVR,36,8,False,KernelSHAP,sublimation_Mprime,0.02327449287259382,10.0,0.0
SVR,36,8,False,KernelSHAP,surface_energy_M,0.29448483569530565,1.0,1.0
SVR,36,8,False,KernelSHAP,electron_density_M,0.020316072374240726,12.0,0.0
SVR,36,8,False,KernelSHAP,oxide_bandgap,0.1379914686957912,2.0,1.0
GBRT,36,9,False,PFI,electronegativity_M,0.0009281416116532678,7.0,0.0
GBRT,36,9,False,PFI,electronegativity_Mprime,-0.0016424461532461077,10.0,0.0
GBRT,36,9,False,PFI,ionization_M,-0.00272938235599061,11.0,0.0
GBRT,36,9,False,PFI,ionization_Mprime,0.004833056244869235,4.0,0.0
GBRT,36,9,False,PFI,radius_M,0.004774353686870984,5.0,0.0
GBRT,36,9,False,PFI,radius_Mprime,-0.006754804991552813,13.0,0.0
GBRT,36,9,False,PFI,oxide_enthalpy_M,0.022133229529503615,2.0,1.0
GBRT,36,9,False,PFI,oxide_enthalpy_Mprime,0.0008814572503075038,8.0,0.0
GBRT,36,9,False,PFI,mixing_enthalpy,0.0008556099791166015,9.0,0.0
GBRT,36,9,False,PFI,sublimation_M,0.0045690638997523386,6.0,0.0
GBRT,36,9,False,PFI,sublimation_Mprime,-0.0028854896496868995,12.0,0.0
GBRT,36,9,False,PFI,surface_energy_M,0.035241287584945755,1.0,1.0
GBRT,36,9,False,PFI,electron_density_M,0.016897568877745326,3.0,1.0
GBRT,36,9,False,PFI,oxide_bandgap,-0.00738582266441767,14.0,0.0
GBRT,36,9,False,KernelSHAP,electronegativity_M,0.03886279989389179,7.0,0.0
GBRT,36,9,False,KernelSHAP,electronegativity_Mprime,0.029843618241062995,12.0,0.0
GBRT,36,9,False,KernelSHAP,ionization_M,0.04631246066131317,6.0,0.0
GBRT,36,9,False,KernelSHAP,ionization_Mprime,0.01713669200907213,14.0,0.0
GBRT,36,9,False,KernelSHAP,radius_M,0.03187867001511403,11.0,0.0
GBRT,36,9,False,KernelSHAP,radius_Mprime,0.05708677661731633,4.0,0.0
GBRT,36,9,False,KernelSHAP,oxide_enthalpy_M,0.03853525882990669,8.0,0.0
GBRT,36,9,False,KernelSHAP,oxide_enthalpy_Mprime,0.11703340803249013,3.0,1.0
GBRT,36,9,False,KernelSHAP,mixing_enthalpy,0.020532729189543634,13.0,0.0
GBRT,36,9,False,KernelSHAP,sublimation_M,0.03457376818344307,10.0,0.0
GBRT,36,9,False,KernelSHAP,sublimation_Mprime,0.048902229469909034,5.0,0.0
GBRT,36,9,False,KernelSHAP,surface_energy_M,0.18613580929379733,1.0,1.0
GBRT,36,9,False,KernelSHAP,electron_density_M,0.13632909093083725,2.0,1.0
GBRT,36,9,False,KernelSHAP,oxide_bandgap,0.03526123422962465,9.0,0.0
LR,36,9,False,PFI,electronegativity_M,0.030209933227892227,4.0,0.0
LR,36,9,False,PFI,electronegativity_Mprime,-0.006080808465056851,14.0,0.0
LR,36,9,False,PFI,ionization_M,0.0023851046188591305,9.0,0.0
LR,36,9,False,PFI,ionization_Mprime,0.005849317809883866,7.0,0.0
LR,36,9,False,PFI,radius_M,0.013780200043607065,6.0,0.0
LR,36,9,False,PFI,radius_Mprime,0.0022550200903949918,10.0,0.0
LR,36,9,False,PFI,oxide_enthalpy_M,0.1318056933260313,1.0,1.0
LR,36,9,False,PFI,oxide_enthalpy_Mprime,0.07726494008862692,3.0,1.0
LR,36,9,False,PFI,mixing_enthalpy,-0.0001712042856193428,13.0,0.0
LR,36,9,False,PFI,sublimation_M,0.003451486224686827,8.0,0.0
LR,36,9,False,PFI,sublimation_Mprime,0.02125174549078627,5.0,0.0
LR,36,9,False,PFI,surface_energy_M,0.09914973865872975,2.0,1.0
LR,36,9,False,PFI,electron_density_M,0.00011552935787371756,12.0,0.0
LR,36,9,False,PFI,oxide_bandgap,0.000334215338254823,11.0,0.0
LR,36,9,False,KernelSHAP,electronegativity_M,0.07669632554692558,7.0,0.0
LR,36,9,False,KernelSHAP,electronegativity_Mprime,0.03446046833334974,10.0,0.0
LR,36,9,False,KernelSHAP,ionization_M,0.09103462992483681,6.0,0.0
LR,36,9,False,KernelSHAP,ionization_Mprime,0.018731328704730613,12.0,0.0
LR,36,9,False,KernelSHAP,radius_M,0.06399240863070554,8.0,0.0
LR,36,9,False,KernelSHAP,radius_Mprime,0.01231453917269685,13.0,0.0
LR,36,9,False,KernelSHAP,oxide_enthalpy_M,0.1844123001308452,2.0,1.0
LR,36,9,False,KernelSHAP,oxide_enthalpy_Mprime,0.18126910163231458,3.0,1.0
LR,36,9,False,KernelSHAP,mixing_enthalpy,0.0006018718125782902,14.0,0.0
LR,36,9,False,KernelSHAP,sublimation_M,0.047226226842268584,9.0,0.0
LR,36,9,False,KernelSHAP,sublimation_Mprime,0.17858464365383972,4.0,0.0
LR,36,9,False,KernelSHAP,surface_energy_M,0.25938501899276284,1.0,1.0
LR,36,9,False,KernelSHAP,electron_density_M,0.12903394690868025,5.0,0.0
LR,36,9,False,KernelSHAP,oxide_bandgap,0.02839339229242009,11.0,0.0
RF,36,9,False,PFI,electronegativity_M,0.0008896979694228688,8.0,0.0
RF,36,9,False,PFI,electronegativity_Mprime,-0.0016648122022507423,14.0,0.0
RF,36,9,False,PFI,ionization_M,-0.00033150498006617594,13.0,0.0
RF,36,9,False,PFI,ionization_Mprime,0.0004143512453205327,10.0,0.0
RF,36,9,False,PFI,radius_M,0.010624813298289671,3.0,1.0
RF,36,9,False,PFI,radius_Mprime,-0.0001928809026097401,11.0,0.0
RF,36,9,False,PFI,oxide_enthalpy_M,0.013896964406889294,2.0,1.0
RF,36,9,False,PFI,oxide_enthalpy_Mprime,0.0006703541020037042,9.0,0.0
RF,36,9,False,PFI,mixing_enthalpy,0.00212983557477392,6.0,0.0
RF,36,9,False,PFI,sublimation_M,0.010599651501297167,4.0,0.0
RF,36,9,False,PFI,sublimation_Mprime,-0.00021831407226375748,12.0,0.0
RF,36,9,False,PFI,surface_energy_M,0.03750762142721817,1.0,1.0
RF,36,9,False,PFI,electron_density_M,0.006735255529275161,5.0,0.0
RF,36,9,False,PFI,oxide_bandgap,0.0012406253718070072,7.0,0.0
RF,36,9,False,KernelSHAP,electronegativity_M,0.016842559327042376,10.0,0.0
RF,36,9,False,KernelSHAP,electronegativity_Mprime,0.021849218617361135,8.0,0.0
RF,36,9,False,KernelSHAP,ionization_M,0.02927476406918627,7.0,0.0
RF,36,9,False,KernelSHAP,ionization_Mprime,0.012307072654987674,12.0,0.0
RF,36,9,False,KernelSHAP,radius_M,0.037566409884604676,5.0,0.0
RF,36,9,False,KernelSHAP,radius_Mprime,0.006989106024018316,14.0,0.0
RF,36,9,False,KernelSHAP,oxide_enthalpy_M,0.031976980357323055,6.0,0.0
RF,36,9,False,KernelSHAP,oxide_enthalpy_Mprime,0.05604015152829705,3.0,1.0
RF,36,9,False,KernelSHAP,mixing_enthalpy,0.015586574534318672,11.0,0.0
RF,36,9,False,KernelSHAP,sublimation_M,0.04808118448139373,4.0,0.0
RF,36,9,False,KernelSHAP,sublimation_Mprime,0.008576599349699031,13.0,0.0
RF,36,9,False,KernelSHAP,surface_energy_M,0.114303115896039,1.0,1.0
RF,36,9,False,KernelSHAP,electron_density_M,0.0801690806904496,2.0,1.0
RF,36,9,False,KernelSHAP,oxide_bandgap,0.017538221607796226,9.0,0.0
SVR,36,9,False,PFI,electronegativity_M,0.02841576012515041,3.0,1.0
SVR,36,9,False,PFI,electronegativity_Mprime,-0.004768197890334534,14.0,0.0
SVR,36,9,False,PFI,ionization_M,-0.0011024906142043285,10.0,0.0
SVR,36,9,False,PFI,ionization_Mprime,-0.0022403096574045247,11.0,0.0
SVR,36,9,False,PFI,radius_M,0.0088966362082046,8.0,0.0
SVR,36,9,False,PFI,radius_Mprime,0.007703174813188651,9.0,0.0
SVR,36,9,False,PFI,oxide_enthalpy_M,0.08298086755944305,1.0,1.0
SVR,36,9,False,PFI,oxide_enthalpy_Mprime,0.04051724016033822,2.0,1.0
SVR,36,9,False,PFI,mixing_enthalpy,0.019275172185329516,5.0,0.0
SVR,36,9,False,PFI,sublimation_M,-0.0033843942703018397,13.0,0.0
SVR,36,9,False,PFI,sublimation_Mprime,-0.003208928284096743,12.0,0.0
SVR,36,9,False,PFI,surface_energy_M,0.02725477586302268,4.0,0.0
SVR,36,9,False,PFI,electron_density_M,0.012913868012097833,7.0,0.0
SVR,36,9,False,PFI,oxide_bandgap,0.018034511983313198,6.0,0.0
SVR,36,9,False,KernelSHAP,electronegativity_M,0.07187335607021657,7.0,0.0
SVR,36,9,False,KernelSHAP,electronegativity_Mprime,0.0718483178556293,8.0,0.0
SVR,36,9,False,KernelSHAP,ionization_M,0.04179150281754672,11.0,0.0
SVR,36,9,False,KernelSHAP,ionization_Mprime,0.017432096476427503,14.0,0.0
SVR,36,9,False,KernelSHAP,radius_M,0.05479096058841358,9.0,0.0
SVR,36,9,False,KernelSHAP,radius_Mprime,0.019440210130982873,13.0,0.0
SVR,36,9,False,KernelSHAP,oxide_enthalpy_M,0.1278206609055308,4.0,0.0
SVR,36,9,False,KernelSHAP,oxide_enthalpy_Mprime,0.12997314300988697,3.0,1.0
SVR,36,9,False,KernelSHAP,mixing_enthalpy,0.04280221591425923,10.0,0.0
SVR,36,9,False,KernelSHAP,sublimation_M,0.037142265745013114,12.0,0.0
SVR,36,9,False,KernelSHAP,sublimation_Mprime,0.12594444150306816,5.0,0.0
SVR,36,9,False,KernelSHAP,surface_energy_M,0.17573769588689817,1.0,1.0
SVR,36,9,False,KernelSHAP,electron_density_M,0.16532122770342703,2.0,1.0
SVR,36,9,False,KernelSHAP,oxide_bandgap,0.09605750459342724,6.0,0.0
GBRT,71,0,False,PFI,electronegativity_M,0.004501726280114195,6.0,0.0
GBRT,71,0,False,PFI,electronegativity_Mprime,-0.006112376680370243,14.0,0.0
GBRT,71,0,False,PFI,ionization_M,0.001426595682072028,8.0,0.0
GBRT,71,0,False,PFI,ionization_Mprime,0.0032048209567293994,7.0,0.0
GBRT,71,0,False,PFI,radius_M,0.0002775457924316507,10.0,0.0
GBRT,71,0,False,PFI,radius_Mprime,-0.0021577388152829733,11.0,0.0
GBRT,71,0,False,PFI,oxide_enthalpy_M,0.05011440386252235,2.0,1.0
GBRT,71,0,False,PFI,oxide_enthalpy_Mprime,0.0051344635274809865,5.0,0.0
GBRT,71,0,False,PFI,mixing_enthalpy,0.022756702316962866,3.0,1.0
GBRT,71,0,False,PFI,sublimation_M,-0.005614497853258886,12.0,0.0
GBRT,71,0,False,PFI,sublimation_Mprime,-0.00599074328962849,13.0,0.0
GBRT,71,0,False,PFI,surface_energy_M,0.184548231210584,1.0,1.0
GBRT,71,0,False,PFI,electron_density_M,0.0013576948792451693,9.0,0.0
GBRT,71,0,False,PFI,oxide_bandgap,0.012705299543309888,4.0,0.0
GBRT,71,0,False,KernelSHAP,electronegativity_M,0.018759209895849394,11.0,0.0
GBRT,71,0,False,KernelSHAP,electronegativity_Mprime,0.014842275785159299,12.0,0.0
GBRT,71,0,False,KernelSHAP,ionization_M,0.03411686741738332,7.0,0.0
GBRT,71,0,False,KernelSHAP,ionization_Mprime,0.030284620864849104,8.0,0.0
GBRT,71,0,False,KernelSHAP,radius_M,0.00936454463221868,14.0,0.0
GBRT,71,0,False,KernelSHAP,radius_Mprime,0.030282353442410856,9.0,0.0
GBRT,71,0,False,KernelSHAP,oxide_enthalpy_M,0.10323378668226307,2.0,1.0
GBRT,71,0,False,KernelSHAP,oxide_enthalpy_Mprime,0.07395157303828859,4.0,0.0
GBRT,71,0,False,KernelSHAP,mixing_enthalpy,0.046564139007005026,6.0,0.0
GBRT,71,0,False,KernelSHAP,sublimation_M,0.10080470755241211,3.0,1.0
GBRT,71,0,False,KernelSHAP,sublimation_Mprime,0.02171360114267723,10.0,0.0
GBRT,71,0,False,KernelSHAP,surface_energy_M,0.32678831813764436,1.0,1.0
GBRT,71,0,False,KernelSHAP,electron_density_M,0.009495167707482306,13.0,0.0
GBRT,71,0,False,KernelSHAP,oxide_bandgap,0.04689244565829738,5.0,0.0
LR,71,0,False,PFI,electronegativity_M,0.02127256875113681,9.0,0.0
LR,71,0,False,PFI,electronegativity_Mprime,0.03258524587126985,7.0,0.0
LR,71,0,False,PFI,ionization_M,0.02199176683957215,8.0,0.0
LR,71,0,False,PFI,ionization_Mprime,0.000215766127416211,13.0,0.0
LR,71,0,False,PFI,radius_M,0.046474859528958176,6.0,0.0
LR,71,0,False,PFI,radius_Mprime,0.017752025993850937,10.0,0.0
LR,71,0,False,PFI,oxide_enthalpy_M,0.09791704048708415,4.0,0.0
LR,71,0,False,PFI,oxide_enthalpy_Mprime,0.10684672052145888,3.0,1.0
LR,71,0,False,PFI,mixing_enthalpy,0.054022239407109186,5.0,0.0
LR,71,0,False,PFI,sublimation_M,0.016594848008366223,11.0,0.0
LR,71,0,False,PFI,sublimation_Mprime,0.012703656595769846,12.0,0.0
LR,71,0,False,PFI,surface_energy_M,0.6422912252799994,1.0,1.0
LR,71,0,False,PFI,electron_density_M,0.1439184435402396,2.0,1.0
LR,71,0,False,PFI,oxide_bandgap,-0.001049007361285787,14.0,0.0
LR,71,0,False,KernelSHAP,electronegativity_M,0.090142670828029,9.0,0.0
LR,71,0,False,KernelSHAP,electronegativity_Mprime,0.17347946936061664,5.0,0.0
LR,71,0,False,KernelSHAP,ionization_M,0.08694681186525022,10.0,0.0
LR,71,0,False,KernelSHAP,ionization_Mprime,0.0014322242855393853,14.0,0.0
LR,71,0,False,KernelSHAP,radius_M,0.12492963235523795,7.0,0.0
LR,71,0,False,KernelSHAP,radius_Mprime,0.08083953556577808,11.0,0.0
LR,71,0,False,KernelSHAP,oxide_enthalpy_M,0.17890675761716268,4.0,0.0
LR,71,0,False,KernelSHAP,oxide_enthalpy_Mprime,0.22521626641756282,2.0,1.0
LR,71,0,False,KernelSHAP,mixing_enthalpy,0.09797241703866477,8.0,0.0
LR,71,0,False,KernelSHAP,sublimation_M,0.07385493345866229,12.0,0.0
LR,71,0,False,KernelSHAP,sublimation_Mprime,0.13913278738575677,6.0,0.0
LR,71,0,False,KernelSHAP,surface_energy_M,0.5559225743942077,1.0,1.0
LR,71,0,False,KernelSHAP,electron_density_M,0.19783716592613573,3.0,1.0
LR,71,0,False,KernelSHAP,oxide_bandgap,0.06300472458112791,13.0,0.0
RF,71,0,False,PFI,electronegativity_M,0.000706907868876321,10.0,0.0
RF,71,0,False,PFI,electronegativity_Mprime,-0.003642341786923528,13.0,0.0
RF,71,0,False,PFI,ionization_M,-0.0028107068775021153,12.0,0.0
RF,71,0,False,PFI,ionization_Mprime,0.0008465587391362705,9.0,0.0
RF,71,0,False,PFI,radius_M,0.005073608044378797,6.0,0.0
RF,71,0,False,PFI,radius_Mprime,-0.004076990939233169,14.0,0.0
RF,71,0,False,PFI,oxide_enthalpy_M,0.007577283520844418,4.0,0.0
RF,71,0,False,PFI,oxide_enthalpy_Mprime,0.002112296470183735,8.0,0.0
RF,71,0,False,PFI,mixing_enthalpy,0.022136141219683794,2.0,1.0
RF,71,0,False,PFI,sublimation_M,0.015030438546416955,3.0,1.0
RF,71,0,False,PFI,sublimation_Mprime,-0.0009302821078285274,11.0,0.0
RF,71,0,False,PFI,surface_energy_M,0.08023743764809564,1.0,1.0
RF,71,0,False,PFI,electron_density_M,0.006980143225677128,5.0,0.0
RF,71,0,False,PFI,oxide_bandgap,0.0033956355318409304,7.0,0.0
RF,71,0,False,KernelSHAP,electronegativity_M,0.021925394798183322,9.0,0.0
RF,71,0,False,KernelSHAP,electronegativity_Mprime,0.018711129134324257,10.0,0.0
RF,71,0,False,KernelSHAP,ionization_M,0.01605927024772205,11.0,0.0
RF,71,0,False,KernelSHAP,ionization_Mprime,0.012260637310674598,14.0,0.0
RF,71,0,False,KernelSHAP,radius_M,0.022999859661699498,8.0,0.0
RF,71,0,False,KernelSHAP,radius_Mprime,0.0129567728761042,13.0,0.0
RF,71,0,False,KernelSHAP,oxide_enthalpy_M,0.054955555938211394,4.0,0.0
RF,71,0,False,KernelSHAP,oxide_enthalpy_Mprime,0.035988592479274786,6.0,0.0
RF,71,0,False,KernelSHAP,mixing_enthalpy,0.04440352778442653,5.0,0.0
RF,71,0,False,KernelSHAP,sublimation_M,0.12627884401547904,2.0,1.0
RF,71,0,False,KernelSHAP,sublimation_Mprime,0.013672258892327446,12.0,0.0
RF,71,0,False,KernelSHAP,surface_energy_M,0.21878541036397092,1.0,1.0
RF,71,0,False,KernelSHAP,electron_density_M,0.05828294640058148,3.0,1.0
RF,71,0,False,KernelSHAP,oxide_bandgap,0.026462221335825473,7.0,0.0
SVR,71,0,False,PFI,electronegativity_M,0.07762428341279269,2.0,1.0
SVR,71,0,False,PFI,electronegativity_Mprime,0.013110916327049154,10.0,0.0
SVR,71,0,False,PFI,ionization_M,0.014490362728382269,9.0,0.0
SVR,71,0,False,PFI,ionization_Mprime,0.004622405560257776,13.0,0.0
SVR,71,0,False,PFI,radius_M,0.03554075810045445,5.0,0.0
SVR,71,0,False,PFI,radius_Mprime,-0.005164590492920353,14.0,0.0
SVR,71,0,False,PFI,oxide_enthalpy_M,0.07412899899480867,3.0,1.0
SVR,71,0,False,PFI,oxide_enthalpy_Mprime,0.026146182936515373,6.0,0.0
SVR,71,0,False,PFI,mixing_enthalpy,0.010629796452114919,11.0,0.0
SVR,71,0,False,PFI,sublimation_M,0.06803040726686281,4.0,0.0
SVR,71,0,False,PFI,sublimation_Mprime,0.01603499285153173,8.0,0.0
SVR,71,0,False,PFI,surface_energy_M,0.18706775871361866,1.0,1.0
SVR,71,0,False,PFI,electron_density_M,0.024216407863303792,7.0,0.0
SVR,71,0,False,PFI,oxide_bandgap,0.006899781224446754,12.0,0.0
SVR,71,0,False,KernelSHAP,electronegativity_M,0.1314676430975427,4.0,0.0
SVR,71,0,False,KernelSHAP,electronegativity_Mprime,0.06690833401155391,7.0,0.0
SVR,71,0,False,KernelSHAP,ionization_M,0.05561036610402746,9.0,0.0
SVR,71,0,False,KernelSHAP,ionization_Mprime,0.025010278466124955,13.0,0.0
SVR,71,0,False,KernelSHAP,radius_M,0.0942598020858363,6.0,0.0
SVR,71,0,False,KernelSHAP,radius_Mprime,0.021561277137238,14.0,0.0
SVR,71,0,False,KernelSHAP,oxide_enthalpy_M,0.13810256007610477,3.0,1.0
SVR,71,0,False,KernelSHAP,oxide_enthalpy_Mprime,0.11510750780958004,5.0,0.0
SVR,71,0,False,KernelSHAP,mixing_enthalpy,0.05267178224304752,12.0,0.0
SVR,71,0,False,KernelSHAP,sublimation_M,0.18019446388252025,2.0,1.0
SVR,71,0,False,KernelSHAP,sublimation_Mprime,0.05473614282660247,11.0,0.0
SVR,71,0,False,KernelSHAP,surface_energy_M,0.30878241027187087,1.0,1.0
SVR,71,0,False,KernelSHAP,electron_density_M,0.05995355007704849,8.0,0.0
SVR,71,0,False,KernelSHAP,oxide_bandgap,0.055124466372019856,10.0,0.0
GBRT,71,10,False,PFI,electronegativity_M,-0.0007853063139370393,14.0,0.0
GBRT,71,10,False,PFI,electronegativity_Mprime,0.008696230927221403,5.0,0.0
GBRT,71,10,False,PFI,ionization_M,0.00044771001230688146,13.0,0.0
GBRT,71,10,False,PFI,ionization_Mprime,0.0010766530103821404,11.0,0.0
GBRT,71,10,False,PFI,radius_M,0.006706686934753557,6.0,0.0
GBRT,71,10,False,PFI,radius_Mprime,0.0008731746373158891,12.0,0.0
GBRT,71,10,False,PFI,oxide_enthalpy_M,0.04516861210153475,2.0,1.0
GBRT,71,10,False,PFI,oxide_enthalpy_Mprime,0.0022751729024288484,8.0,0.0
GBRT,71,10,False,PFI,mixing_enthalpy,0.0018637590799771343,10.0,0.0
GBRT,71,10,False,PFI,sublimation_M,0.014759443292187093,4.0,0.0
GBRT,71,10,False,PFI,sublimation_Mprime,0.0032007187023443905,7.0,0.0
GBRT,71,10,False,PFI,surface_energy_M,0.21463914789705868,1.0,1.0
GBRT,71,10,False,PFI,electron_density_M,0.0018835476480371068,9.0,0.0
GBRT,71,10,False,PFI,oxide_bandgap,0.02484444097770409,3.0,1.0
GBRT,71,10,False,KernelSHAP,electronegativity_M,0.023337386859115503,11.0,0.0
GBRT,71,10,False,KernelSHAP,electronegativity_Mprime,0.055332266694638484,5.0,0.0
GBRT,71,10,False,KernelSHAP,ionization_M,0.024918157452448852,10.0,0.0
GBRT,71,10,False,KernelSHAP,ionization_Mprime,0.015415425463442243,13.0,0.0
GBRT,71,10,False,KernelSHAP,radius_M,0.01788296475481898,12.0,0.0
GBRT,71,10,False,KernelSHAP,radius_Mprime,0.025621812935784374,9.0,0.0
GBRT,71,10,False,KernelSHAP,oxide_enthalpy_M,0.12588107689094927,2.0,1.0
GBRT,71,10,False,KernelSHAP,oxide_enthalpy_Mprime,0.04829736610062783,7.0,0.0
GBRT,71,10,False,KernelSHAP,mixing_enthalpy,0.054786466509807424,6.0,0.0
GBRT,71,10,False,KernelSHAP,sublimation_M,0.07330170872971124,3.0,1.0
GBRT,71,10,False,KernelSHAP,sublimation_Mprime,0.03304553290205808,8.0,0.0
GBRT,71,10,False,KernelSHAP,surface_energy_M,0.26611299850032055,1.0,1.0
GBRT,71,10,False,KernelSHAP,electron_density_M,0.011452031055263533,14.0,0.0
GBRT,71,10,False,KernelSHAP,oxide_bandgap,0.06523469840113348,4.0,0.0
LR,71,10,False,PFI,electronegativity_M,0.031537472319940266,8.0,0.0
LR,71,10,False,PFI,electronegativity_Mprime,0.019206364198803505,12.0,0.0
LR,71,10,False,PFI,ionization_M,0.026968397779794994,9.0,0.0
LR,71,10,False,PFI,ionization_Mprime,0.014587997203899047,13.0,0.0
LR,71,10,False,PFI,radius_M,0.0269444872101811,10.0,0.0
LR,71,10,False,PFI,radius_Mprime,0.10779982925745839,3.0,1.0
LR,71,10,False,PFI,oxide_enthalpy_M,0.06082186027160986,6.0,0.0
LR,71,10,False,PFI,oxide_enthalpy_Mprime,0.06943047244195971,4.0,0.0
LR,71,10,False,PFI,mixing_enthalpy,0.0652138508986021,5.0,0.0
LR,71,10,False,PFI,sublimation_M,0.021090177428895802,11.0,0.0
LR,71,10,False,PFI,sublimation_Mprime,0.013284941636211935,14.0,0.0
LR,71,10,False,PFI,surface_energy_M,0.5926110827514872,1.0,1.0
LR,71,10,False,PFI,electron_density_M,0.16417661317365392,2.0,1.0
LR,71,10,False,PFI,oxide_bandgap,0.05718203804605281,7.0,0.0
LR,71,10,False,KernelSHAP,electronegativity_M,0.09871413679376158,11.0,0.0
LR,71,10,False,KernelSHAP,electronegativity_Mprime,0.057820845839705357,13.0,0.0
LR,71,10,False,KernelSHAP,ionization_M,0.1012629386242025,9.0,0.0
LR,71,10,False,KernelSHAP,ionization_Mprime,0.040201949069143254,14.0,0.0
LR,71,10,False,KernelSHAP,radius_M,0.08478947964588163,12.0,0.0
LR,71,10,False,KernelSHAP,radius_Mprime,0.24835079594794834,2.0,1.0
LR,71,10,False,KernelSHAP,oxide_enthalpy_M,0.13343634682984534,5.0,0.0
LR,71,10,False,KernelSHAP,oxide_enthalpy_Mprime,0.17724879278058778,4.0,0.0
LR,71,10,False,KernelSHAP,mixing_enthalpy,0.11285764976334299,8.0,0.0
LR,71,10,False,KernelSHAP,sublimation_M,0.09969193318343049,10.0,0.0
LR,71,10,False,KernelSHAP,sublimation_Mprime,0.11716259413212232,7.0,0.0
LR,71,10,False,KernelSHAP,surface_energy_M,0.5375802214153497,1.0,1.0
LR,71,10,False,KernelSHAP,electron_density_M,0.20905826757308124,3.0,1.0
LR,71,10,False,KernelSHAP,oxide_bandgap,0.12426331779989432,6.0,0.0
RF,71,10,False,PFI,electronegativity_M,0.0028167649022299446,8.0,0.0
RF,71,10,False,PFI,electronegativity_Mprime,0.0015320963912057847,10.0,0.0
RF,71,10,False,PFI,ionization_M,0.0006012423574890416,11.0,0.0
RF,71,10,False,PFI,ionization_Mprime,-0.00018125136247030781,12.0,0.0
RF,71,10,False,PFI,radius_M,0.019205263656832276,5.0,0.0
RF,71,10,False,PFI,radius_Mprime,-0.0008806857249487772,14.0,0.0
RF,71,10,False,PFI,oxide_enthalpy_M,0.026688982461461803,2.0,1.0
RF,71,10,False,PFI,oxide_enthalpy_Mprime,0.0024685957840833513,9.0,0.0
RF,71,10,False,PFI,mixing_enthalpy,0.003902803823902805,7.0,0.0
RF,71,10,False,PFI,sublimation_M,0.023188866106757418,3.0,1.0
RF,71,10,False,PFI,sublimation_Mprime,-0.00034508107114853575,13.0,0.0
RF,71,10,False,PFI,surface_energy_M,0.07067507276072532,1.0,1.0
RF,71,10,False,PFI,electron_density_M,0.007551649828603568,6.0,0.0
RF,71,10,False,PFI,oxide_bandgap,0.022336740402028377,4.0,0.0
RF,71,10,False,KernelSHAP,electronegativity_M,0.015381679347178477,11.0,0.0
RF,71,10,False,KernelSHAP,electronegativity_Mprime,0.04152731697999296,6.0,0.0
RF,71,10,False,KernelSHAP,ionization_M,0.0091391725258311,12.0,0.0
RF,71,10,False,KernelSHAP,ionization_Mprime,0.006797792891501034,14.0,0.0
RF,71,10,False,KernelSHAP,radius_M,0.07035353158748107,4.0,0.0
RF,71,10,False,KernelSHAP,radius_Mprime,0.030197572325353656,9.0,0.0
RF,71,10,False,KernelSHAP,oxide_enthalpy_M,0.07960988270743458,3.0,1.0
RF,71,10,False,KernelSHAP,oxide_enthalpy_Mprime,0.037271162071352296,8.0,0.0
RF,71,10,False,KernelSHAP,mixing_enthalpy,0.02297014180454471,10.0,0.0
RF,71,10,False,KernelSHAP,sublimation_M,0.09508908038392988,2.0,1.0
RF,71,10,False,KernelSHAP,sublimation_Mprime,0.007806816376843029,13.0,0.0
RF,71,10,False,KernelSHAP,surface_energy_M,0.1319885408037181,1.0,1.0
RF,71,10,False,KernelSHAP,electron_density_M,0.038736635164626644,7.0,0.0
RF,71,10,False,KernelSHAP,oxide_bandgap,0.06127471201150864,5.0,0.0
SVR,71,10,False,PFI,electronegativity_M,0.05031212140985055,4.0,0.0
SVR,71,10,False,PFI,electronegativity_Mprime,0.013796618197234193,9.0,0.0
SVR,71,10,False,PFI,ionization_M,0.003834793122659699,13.0,0.0
SVR,71,10,False,PFI,ionization_Mprime,0.011119334008613717,11.0,0.0
SVR,71,10,False,PFI,radius_M,0.053987005913968975,3.0,1.0
SVR,71,10,False,PFI,radius_Mprime,0.02289570380206769,8.0,0.0
SVR,71,10,False,PFI,oxide_enthalpy_M,0.12612558251104225,2.0,1.0
SVR,71,10,False,PFI,oxide_enthalpy_Mprime,0.027276775187760016,7.0,0.0
SVR,71,10,False,PFI,mixing_enthalpy,0.03625516180254121,6.0,0.0
SVR,71,10,False,PFI,sublimation_M,0.010708946980483053,12.0,0.0
SVR,71,10,False,PFI,sublimation_Mprime,-0.0006041186508866398,14.0,0.0
SVR,71,10,False,PFI,surface_energy_M,0.19594537651526472,1.0,1.0
SVR,71,10,False,PFI,electron_density_M,0.01179626008212006,10.0,0.0
SVR,71,10,False,PFI,oxide_bandgap,0.046895236558956534,5.0,0.0
SVR,71,10,False,KernelSHAP,electronegativity_M,0.1231953559570395,4.0,0.0
SVR,71,10,False,KernelSHAP,electronegativity_Mprime,0.056729347359121524,10.0,0.0
SVR,71,10,False,KernelSHAP,ionization_M,0.06495956389378703,9.0,0.0
SVR,71,10,False,KernelSHAP,ionization_Mprime,0.025973399827126258,14.0,0.0
SVR,71,10,False,KernelSHAP,radius_M,0.13175031105679025,3.0,1.0
SVR,71,10,False,KernelSHAP,radius_Mprime,0.08630318175443119,7.0,0.0
SVR,71,10,False,KernelSHAP,oxide_enthalpy_M,0.1908573285505,2.0,1.0
SVR,71,10,False,KernelSHAP,oxide_enthalpy_Mprime,0.1025481128770976,6.0,0.0
SVR,71,10,False,KernelSHAP,mixing_enthalpy,0.08141984449923137,8.0,0.0
SVR,71,10,False,KernelSHAP,sublimation_M,0.050946847114545564,12.0,0.0
SVR,71,10,False,KernelSHAP,sublimation_Mprime,0.038443667568053334,13.0,0.0
SVR,71,10,False,KernelSHAP,surface_energy_M,0.29353667757296986,1.0,1.0
SVR,71,10,False,KernelSHAP,electron_density_M,0.05597875161402482,11.0,0.0
SVR,71,10,False,KernelSHAP,oxide_bandgap,0.10727964279091246,5.0,0.0
GBRT,71,11,False,PFI,electronegativity_M,0.002782927881717513,10.0,0.0
GBRT,71,11,False,PFI,electronegativity_Mprime,0.0017321410884023564,11.0,0.0
GBRT,71,11,False,PFI,ionization_M,0.004947852008699279,8.0,0.0
GBRT,71,11,False,PFI,ionization_Mprime,-0.00031326308618452695,13.0,0.0
GBRT,71,11,False,PFI,radius_M,0.0005197213674235454,12.0,0.0
GBRT,71,11,False,PFI,radius_Mprime,0.003374016908215932,9.0,0.0
GBRT,71,11,False,PFI,oxide_enthalpy_M,0.041566953040927966,3.0,1.0
GBRT,71,11,False,PFI,oxide_enthalpy_Mprime,0.006966588567390573,7.0,0.0
GBRT,71,11,False,PFI,mixing_enthalpy,0.013815115522564543,4.0,0.0
GBRT,71,11,False,PFI,sublimation_M,0.04415732806665838,2.0,1.0
GBRT,71,11,False,PFI,sublimation_Mprime,-0.0005332242345150255,14.0,0.0
GBRT,71,11,False,PFI,surface_energy_M,0.2014806389727105,1.0,1.0
GBRT,71,11,False,PFI,electron_density_M,0.009441860380163695,6.0,0.0
GBRT,71,11,False,PFI,oxide_bandgap,0.011460748529355113,5.0,0.0
GBRT,71,11,False,KernelSHAP,electronegativity_M,0.04542982270344386,6.0,0.0
GBRT,71,11,False,KernelSHAP,electronegativity_Mprime,0.03010921957839023,10.0,0.0
GBRT,71,11,False,KernelSHAP,ionization_M,0.030703589631954315,9.0,0.0
GBRT,71,11,False,KernelSHAP,ionization_Mprime,0.016769031229861633,12.0,0.0
GBRT,71,11,False,KernelSHAP,radius_M,0.005688044779152464,14.0,0.0
GBRT,71,11,False,KernelSHAP,radius_Mprime,0.04130374553910675,8.0,0.0
GBRT,71,11,False,KernelSHAP,oxide_enthalpy_M,0.09635692407826267,3.0,1.0
GBRT,71,11,False,KernelSHAP,oxide_enthalpy_Mprime,0.04439108544139129,7.0,0.0
GBRT,71,11,False,KernelSHAP,mixing_enthalpy,0.0615314505629018,4.0,0.0
GBRT,71,11,False,KernelSHAP,sublimation_M,0.14271937892906048,2.0,1.0
GBRT,71,11,False,KernelSHAP,sublimation_Mprime,0.013544449665894864,13.0,0.0
GBRT,71,11,False,KernelSHAP,surface_energy_M,0.2791790857021415,1.0,1.0
GBRT,71,11,False,KernelSHAP,electron_density_M,0.017504029621734047,11.0,0.0
GBRT,71,11,False,KernelSHAP,oxide_bandgap,0.06100789494877014,5.0,0.0
LR,71,11,False,PFI,electronegativity_M,0.015599024882140832,12.0,0.0
LR,71,11,False,PFI,electronegativity_Mprime,0.009673236728440103,14.0,0.0
LR,71,11,False,PFI,ionization_M,0.03690781939994713,8.0,0.0
LR,71,11,False,PFI,ionization_Mprime,0.013349099330744614,13.0,0.0
LR,71,11,False,PFI,radius_M,0.05634377880888916,5.0,0.0
LR,71,11,False,PFI,radius_Mprime,0.04917527520564638,6.0,0.0
LR,71,11,False,PFI,oxide_enthalpy_M,0.09455820913329593,3.0,1.0
LR,71,11,False,PFI,oxide_enthalpy_Mprime,0.0712883255354055,4.0,0.0
LR,71,11,False,PFI,mixing_enthalpy,0.02277798036914182,10.0,0.0
LR,71,11,False,PFI,sublimation_M,0.04213897681465759,7.0,0.0
LR,71,11,False,PFI,sublimation_Mprime,0.016394549453029313,11.0,0.0
LR,71,11,False,PFI,surface_energy_M,0.6596038774837267,1.0,1.0
LR,71,11,False,PFI,electron_density_M,0.1504381888783825,2.0,1.0
LR,71,11,False,PFI,oxide_bandgap,0.03206627154215742,9.0,0.0
LR,71,11,False,KernelSHAP,electronegativity_M,0.0776728434284583,11.0,0.0
LR,71,11,False,KernelSHAP,electronegativity_Mprime,0.05113602156805401,13.0,0.0
LR,71,11,False,KernelSHAP,ionization_M,0.10881584247032466,8.0,0.0
LR,71,11,False,KernelSHAP,ionization_Mprime,0.04403439596403836,14.0,0.0
LR,71,11,False,KernelSHAP,radius_M,0.1406281752797355,6.0,0.0
LR,71,11,False,KernelSHAP,radius_Mprime,0.16044747676689117,5.0,0.0
LR,71,11,False,KernelSHAP,oxide_enthalpy_M,0.1988106638931288,3.0,1.0
LR,71,11,False,KernelSHAP,oxide_enthalpy_Mprime,0.17269766533849462,4.0,0.0
LR,71,11,False,KernelSHAP,mixing_enthalpy,0.06288817647850367,12.0,0.0
LR,71,11,False,KernelSHAP,sublimation_M,0.1332573765914444,7.0,0.0
LR,71,11,False,KernelSHAP,sublimation_Mprime,0.10813245076685138,9.0,0.0
LR,71,11,False,KernelSHAP,surface_energy_M,0.5515717873950244,1.0,1.0
LR,71,11,False,KernelSHAP,electron_density_M,0.21085074234639503,2.0,1.0
LR,71,11,False,KernelSHAP,oxide_bandgap,0.08642906574130499,10.0,0.0
RF,71,11,False,PFI,electronegativity_M,-0.001582951620174935,13.0,0.0
RF,71,11,False,PFI,electronegativity_Mprime,-0.001824747524680326,14.0,0.0
RF,71,11,False,PFI,ionization_M,1.278259207202273e-05,10.0,0.0
RF,71,11,False,PFI,ionization_Mprime,0.0006060457666578072,9.0,0.0
RF,71,11,False,PFI,radius_M,0.008852241494360032,4.0,0.0
RF,71,11,False,PFI,radius_Mprime,-0.0012119638000261267,12.0,0.0
RF,71,11,False,PFI,oxide_enthalpy_M,0.03495438539808502,2.0,1.0
RF,71,11,False,PFI,oxide_enthalpy_Mprime,0.0010320355947501325,8.0,0.0
RF,71,11,False,PFI,mixing_enthalpy,0.008026405978797006,6.0,0.0
RF,71,11,False,PFI,sublimation_M,0.021435573705415926,3.0,1.0
RF,71,11,False,PFI,sublimation_Mprime,-0.0004273711224964503,11.0,0.0
RF,71,11,False,PFI,surface_energy_M,0.07779249976059828,1.0,1.0
RF,71,11,False,PFI,electron_density_M,0.008358361006025852,5.0,0.0
RF,71,11,False,PFI,oxide_bandgap,0.006482334860468299,7.0,0.0
RF,71,11,False,KernelSHAP,electronegativity_M,0.03609366445426064,7.0,0.0
RF,71,11,False,KernelSHAP,electronegativity_Mprime,0.023791034306006913,9.0,0.0
RF,71,11,False,KernelSHAP,ionization_M,0.010875229310240458,12.0,0.0
RF,71,11,False,KernelSHAP,ionization_Mprime,0.006984525515829398,14.0,0.0
RF,71,11,False,KernelSHAP,radius_M,0.029042414413143043,8.0,0.0
RF,71,11,False,KernelSHAP,radius_Mprime,0.012504006375376532,11.0,0.0
RF,71,11,False,KernelSHAP,oxide_enthalpy_M,0.07986411357216942,3.0,1.0
RF,71,11,False,KernelSHAP,oxide_enthalpy_Mprime,0.015883141744434465,10.0,0.0
RF,71,11,False,KernelSHAP,mixing_enthalpy,0.05443183476465616,5.0,0.0
RF,71,11,False,KernelSHAP,sublimation_M,0.10812598903717335,2.0,1.0
RF,71,11,False,KernelSHAP,sublimation_Mprime,0.010197436452596216,13.0,0.0
RF,71,11,False,KernelSHAP,surface_energy_M,0.18257361895535845,1.0,1.0
RF,71,11,False,KernelSHAP,electron_density_M,0.07137239975354842,4.0,0.0
RF,71,11,False,KernelSHAP,oxide_bandgap,0.0415574572224035,6.0,0.0
SVR,71,11,False,PFI,electronegativity_M,0.026055370026184885,7.0,0.0
SVR,71,11,False,PFI,electronegativity_Mprime,0.010100334582287927,10.0,0.0
SVR,71,11,False,PFI,ionization_M,0.00784859541755213,12.0,0.0
SVR,71,11,False,PFI,ionization_Mprime,0.018562997048144937,8.0,0.0
SVR,71,11,False,PFI,radius_M,0.05668577418827397,3.0,1.0
SVR,71,11,False,PFI,radius_Mprime,0.030622146123822355,5.0,0.0
SVR,71,11,False,PFI,oxide_enthalpy_M,0.1138327373404487,2.0,1.0
SVR,71,11,False,PFI,oxide_enthalpy_Mprime,0.014490291148775574,9.0,0.0
SVR,71,11,False,PFI,mixing_enthalpy,0.008939552016259454,11.0,0.0
SVR,71,11,False,PFI,sublimation_M,0.052453453618215774,4.0,0.0
SVR,71,11,False,PFI,sublimation_Mprime,6.824922550139438e-05,13.0,0.0
SVR,71,11,False,PFI,surface_energy_M,0.1799133412362738,1.0,1.0
SVR,71,11,False,PFI,electron_density_M,-0.0005579702028927888,14.0,0.0
SVR,71,11,False,PFI,oxide_bandgap,0.027736416933386375,6.0,0.0
SVR,71,11,False,KernelSHAP,electronegativity_M,0.08779579986561364,6.0,0.0
SVR,71,11,False,KernelSHAP,electronegativity_Mprime,0.022838104956709553,13.0,0.0
SVR,71,11,False,KernelSHAP,ionization_M,0.043812237557261546,9.0,0.0
SVR,71,11,False,KernelSHAP,ionization_Mprime,0.04131485434284828,10.0,0.0
SVR,71,11,False,KernelSHAP,radius_M,0.12970041360702753,4.0,0.0
SVR,71,11,False,KernelSHAP,radius_Mprime,0.09997281980350002,5.0,0.0
SVR,71,11,False,KernelSHAP,oxide_enthalpy_M,0.197247180495767,2.0,1.0
SVR,71,11,False,KernelSHAP,oxide_enthalpy_Mprime,0.06566979725146388,8.0,0.0
SVR,71,11,False,KernelSHAP,mixing_enthalpy,0.031360320589695574,11.0,0.0
SVR,71,11,False,KernelSHAP,sublimation_M,0.14679418197485003,3.0,1.0
SVR,71,11,False,KernelSHAP,sublimation_Mprime,0.026485829075046888,12.0,0.0
SVR,71,11,False,KernelSHAP,surface_energy_M,0.2939382955601411,1.0,1.0
SVR,71,11,False,KernelSHAP,electron_density_M,0.02145313274278572,14.0,0.0
SVR,71,11,False,KernelSHAP,oxide_bandgap,0.07346677433131654,7.0,0.0
GBRT,71,12,False,PFI,electronegativity_M,0.004325894905475484,8.0,0.0
GBRT,71,12,False,PFI,electronegativity_Mprime,0.015026450881967439,4.0,0.0
GBRT,71,12,False,PFI,ionization_M,0.004360196129020464,7.0,0.0
GBRT,71,12,False,PFI,ionization_Mprime,0.0009861555194838228,12.0,0.0
GBRT,71,12,False,PFI,radius_M,-0.0004951515735114503,13.0,0.0
GBRT,71,12,False,PFI,radius_Mprime,0.002924340138805289,10.0,0.0
GBRT,71,12,False,PFI,oxide_enthalpy_M,0.0483215100357199,2.0,1.0
GBRT,71,12,False,PFI,oxide_enthalpy_Mprime,0.002403355764949722,11.0,0.0
GBRT,71,12,False,PFI,mixing_enthalpy,0.011612020625547292,6.0,0.0
GBRT,71,12,False,PFI,sublimation_M,0.014638931418855257,5.0,0.0
GBRT,71,12,False,PFI,sublimation_Mprime,-0.000660019633913915,14.0,0.0
GBRT,71,12,False,PFI,surface_energy_M,0.2041954626240816,1.0,1.0
GBRT,71,12,False,PFI,electron_density_M,0.003938621798140573,9.0,0.0
GBRT,71,12,False,PFI,oxide_bandgap,0.02672597364175006,3.0,1.0
GBRT,71,12,False,KernelSHAP,electronegativity_M,0.028955501096126386,9.0,0.0
GBRT,71,12,False,KernelSHAP,electronegativity_Mprime,0.08811229209695216,6.0,0.0
GBRT,71,12,False,KernelSHAP,ionization_M,0.035433990043633,8.0,0.0
GBRT,71,12,False,KernelSHAP,ionization_Mprime,0.009502779512471232,13.0,0.0
GBRT,71,12,False,KernelSHAP,radius_M,0.01990759673788936,12.0,0.0
GBRT,71,12,False,KernelSHAP,radius_Mprime,0.026930611484877354,10.0,0.0
GBRT,71,12,False,KernelSHAP,oxide_enthalpy_M,0.11886822623059753,2.0,1.0
GBRT,71,12,False,KernelSHAP,oxide_enthalpy_Mprime,0.08836840649167538,5.0,0.0
GBRT,71,12,False,KernelSHAP,mixing_enthalpy,0.03984460447004496,7.0,0.0
GBRT,71,12,False,KernelSHAP,sublimation_M,0.0994901281790295,3.0,1.0
GBRT,71,12,False,KernelSHAP,sublimation_Mprime,0.022271443668115166,11.0,0.0
GBRT,71,12,False,KernelSHAP,surface_energy_M,0.29202393894455086,1.0,1.0
GBRT,71,12,False,KernelSHAP,electron_density_M,0.009365665734207489,14.0,0.0
GBRT,71,12,False,KernelSHAP,oxide_bandgap,0.09625683166079524,4.0,0.0
LR,71,12,False,PFI,electronegativity_M,0.0028979745769492043,12.0,0.0
LR,71,12,False,PFI,electronegativity_Mprime,-0.004544113861392487,14.0,0.0
LR,71,12,False,PFI,ionization_M,0.023360350224625438,8.0,0.0
LR,71,12,False,PFI,ionization_Mprime,0.01098636114913978,9.0,0.0
LR,71,12,False,PFI,radius_M,0.03224362695940178,5.0,0.0
LR,71,12,False,PFI,radius_Mprime,-0.00010191122115388052,13.0,0.0
LR,71,12,False,PFI,oxide_enthalpy_M,0.16829966260043874,2.0,1.0
LR,71,12,False,PFI,oxide_enthalpy_Mprime,0.11983354177567782,3.0,1.0
LR,71,12,False,PFI,mixing_enthalpy,0.029218902600609917,6.0,0.0
LR,71,12,False,PFI,sublimation_M,0.0046888282955419415,11.0,0.0
LR,71,12,False,PFI,sublimation_Mprime,0.029034345150955286,7.0,0.0
LR,71,12,False,PFI,surface_energy_M,0.5230594921851197,1.0,1.0
LR,71,12,False,PFI,electron_density_M,0.05388997701867466,4.0,0.0
LR,71,12,False,PFI,oxide_bandgap,0.0049965966014467655,10.0,0.0
LR,71,12,False,KernelSHAP,electronegativity_M,0.06059268253370458,10.0,0.0
LR,71,12,False,KernelSHAP,electronegativity_Mprime,0.05995556047061544,11.0,0.0
LR,71,12,False,KernelSHAP,ionization_M,0.0982784776016258,6.0,0.0
LR,71,12,False,KernelSHAP,ionization_Mprime,0.038640406321351115,13.0,0.0
LR,71,12,False,KernelSHAP,radius_M,0.09224377256240548,7.0,0.0
LR,71,12,False,KernelSHAP,radius_Mprime,0.061116016401572874,9.0,0.0
LR,71,12,False,KernelSHAP,oxide_enthalpy_M,0.2643368437189322,2.0,1.0
LR,71,12,False,KernelSHAP,oxide_enthalpy_Mprime,0.22715470651216682,3.0,1.0
LR,71,12,False,KernelSHAP,mixing_enthalpy,0.06560360286687483,8.0,0.0
LR,71,12,False,KernelSHAP,sublimation_M,0.05535082137539716,12.0,0.0
LR,71,12,False,KernelSHAP,sublimation_Mprime,0.16585283222672503,4.0,0.0
LR,71,12,False,KernelSHAP,surface_energy_M,0.5090864370697001,1.0,1.0
LR,71,12,False,KernelSHAP,electron_density_M,0.10731760305278089,5.0,0.0
LR,71,12,False,KernelSHAP,oxide_bandgap,0.03381879288670678,14.0,0.0
RF,71,12,False,PFI,electronegativity_M,0.004658093635296756,8.0,0.0
RF,71,12,False,PFI,electronegativity_Mprime,-0.0017316064677466796,13.0,0.0
RF,71,12,False,PFI,ionization_M,0.0012262134873421253,9.0,0.0
RF,71,12,False,PFI,ionization_Mprime,-0.0018621828728961024,14.0,0.0
RF,71,12,False,PFI,radius_M,0.007779256912370854,6.0,0.0
RF,71,12,False,PFI,radius_Mprime,0.00019776915267875778,11.0,0.0
RF,71,12,False,PFI,oxide_enthalpy_M,0.03507719831113223,3.0,1.0
RF,71,12,False,PFI,oxide_enthalpy_Mprime,0.00033723401043449875,10.0,0.0
RF,71,12,False,PFI,mixing_enthalpy,0.011092963904707875,5.0,0.0
RF,71,12,False,PFI,sublimation_M,0.04146058390077086,2.0,1.0
RF,71,12,False,PFI,sublimation_Mprime,-0.00025137856246673537,12.0,0.0
RF,71,12,False,PFI,surface_energy_M,0.11552524730162644,1.0,1.0
RF,71,12,False,PFI,electron_density_M,0.005715221945533634,7.0,0.0
RF,71,12,False,PFI,oxide_bandgap,0.018553359752248456,4.0,0.0
RF,71,12,False,KernelSHAP,electronegativity_M,0.024415352391970943,9.0,0.0
RF,71,12,False,KernelSHAP,electronegativity_Mprime,0.03309450947577316,8.0,0.0
RF,71,12,False,KernelSHAP,ionization_M,0.005933118376208683,14.0,0.0
RF,71,12,False,KernelSHAP,ionization_Mprime,0.008468067160956806,13.0,0.0
RF,71,12,False,KernelSHAP,radius_M,0.01702415781994452,11.0,0.0
RF,71,12,False,KernelSHAP,radius_Mprime,0.023701457487748274,10.0,0.0
RF,71,12,False,KernelSHAP,oxide_enthalpy_M,0.07536392653172079,3.0,1.0
RF,71,12,False,KernelSHAP,oxide_enthalpy_Mprime,0.035837255334646684,7.0,0.0
RF,71,12,False,KernelSHAP,mixing_enthalpy,0.054219416950362656,5.0,0.0
RF,71,12,False,KernelSHAP,sublimation_M,0.10119003091828742,2.0,1.0
RF,71,12,False,KernelSHAP,sublimation_Mprime,0.01562470701070444,12.0,0.0
RF,71,12,False,KernelSHAP,surface_energy_M,0.18586642662412525,1.0,1.0
RF,71,12,False,KernelSHAP,electron_density_M,0.038536093449684165,6.0,0.0
RF,71,12,False,KernelSHAP,oxide_bandgap,0.058353019705500095,4.0,0.0
SVR,71,12,False,PFI,electronegativity_M,0.06203088032328865,3.0,1.0
SVR,71,12,False,PFI,electronegativity_Mprime,0.015884012150551553,10.0,0.0
SVR,71,12,False,PFI,ionization_M,0.01105715360313935,12.0,0.0
SVR,71,12,False,PFI,ionization_Mprime,0.02864409839977659,6.0,0.0
SVR,71,12,False,PFI,radius_M,0.049616930863002597,5.0,0.0
SVR,71,12,False,PFI,radius_Mprime,0.0016635712411660825,14.0,0.0
SVR,71,12,False,PFI,oxide_enthalpy_M,0.18396214951005355,2.0,1.0
SVR,71,12,False,PFI,oxide_enthalpy_Mprime,0.05004396535897457,4.0,0.0
SVR,71,12,False,PFI,mixing_enthalpy,0.016641332115577036,8.0,0.0
SVR,71,12,False,PFI,sublimation_M,0.01641861286638197,9.0,0.0
SVR,71,12,False,PFI,sublimation_Mprime,0.019319405645754125,7.0,0.0
SVR,71,12,False,PFI,surface_energy_M,0.18687645469429892,1.0,1.0
SVR,71,12,False,PFI,electron_density_M,0.01023536966650878,13.0,0.0
SVR,71,12,False,PFI,oxide_bandgap,0.01407801069805948,11.0,0.0
SVR,71,12,False,KernelSHAP,electronegativity_M,0.1078852841615637,5.0,0.0
SVR,71,12,False,KernelSHAP,electronegativity_Mprime,0.07809966624185906,7.0,0.0
SVR,71,12,False,KernelSHAP,ionization_M,0.10450510995527659,6.0,0.0
SVR,71,12,False,KernelSHAP,ionization_Mprime,0.04029294931042451,13.0,0.0
SVR,71,12,False,KernelSHAP,radius_M,0.13923553299141364,4.0,0.0
SVR,71,12,False,KernelSHAP,radius_Mprime,0.03433454226460817,14.0,0.0
SVR,71,12,False,KernelSHAP,oxide_enthalpy_M,0.24749339882292365,2.0,1.0
SVR,71,12,False,KernelSHAP,oxide_enthalpy_Mprime,0.16400737604139293,3.0,1.0
SVR,71,12,False,KernelSHAP,mixing_enthalpy,0.0656719063500403,11.0,0.0
SVR,71,12,False,KernelSHAP,sublimation_M,0.07668263730010043,8.0,0.0
SVR,71,12,False,KernelSHAP,sublimation_Mprime,0.06669481173121117,9.0,0.0
SVR,71,12,False,KernelSHAP,surface_energy_M,0.2868486359775131,1.0,1.0
SVR,71,12,False,KernelSHAP,electron_density_M,0.06663319157511267,10.0,0.0
SVR,71,12,False,KernelSHAP,oxide_bandgap,0.056698497143315686,12.0,0.0
GBRT,71,13,False,PFI,electronegativity_M,0.0009022021471167772,7.0,0.0
GBRT,71,13,False,PFI,electronegativity_Mprime,-0.01222337922343703,14.0,0.0
GBRT,71,13,False,PFI,ionization_M,0.0003666748469566665,8.0,0.0
GBRT,71,13,False,PFI,ionization_Mprime,-0.0009114690754921301,9.0,0.0
GBRT,71,13,False,PFI,radius_M,-0.002165089300687788,12.0,0.0
GBRT,71,13,False,PFI,radius_Mprime,-0.0015561396110150385,11.0,0.0
GBRT,71,13,False,PFI,oxide_enthalpy_M,0.02813422856319286,3.0,1.0
GBRT,71,13,False,PFI,oxide_enthalpy_Mprime,-0.0010343630363419995,10.0,0.0
GBRT,71,13,False,PFI,mixing_enthalpy,0.012374886456041496,4.0,0.0
GBRT,71,13,False,PFI,sublimation_M,0.06711084633459914,2.0,1.0
GBRT,71,13,False,PFI,sublimation_Mprime,-0.002552663327050783,13.0,0.0
GBRT,71,13,False,PFI,surface_energy_M,0.08856031585993938,1.0,1.0
GBRT,71,13,False,PFI,electron_density_M,0.007123465474555727,6.0,0.0
GBRT,71,13,False,PFI,oxide_bandgap,0.010535593421848023,5.0,0.0
GBRT,71,13,False,KernelSHAP,electronegativity_M,0.014987725079683252,10.0,0.0
GBRT,71,13,False,KernelSHAP,electronegativity_Mprime,0.10166824655744058,3.0,1.0
GBRT,71,13,False,KernelSHAP,ionization_M,0.009286630503706823,14.0,0.0
GBRT,71,13,False,KernelSHAP,ionization_Mprime,0.03784114846203841,8.0,0.0
GBRT,71,13,False,KernelSHAP,radius_M,0.010085686316499764,13.0,0.0
GBRT,71,13,False,KernelSHAP,radius_Mprime,0.026061154702895703,9.0,0.0
GBRT,71,13,False,KernelSHAP,oxide_enthalpy_M,0.08663427625708692,4.0,0.0
GBRT,71,13,False,KernelSHAP,oxide_enthalpy_Mprime,0.07974907324028456,6.0,0.0
GBRT,71,13,False,KernelSHAP,mixing_enthalpy,0.062085631157702936,7.0,0.0
GBRT,71,13,False,KernelSHAP,sublimation_M,0.19098605022783047,1.0,1.0
GBRT,71,13,False,KernelSHAP,sublimation_Mprime,0.01234263039407543,12.0,0.0
GBRT,71,13,False,KernelSHAP,surface_energy_M,0.1872743492945604,2.0,1.0
GBRT,71,13,False,KernelSHAP,electron_density_M,0.0131597052271403,11.0,0.0
GBRT,71,13,False,KernelSHAP,oxide_bandgap,0.08131600521780603,5.0,0.0
LR,71,13,False,PFI,electronegativity_M,0.02326496500445293,10.0,0.0
LR,71,13,False,PFI,electronegativity_Mprime,-0.0050081207919340925,14.0,0.0
LR,71,13,False,PFI,ionization_M,0.03513120247926481,8.0,0.0
LR,71,13,False,PFI,ionization_Mprime,0.012824878932492102,13.0,0.0
LR,71,13,False,PFI,radius_M,0.08406948742536421,5.0,0.0
LR,71,13,False,PFI,radius_Mprime,0.016561873744729165,11.0,0.0
LR,71,13,False,PFI,oxide_enthalpy_M,0.04942951554336508,7.0,0.0
LR,71,13,False,PFI,oxide_enthalpy_Mprime,0.11042323133363732,3.0,1.0
LR,71,13,False,PFI,mixing_enthalpy,0.0853365551147857,4.0,0.0
LR,71,13,False,PFI,sublimation_M,0.06901248225445382,6.0,0.0
LR,71,13,False,PFI,sublimation_Mprime,0.03443776292068892,9.0,0.0
LR,71,13,False,PFI,surface_energy_M,1.1197708633425498,1.0,1.0
LR,71,13,False,PFI,electron_density_M,0.4788200898651086,2.0,1.0
LR,71,13,False,PFI,oxide_bandgap,0.016021834205263697,12.0,0.0
LR,71,13,False,KernelSHAP,electronegativity_M,0.08658724851026305,11.0,0.0
LR,71,13,False,KernelSHAP,electronegativity_Mprime,0.04159490330549708,13.0,0.0
LR,71,13,False,KernelSHAP,ionization_M,0.10509318021868085,10.0,0.0
LR,71,13,False,KernelSHAP,ionization_Mprime,0.03914013984616472,14.0,0.0
LR,71,13,False,KernelSHAP,radius_M,0.18335602514196556,4.0,0.0
LR,71,13,False,KernelSHAP,radius_Mprime,0.12531177430150384,8.0,0.0
LR,71,13,False,KernelSHAP,oxide_enthalpy_M,0.12211697443399326,9.0,0.0
LR,71,13,False,KernelSHAP,oxide_enthalpy_Mprime,0.23308479734784912,3.0,1.0
LR,71,13,False,KernelSHAP,mixing_enthalpy,0.13382993331393023,7.0,0.0
LR,71,13,False,KernelSHAP,sublimation_M,0.16574775403633682,5.0,0.0
LR,71,13,False,KernelSHAP,sublimation_Mprime,0.15485081239121387,6.0,0.0
LR,71,13,False,KernelSHAP,surface_energy_M,0.7091426584887406,1.0,1.0
LR,71,13,False,KernelSHAP,electron_density_M,0.3915975275911674,2.0,1.0
LR,71,13,False,KernelSHAP,oxide_bandgap,0.06287078237981775,12.0,0.0
RF,71,13,False,PFI,electronegativity_M,0.0018859333265315388,9.0,0.0
RF,71,13,False,PFI,electronegativity_Mprime,-0.004696536927348528,13.0,0.0
RF,71,13,False,PFI,ionization_M,0.0027994061979710843,8.0,0.0
RF,71,13,False,PFI,ionization_Mprime,-0.006153233645748179,14.0,0.0
RF,71,13,False,PFI,radius_M,0.004004084161889869,6.0,0.0
RF,71,13,False,PFI,radius_Mprime,-0.004255156099267951,12.0,0.0
RF,71,13,False,PFI,oxide_enthalpy_M,0.0253696608513425,3.0,1.0
RF,71,13,False,PFI,oxide_enthalpy_Mprime,0.0014526944795893958,10.0,0.0
RF,71,13,False,PFI,mixing_enthalpy,0.004082141870344813,5.0,0.0
RF,71,13,False,PFI,sublimation_M,0.05152409486080449,2.0,1.0
RF,71,13,False,PFI,sublimation_Mprime,-0.0017917504468996548,11.0,0.0
RF,71,13,False,PFI,surface_energy_M,0.05653736475974158,1.0,1.0
RF,71,13,False,PFI,electron_density_M,0.0029242620245927492,7.0,0.0
RF,71,13,False,PFI,oxide_bandgap,0.01774578085052697,4.0,0.0
RF,71,13,False,KernelSHAP,electronegativity_M,0.02145512043366378,10.0,0.0
RF,71,13,False,KernelSHAP,electronegativity_Mprime,0.049062445657098476,6.0,0.0
RF,71,13,False,KernelSHAP,ionization_M,0.005892639987348533,14.0,0.0
RF,71,13,False,KernelSHAP,ionization_Mprime,0.028170011540636235,9.0,0.0
RF,71,13,False,KernelSHAP,radius_M,0.019929731526491933,11.0,0.0
RF,71,13,False,KernelSHAP,radius_Mprime,0.044585932222352624,7.0,0.0
RF,71,13,False,KernelSHAP,oxide_enthalpy_M,0.07519210082416984,3.0,1.0
RF,71,13,False,KernelSHAP,oxide_enthalpy_Mprime,0.05103047460016648,5.0,0.0
RF,71,13,False,KernelSHAP,mixing_enthalpy,0.019316725546956633,12.0,0.0
RF,71,13,False,KernelSHAP,sublimation_M,0.14585052110350658,1.0,1.0
RF,71,13,False,KernelSHAP,sublimation_Mprime,0.00609134005358989,13.0,0.0
RF,71,13,False,KernelSHAP,surface_energy_M,0.11965139786957178,2.0,1.0
RF,71,13,False,KernelSHAP,electron_density_M,0.039381783200677374,8.0,0.0
RF,71,13,False,KernelSHAP,oxide_bandgap,0.05819423158356571,4.0,0.0
SVR,71,13,False,PFI,electronegativity_M,0.010024809959788354,9.0,0.0
SVR,71,13,False,PFI,electronegativity_Mprime,0.010915880943983861,8.0,0.0
SVR,71,13,False,PFI,ionization_M,0.004348897538331447,13.0,0.0
SVR,71,13,False,PFI,ionization_Mprime,0.0037117189398974894,14.0,0.0
SVR,71,13,False,PFI,radius_M,0.06432159030983887,3.0,1.0
SVR,71,13,False,PFI,radius_Mprime,0.05521264386626872,4.0,0.0
SVR,71,13,False,PFI,oxide_enthalpy_M,0.13510699043534966,2.0,1.0
SVR,71,13,False,PFI,oxide_enthalpy_Mprime,0.04463376845531982,5.0,0.0
SVR,71,13,False,PFI,mixing_enthalpy,0.025099245193494702,6.0,0.0
SVR,71,13,False,PFI,sublimation_M,0.00821764187897702,10.0,0.0
SVR,71,13,False,PFI,sublimation_Mprime,0.005632192019378081,11.0,0.0
SVR,71,13,False,PFI,surface_energy_M,0.2537881848407157,1.0,1.0
SVR,71,13,False,PFI,electron_density_M,0.004532508888723363,12.0,0.0
SVR,71,13,False,PFI,oxide_bandgap,0.016491637185214177,7.0,0.0
SVR,71,13,False,KernelSHAP,electronegativity_M,0.07458833896256678,10.0,0.0
SVR,71,13,False,KernelSHAP,electronegativity_Mprime,0.03371316549829387,11.0,0.0
SVR,71,13,False,KernelSHAP,ionization_M,0.031353913140695966,12.0,0.0
SVR,71,13,False,KernelSHAP,ionization_Mprime,0.02533978831333452,13.0,0.0
SVR,71,13,False,KernelSHAP,radius_M,0.13688546663186468,4.0,0.0
SVR,71,13,False,KernelSHAP,radius_Mprime,0.14284083582377322,3.0,1.0
SVR,71,13,False,KernelSHAP,oxide_enthalpy_M,0.21560829009103744,2.0,1.0
SVR,71,13,False,KernelSHAP,oxide_enthalpy_Mprime,0.13040194125981958,5.0,0.0
SVR,71,13,False,KernelSHAP,mixing_enthalpy,0.07789922760976703,9.0,0.0
SVR,71,13,False,KernelSHAP,sublimation_M,0.08612476955446487,6.0,0.0
SVR,71,13,False,KernelSHAP,sublimation_Mprime,0.07936513468033292,8.0,0.0
SVR,71,13,False,KernelSHAP,surface_energy_M,0.35008647489524547,1.0,1.0
SVR,71,13,False,KernelSHAP,electron_density_M,0.02226259246708512,14.0,0.0
SVR,71,13,False,KernelSHAP,oxide_bandgap,0.08555895560504251,7.0,0.0
GBRT,71,14,False,PFI,electronegativity_M,-0.0007795532929661318,12.0,0.0
GBRT,71,14,False,PFI,electronegativity_Mprime,-0.005395300329673143,14.0,0.0
GBRT,71,14,False,PFI,ionization_M,0.0037660558594677165,9.0,0.0
GBRT,71,14,False,PFI,ionization_Mprime,0.0006560123960350605,11.0,0.0
GBRT,71,14,False,PFI,radius_M,0.017090967743361832,4.0,0.0
GBRT,71,14,False,PFI,radius_Mprime,0.006611710647280439,7.0,0.0
GBRT,71,14,False,PFI,oxide_enthalpy_M,0.014606710069695434,6.0,0.0
GBRT,71,14,False,PFI,oxide_enthalpy_Mprime,0.0013431402067382505,10.0,0.0
GBRT,71,14,False,PFI,mixing_enthalpy,0.015728026748350544,5.0,0.0
GBRT,71,14,False,PFI,sublimation_M,0.028043148003938315,3.0,1.0
GBRT,71,14,False,PFI,sublimation_Mprime,-0.004559749394647844,13.0,0.0
GBRT,71,14,False,PFI,surface_energy_M,0.17006976480460353,1.0,1.0
GBRT,71,14,False,PFI,electron_density_M,0.00486320302032911,8.0,0.0
GBRT,71,14,False,PFI,oxide_bandgap,0.03767853402501582,2.0,1.0
GBRT,71,14,False,KernelSHAP,electronegativity_M,0.034820237862034184,9.0,0.0
GBRT,71,14,False,KernelSHAP,electronegativity_Mprime,0.04514399655456039,7.0,0.0
GBRT,71,14,False,KernelSHAP,ionization_M,0.008533911427622706,14.0,0.0
GBRT,71,14,False,KernelSHAP,ionization_Mprime,0.02066096773890511,11.0,0.0
GBRT,71,14,False,KernelSHAP,radius_M,0.06242742883754721,5.0,0.0
GBRT,71,14,False,KernelSHAP,radius_Mprime,0.04037237137833877,8.0,0.0
GBRT,71,14,False,KernelSHAP,oxide_enthalpy_M,0.058266168145272336,6.0,0.0
GBRT,71,14,False,KernelSHAP,oxide_enthalpy_Mprime,0.023228672882726738,10.0,0.0
GBRT,71,14,False,KernelSHAP,mixing_enthalpy,0.06590918808569526,4.0,0.0
GBRT,71,14,False,KernelSHAP,sublimation_M,0.15609826378394356,2.0,1.0
GBRT,71,14,False,KernelSHAP,sublimation_Mprime,0.020589191844685398,12.0,0.0
GBRT,71,14,False,KernelSHAP,surface_energy_M,0.22059281164043057,1.0,1.0
GBRT,71,14,False,KernelSHAP,electron_density_M,0.014903975031414822,13.0,0.0
GBRT,71,14,False,KernelSHAP,oxide_bandgap,0.1155812819734661,3.0,1.0
LR,71,14,False,PFI,electronegativity_M,-0.005282846867170036,14.0,0.0
LR,71,14,False,PFI,electronegativity_Mprime,0.014840902296492339,9.0,0.0
LR,71,14,False,PFI,ionization_M,0.01860892002911498,8.0,0.0
LR,71,14,False,PFI,ionization_Mprime,0.004500337681847784,12.0,0.0
LR,71,14,False,PFI,radius_M,0.03784610377069522,7.0,0.0
LR,71,14,False,PFI,radius_Mprime,0.06515918312334014,4.0,0.0
LR,71,14,False,PFI,oxide_enthalpy_M,0.11561099245775479,2.0,1.0
LR,71,14,False,PFI,oxide_enthalpy_Mprime,0.04332550890051553,6.0,0.0
LR,71,14,False,PFI,mixing_enthalpy,0.0051228287261470395,11.0,0.0
LR,71,14,False,PFI,sublimation_M,0.007720732165083627,10.0,0.0
LR,71,14,False,PFI,sublimation_Mprime,-0.0019935589880018183,13.0,0.0
LR,71,14,False,PFI,surface_energy_M,0.520502155855083,1.0,1.0
LR,71,14,False,PFI,electron_density_M,0.07604321038677823,3.0,1.0
LR,71,14,False,PFI,oxide_bandgap,0.0467196643316169,5.0,0.0
LR,71,14,False,KernelSHAP,electronegativity_M,0.053462326764782936,12.0,0.0
LR,71,14,False,KernelSHAP,electronegativity_Mprime,0.06740777425217732,10.0,0.0
LR,71,14,False,KernelSHAP,ionization_M,0.05961417918055386,11.0,0.0
LR,71,14,False,KernelSHAP,ionization_Mprime,0.022231290389184536,13.0,0.0
LR,71,14,False,KernelSHAP,radius_M,0.09230003918469877,8.0,0.0
LR,71,14,False,KernelSHAP,radius_Mprime,0.16189235300835997,3.0,1.0
LR,71,14,False,KernelSHAP,oxide_enthalpy_M,0.21677576546206184,2.0,1.0
LR,71,14,False,KernelSHAP,oxide_enthalpy_Mprime,0.10909868036443152,6.0,0.0
LR,71,14,False,KernelSHAP,mixing_enthalpy,0.01637059097473476,14.0,0.0
LR,71,14,False,KernelSHAP,sublimation_M,0.06992410336217987,9.0,0.0
LR,71,14,False,KernelSHAP,sublimation_Mprime,0.1079606549494946,7.0,0.0
LR,71,14,False,KernelSHAP,surface_energy_M,0.5344948472926965,1.0,1.0
LR,71,14,False,KernelSHAP,electron_density_M,0.1269676019454137,5.0,0.0
LR,71,14,False,KernelSHAP,oxide_bandgap,0.13689656078206078,4.0,0.0
RF,71,14,False,PFI,electronegativity_M,-0.0060346474530610554,14.0,0.0
RF,71,14,False,PFI,electronegativity_Mprime,-0.00116705338447281,12.0,0.0
RF,71,14,False,PFI,ionization_M,0.004154742460765008,7.0,0.0
RF,71,14,False,PFI,ionization_Mprime,0.0017300888721942741,8.0,0.0
RF,71,14,False,PFI,radius_M,0.011846403502328113,5.0,0.0
RF,71,14,False,PFI,radius_Mprime,0.00039209262387331263,11.0,0.0
RF,71,14,False,PFI,oxide_enthalpy_M,0.021036566358653783,3.0,1.0
RF,71,14,False,PFI,oxide_enthalpy_Mprime,0.001086871085175007,9.0,0.0
RF,71,14,False,PFI,mixing_enthalpy,0.008128308880527466,6.0,0.0
RF,71,14,False,PFI,sublimation_M,0.022432321905024245,2.0,1.0
RF,71,14,False,PFI,sublimation_Mprime,-0.0018667480204313499,13.0,0.0
RF,71,14,False,PFI,surface_energy_M,0.06543291505006738,1.0,1.0
RF,71,14,False,PFI,electron_density_M,0.0007401107834693434,10.0,0.0
RF,71,14,False,PFI,oxide_bandgap,0.012702213516224685,4.0,0.0
RF,71,14,False,KernelSHAP,electronegativity_M,0.035395450154653244,7.0,0.0
RF,71,14,False,KernelSHAP,electronegativity_Mprime,0.028782199691198447,8.0,0.0
RF,71,14,False,KernelSHAP,ionization_M,0.007553572993629931,13.0,0.0
RF,71,14,False,KernelSHAP,ionization_Mprime,0.0062589619083976535,14.0,0.0
RF,71,14,False,KernelSHAP,radius_M,0.07053722310797705,3.0,1.0
RF,71,14,False,KernelSHAP,radius_Mprime,0.011398999866214525,12.0,0.0
RF,71,14,False,KernelSHAP,oxide_enthalpy_M,0.06092269186896117,4.0,0.0
RF,71,14,False,KernelSHAP,oxide_enthalpy_Mprime,0.02205934601093151,10.0,0.0
RF,71,14,False,KernelSHAP,mixing_enthalpy,0.023011439755896933,9.0,0.0
RF,71,14,False,KernelSHAP,sublimation_M,0.10439086184448505,2.0,1.0
RF,71,14,False,KernelSHAP,sublimation_Mprime,0.013569838133813414,11.0,0.0
RF,71,14,False,KernelSHAP,surface_energy_M,0.15629464527386575,1.0,1.0
RF,71,14,False,KernelSHAP,electron_density_M,0.058337875065737364,5.0,0.0
RF,71,14,False,KernelSHAP,oxide_bandgap,0.04835688457697132,6.0,0.0
SVR,71,14,False,PFI,electronegativity_M,0.06351348124086846,5.0,0.0
SVR,71,14,False,PFI,electronegativity_Mprime,0.005269960490772266,11.0,0.0
SVR,71,14,False,PFI,ionization_M,0.00498218113896281,12.0,0.0
SVR,71,14,False,PFI,ionization_Mprime,0.0229069264742865,8.0,0.0
SVR,71,14,False,PFI,radius_M,0.07686929596816187,3.0,1.0
SVR,71,14,False,PFI,radius_Mprime,0.0717556349925866,4.0,0.0
SVR,71,14,False,PFI,oxide_enthalpy_M,0.10891582918947143,2.0,1.0
SVR,71,14,False,PFI,oxide_enthalpy_Mprime,0.022454508844963132,9.0,0.0
SVR,71,14,False,PFI,mixing_enthalpy,0.05949392647777898,6.0,0.0
SVR,71,14,False,PFI,sublimation_M,0.010712153840866403,10.0,0.0
SVR,71,14,False,PFI,sublimation_Mprime,-0.011895499055934336,14.0,0.0
SVR,71,14,False,PFI,surface_energy_M,0.1107277811583891,1.0,1.0
SVR,71,14,False,PFI,electron_density_M,-0.006672466501628235,13.0,0.0
SVR,71,14,False,PFI,oxide_bandgap,0.05422888492450662,7.0,0.0
SVR,71,14,False,KernelSHAP,electronegativity_M,0.1530638237815779,4.0,0.0
SVR,71,14,False,KernelSHAP,electronegativity_Mprime,0.020261032332850617,14.0,0.0
SVR,71,14,False,KernelSHAP,ionization_M,0.060094888039598886,12.0,0.0
SVR,71,14,False,KernelSHAP,ionization_Mprime,0.0695949056735375,11.0,0.0
SVR,71,14,False,KernelSHAP,radius_M,0.12759467293054486,6.0,0.0
SVR,71,14,False,KernelSHAP,radius_Mprime,0.1531952940652003,3.0,1.0
SVR,71,14,False,KernelSHAP,oxide_enthalpy_M,0.18279158005239327,2.0,1.0
SVR,71,14,False,KernelSHAP,oxide_enthalpy_Mprime,0.07153939480906212,10.0,0.0
SVR,71,14,False,KernelSHAP,mixing_enthalpy,0.10872899796121388,7.0,0.0
SVR,71,14,False,KernelSHAP,sublimation_M,0.0995827534032745,8.0,0.0
SVR,71,14,False,KernelSHAP,sublimation_Mprime,0.05014913781046775,13.0,0.0
SVR,71,14,False,KernelSHAP,surface_energy_M,0.29991164506919643,1.0,1.0
SVR,71,14,False,KernelSHAP,electron_density_M,0.07912313207027173,9.0,0.0
SVR,71,14,False,KernelSHAP,oxide_bandgap,0.13656798800272144,5.0,0.0
GBRT,71,15,False,PFI,electronegativity_M,0.005529292313866072,7.0,0.0
GBRT,71,15,False,PFI,electronegativity_Mprime,-0.008575134453873708,14.0,0.0
GBRT,71,15,False,PFI,ionization_M,0.0006246718746536586,10.0,0.0
GBRT,71,15,False,PFI,ionization_Mprime,-0.003471213280701686,12.0,0.0
GBRT,71,15,False,PFI,radius_M,0.011130806637289627,5.0,0.0
GBRT,71,15,False,PFI,radius_Mprime,0.002596738551008947,9.0,0.0
GBRT,71,15,False,PFI,oxide_enthalpy_M,0.04309962820389034,3.0,1.0
GBRT,71,15,False,PFI,oxide_enthalpy_Mprime,-0.0008056183443561857,11.0,0.0
GBRT,71,15,False,PFI,mixing_enthalpy,0.009027534335314658,6.0,0.0
GBRT,71,15,False,PFI,sublimation_M,0.07115331453909536,1.0,1.0
GBRT,71,15,False,PFI,sublimation_Mprime,-0.005708078191851372,13.0,0.0
GBRT,71,15,False,PFI,surface_energy_M,0.05352186894250654,2.0,1.0
GBRT,71,15,False,PFI,electron_density_M,0.0029618726290855644,8.0,0.0
GBRT,71,15,False,PFI,oxide_bandgap,0.027105314015068365,4.0,0.0
GBRT,71,15,False,KernelSHAP,electronegativity_M,0.009352074694056132,12.0,0.0
GBRT,71,15,False,KernelSHAP,electronegativity_Mprime,0.08152906202939271,5.0,0.0
GBRT,71,15,False,KernelSHAP,ionization_M,0.008103291609873447,13.0,0.0
GBRT,71,15,False,KernelSHAP,ionization_Mprime,0.018186468344491186,9.0,0.0
GBRT,71,15,False,KernelSHAP,radius_M,0.015589621635534758,10.0,0.0
GBRT,71,15,False,KernelSHAP,radius_Mprime,0.02350796574151989,8.0,0.0
GBRT,71,15,False,KernelSHAP,oxide_enthalpy_M,0.10139463246571122,4.0,0.0
GBRT,71,15,False,KernelSHAP,oxide_enthalpy_Mprime,0.02558563522901958,7.0,0.0
GBRT,71,15,False,KernelSHAP,mixing_enthalpy,0.04350657001618295,6.0,0.0
GBRT,71,15,False,KernelSHAP,sublimation_M,0.20829888612892392,1.0,1.0
GBRT,71,15,False,KernelSHAP,sublimation_Mprime,0.011545958969910534,11.0,0.0
GBRT,71,15,False,KernelSHAP,surface_energy_M,0.17669600081679515,2.0,1.0
GBRT,71,15,False,KernelSHAP,electron_density_M,0.007638678082431036,14.0,0.0
GBRT,71,15,False,KernelSHAP,oxide_bandgap,0.12641581720662878,3.0,1.0
LR,71,15,False,PFI,electronegativity_M,0.001176891726156933,10.0,0.0
LR,71,15,False,PFI,electronegativity_Mprime,-0.0024161580836883196,13.0,0.0
LR,71,15,False,PFI,ionization_M,0.002045120370015567,9.0,0.0
LR,71,15,False,PFI,ionization_Mprime,0.0007518848731336741,11.0,0.0
LR,71,15,False,PFI,radius_M,0.02510742375859143,5.0,0.0
LR,71,15,False,PFI,radius_Mprime,0.006953041637192524,8.0,0.0
LR,71,15,False,PFI,oxide_enthalpy_M,0.15507908989453723,2.0,1.0
LR,71,15,False,PFI,oxide_enthalpy_Mprime,0.05814202438443301,3.0,1.0
LR,71,15,False,PFI,mixing_enthalpy,0.034349817859338896,4.0,0.0
LR,71,15,False,PFI,sublimation_M,0.01079964527653229,7.0,0.0
LR,71,15,False,PFI,sublimation_Mprime,0.0006387805515290744,12.0,0.0
LR,71,15,False,PFI,surface_energy_M,0.38035282269323134,1.0,1.0
LR,71,15,False,PFI,electron_density_M,-0.009604420008034329,14.0,0.0
LR,71,15,False,PFI,oxide_bandgap,0.012880491872129711,6.0,0.0
LR,71,15,False,KernelSHAP,electronegativity_M,0.026697372423753734,13.0,0.0
LR,71,15,False,KernelSHAP,electronegativity_Mprime,0.04114418079747767,12.0,0.0
LR,71,15,False,KernelSHAP,ionization_M,0.04588986234117012,9.0,0.0
LR,71,15,False,KernelSHAP,ionization_Mprime,0.004386092039868392,14.0,0.0
LR,71,15,False,KernelSHAP,radius_M,0.08182880424841917,7.0,0.0
LR,71,15,False,KernelSHAP,radius_Mprime,0.05708681521462898,8.0,0.0
LR,71,15,False,KernelSHAP,oxide_enthalpy_M,0.21723614703523283,2.0,1.0
LR,71,15,False,KernelSHAP,oxide_enthalpy_Mprime,0.14737245124634427,3.0,1.0
LR,71,15,False,KernelSHAP,mixing_enthalpy,0.0822380783938865,6.0,0.0
LR,71,15,False,KernelSHAP,sublimation_M,0.044704338478177376,10.0,0.0
LR,71,15,False,KernelSHAP,sublimation_Mprime,0.09947795110657394,4.0,0.0
LR,71,15,False,KernelSHAP,surface_energy_M,0.4573932247141095,1.0,1.0
LR,71,15,False,KernelSHAP,electron_density_M,0.041694347734214515,11.0,0.0
LR,71,15,False,KernelSHAP,oxide_bandgap,0.0916488320233579,5.0,0.0
RF,71,15,False,PFI,electronegativity_M,0.0020526730993051115,5.0,0.0
RF,71,15,False,PFI,electronegativity_Mprime,-0.0046289975188971355,13.0,0.0
RF,71,15,False,PFI,ionization_M,-0.0004429977839244768,8.0,0.0
RF,71,15,False,PFI,ionization_Mprime,-0.0027500149819076757,12.0,0.0
RF,71,15,False,PFI,radius_M,-0.0003928297654463527,7.0,0.0
RF,71,15,False,PFI,radius_Mprime,-0.002382996401917871,10.0,0.0
RF,71,15,False,PFI,oxide_enthalpy_M,0.023963456652235086,1.0,1.0
RF,71,15,False,PFI,oxide_enthalpy_Mprime,-0.0009143851048063372,9.0,0.0
RF,71,15,False,PFI,mixing_enthalpy,0.00041854134406533506,6.0,0.0
RF,71,15,False,PFI,sublimation_M,0.005633366984184757,3.0,1.0
RF,71,15,False,PFI,sublimation_Mprime,-0.0025962203307725493,11.0,0.0
RF,71,15,False,PFI,surface_energy_M,0.02170397168840947,2.0,1.0
RF,71,15,False,PFI,electron_density_M,-0.009871652012795057,14.0,0.0
RF,71,15,False,PFI,oxide_bandgap,0.0037829818137911707,4.0,0.0
RF,71,15,False,KernelSHAP,electronegativity_M,0.01902480272472361,10.0,0.0
RF,71,15,False,KernelSHAP,electronegativity_Mprime,0.02562397299342044,8.0,0.0
RF,71,15,False,KernelSHAP,ionization_M,0.0081771015601088,14.0,0.0
RF,71,15,False,KernelSHAP,ionization_Mprime,0.014017844888741048,11.0,0.0
RF,71,15,False,KernelSHAP,radius_M,0.03324238216769719,6.0,0.0
RF,71,15,False,KernelSHAP,radius_Mprime,0.019274579781234657,9.0,0.0
RF,71,15,False,KernelSHAP,oxide_enthalpy_M,0.07393993018922686,4.0,0.0
RF,71,15,False,KernelSHAP,oxide_enthalpy_Mprime,0.028676925202390527,7.0,0.0
RF,71,15,False,KernelSHAP,mixing_enthalpy,0.011244045916973179,12.0,0.0
RF,71,15,False,KernelSHAP,sublimation_M,0.11552165801363386,2.0,1.0
RF,71,15,False,KernelSHAP,sublimation_Mprime,0.009567913853589316,13.0,0.0
RF,71,15,False,KernelSHAP,surface_energy_M,0.16598369828468715,1.0,1.0
RF,71,15,False,KernelSHAP,electron_density_M,0.058206480440416285,5.0,0.0
RF,71,15,False,KernelSHAP,oxide_bandgap,0.07503686150050129,3.0,1.0
SVR,71,15,False,PFI,electronegativity_M,0.09950787486587759,3.0,1.0
SVR,71,15,False,PFI,electronegativity_Mprime,0.02279285326149728,7.0,0.0
SVR,71,15,False,PFI,ionization_M,0.015710848057233502,9.0,0.0
SVR,71,15,False,PFI,ionization_Mprime,0.0003191140745107228,14.0,0.0
SVR,71,15,False,PFI,radius_M,0.06839094770495194,4.0,0.0
SVR,71,15,False,PFI,radius_Mprime,0.00464165420725494,12.0,0.0
SVR,71,15,False,PFI,oxide_enthalpy_M,0.11086882832049061,2.0,1.0
SVR,71,15,False,PFI,oxide_enthalpy_Mprime,0.018553839915211076,8.0,0.0
SVR,71,15,False,PFI,mixing_enthalpy,0.0451626387345129,5.0,0.0
SVR,71,15,False,PFI,sublimation_M,0.005669702613350882,11.0,0.0
SVR,71,15,False,PFI,sublimation_Mprime,0.005797472658593609,10.0,0.0
SVR,71,15,False,PFI,surface_energy_M,0.17288543577751803,1.0,1.0
SVR,71,15,False,PFI,electron_density_M,0.003745490617219373,13.0,0.0
SVR,71,15,False,PFI,oxide_bandgap,0.031602972922692665,6.0,0.0
SVR,71,15,False,KernelSHAP,electronegativity_M,0.13961819156122932,4.0,0.0
SVR,71,15,False,KernelSHAP,electronegativity_Mprime,0.08174857365889812,9.0,0.0
SVR,71,15,False,KernelSHAP,ionization_M,0.08329597763620027,8.0,0.0
SVR,71,15,False,KernelSHAP,ionization_Mprime,0.036432539586803266,13.0,0.0
SVR,71,15,False,KernelSHAP,radius_M,0.16723095150434772,2.0,1.0
SVR,71,15,False,KernelSHAP,radius_Mprime,0.04064132953772794,12.0,0.0
SVR,71,15,False,KernelSHAP,oxide_enthalpy_M,0.15703700471484783,3.0,1.0
SVR,71,15,False,KernelSHAP,oxide_enthalpy_Mprime,0.0729250596874914,10.0,0.0
SVR,71,15,False,KernelSHAP,mixing_enthalpy,0.1038157905627474,5.0,0.0
SVR,71,15,False,KernelSHAP,sublimation_M,0.05603834124174058,11.0,0.0
SVR,71,15,False,KernelSHAP,sublimation_Mprime,0.029455648537708698,14.0,0.0
SVR,71,15,False,KernelSHAP,surface_energy_M,0.2959384338422657,1.0,1.0
SVR,71,15,False,KernelSHAP,electron_density_M,0.08613169315921543,7.0,0.0
SVR,71,15,False,KernelSHAP,oxide_bandgap,0.10067374271425986,6.0,0.0
GBRT,71,16,False,PFI,electronegativity_M,0.004391615497078854,8.0,0.0
GBRT,71,16,False,PFI,electronegativity_Mprime,0.0016881165954608763,11.0,0.0
GBRT,71,16,False,PFI,ionization_M,0.0006167914143606935,12.0,0.0
GBRT,71,16,False,PFI,ionization_Mprime,0.0029777160673980434,9.0,0.0
GBRT,71,16,False,PFI,radius_M,0.00010177677120313603,13.0,0.0
GBRT,71,16,False,PFI,radius_Mprime,0.013949170306945908,6.0,0.0
GBRT,71,16,False,PFI,oxide_enthalpy_M,0.023418097997193785,3.0,1.0
GBRT,71,16,False,PFI,oxide_enthalpy_Mprime,0.0025410153026012364,10.0,0.0
GBRT,71,16,False,PFI,mixing_enthalpy,0.016984804294954175,5.0,0.0
GBRT,71,16,False,PFI,sublimation_M,0.048184503529511466,2.0,1.0
GBRT,71,16,False,PFI,sublimation_Mprime,-0.0008008964941313147,14.0,0.0
GBRT,71,16,False,PFI,surface_energy_M,0.15660021172083163,1.0,1.0
GBRT,71,16,False,PFI,electron_density_M,0.012702230156217378,7.0,0.0
GBRT,71,16,False,PFI,oxide_bandgap,0.021538115490089584,4.0,0.0
GBRT,71,16,False,KernelSHAP,electronegativity_M,0.04555440646815087,8.0,0.0
GBRT,71,16,False,KernelSHAP,electronegativity_Mprime,0.042101955976636164,9.0,0.0
GBRT,71,16,False,KernelSHAP,ionization_M,0.0043708107293849415,14.0,0.0
GBRT,71,16,False,KernelSHAP,ionization_Mprime,0.03202583402072123,10.0,0.0
GBRT,71,16,False,KernelSHAP,radius_M,0.022384265609424032,13.0,0.0
GBRT,71,16,False,KernelSHAP,radius_Mprime,0.057469210283145035,6.0,0.0
GBRT,71,16,False,KernelSHAP,oxide_enthalpy_M,0.05482095902167354,7.0,0.0
GBRT,71,16,False,KernelSHAP,oxide_enthalpy_Mprime,0.07418962243050252,5.0,0.0
GBRT,71,16,False,KernelSHAP,mixing_enthalpy,0.08377792468887911,4.0,0.0
GBRT,71,16,False,KernelSHAP,sublimation_M,0.13014803822263374,2.0,1.0
GBRT,71,16,False,KernelSHAP,sublimation_Mprime,0.0302594134368334,11.0,0.0
GBRT,71,16,False,KernelSHAP,surface_energy_M,0.19701324762450784,1.0,1.0
GBRT,71,16,False,KernelSHAP,electron_density_M,0.026827380433224,12.0,0.0
GBRT,71,16,False,KernelSHAP,oxide_bandgap,0.08410614825702203,3.0,1.0
LR,71,16,False,PFI,electronegativity_M,-0.005757563245027083,14.0,0.0
LR,71,16,False,PFI,electronegativity_Mprime,0.0007378027328338944,12.0,0.0
LR,71,16,False,PFI,ionization_M,0.042111853632579715,8.0,0.0
LR,71,16,False,PFI,ionization_Mprime,-0.00017728758644077792,13.0,0.0
LR,71,16,False,PFI,radius_M,0.034993082157250985,9.0,0.0
LR,71,16,False,PFI,radius_Mprime,0.12683316244151888,4.0,0.0
LR,71,16,False,PFI,oxide_enthalpy_M,0.060713006534037696,6.0,0.0
LR,71,16,False,PFI,oxide_enthalpy_Mprime,0.07876684764064297,5.0,0.0
LR,71,16,False,PFI,mixing_enthalpy,0.13457850832663515,3.0,1.0
LR,71,16,False,PFI,sublimation_M,0.001348705996411392,11.0,0.0
LR,71,16,False,PFI,sublimation_Mprime,0.010770061944349577,10.0,0.0
LR,71,16,False,PFI,surface_energy_M,1.6883230873421462,1.0,1.0
LR,71,16,False,PFI,electron_density_M,0.7538821445491767,2.0,1.0
LR,71,16,False,PFI,oxide_bandgap,0.051838621545797894,7.0,0.0
LR,71,16,False,KernelSHAP,electronegativity_M,0.027158053781034225,12.0,0.0
LR,71,16,False,KernelSHAP,electronegativity_Mprime,0.019251347286689494,13.0,0.0
LR,71,16,False,KernelSHAP,ionization_M,0.09759596349269269,9.0,0.0
LR,71,16,False,KernelSHAP,ionization_Mprime,0.011509183330854052,14.0,0.0
LR,71,16,False,KernelSHAP,radius_M,0.08441414769341803,10.0,0.0
LR,71,16,False,KernelSHAP,radius_Mprime,0.2125706378987664,3.0,1.0
LR,71,16,False,KernelSHAP,oxide_enthalpy_M,0.17556091210291216,5.0,0.0
LR,71,16,False,KernelSHAP,oxide_enthalpy_Mprime,0.16206663569065016,6.0,0.0
LR,71,16,False,KernelSHAP,mixing_enthalpy,0.20252317818195198,4.0,0.0
LR,71,16,False,KernelSHAP,sublimation_M,0.03884309791921776,11.0,0.0
LR,71,16,False,KernelSHAP,sublimation_Mprime,0.10673258794029927,8.0,0.0
LR,71,16,False,KernelSHAP,surface_energy_M,0.8668417386771189,1.0,1.0
LR,71,16,False,KernelSHAP,electron_density_M,0.5120976455544558,2.0,1.0
LR,71,16,False,KernelSHAP,oxide_bandgap,0.1407043989270701,7.0,0.0
RF,71,16,False,PFI,electronegativity_M,0.0019199072003383475,8.0,0.0
RF,71,16,False,PFI,electronegativity_Mprime,9.900405647132252e-05,11.0,0.0
RF,71,16,False,PFI,ionization_M,2.0075266583227437e-05,12.0,0.0
RF,71,16,False,PFI,ionization_Mprime,0.0007214060582987986,9.0,0.0
RF,71,16,False,PFI,radius_M,0.00933308400466521,5.0,0.0
RF,71,16,False,PFI,radius_Mprime,-0.0012864630423368032,13.0,0.0
RF,71,16,False,PFI,oxide_enthalpy_M,0.01413907835280354,3.0,1.0
RF,71,16,False,PFI,oxide_enthalpy_Mprime,0.005158433470495258,6.0,0.0
RF,71,16,False,PFI,mixing_enthalpy,0.005106964045237003,7.0,0.0
RF,71,16,False,PFI,sublimation_M,0.045646210551863756,2.0,1.0
RF,71,16,False,PFI,sublimation_Mprime,-0.0013772751177657846,14.0,0.0
RF,71,16,False,PFI,surface_energy_M,0.05203297066947296,1.0,1.0
RF,71,16,False,PFI,electron_density_M,0.0003722883669521562,10.0,0.0
RF,71,16,False,PFI,oxide_bandgap,0.010269030633166193,4.0,0.0
RF,71,16,False,KernelSHAP,electronegativity_M,0.022453199502620064,10.0,0.0
RF,71,16,False,KernelSHAP,electronegativity_Mprime,0.056859783622785987,4.0,0.0
RF,71,16,False,KernelSHAP,ionization_M,0.009920471946533418,14.0,0.0
RF,71,16,False,KernelSHAP,ionization_Mprime,0.021382100949503397,11.0,0.0
RF,71,16,False,KernelSHAP,radius_M,0.060148248150506296,3.0,1.0
RF,71,16,False,KernelSHAP,radius_Mprime,0.033242863566762676,8.0,0.0
RF,71,16,False,KernelSHAP,oxide_enthalpy_M,0.05251105624475382,5.0,0.0
RF,71,16,False,KernelSHAP,oxide_enthalpy_Mprime,0.042717263837261175,7.0,0.0
RF,71,16,False,KernelSHAP,mixing_enthalpy,0.019158325451870427,12.0,0.0
RF,71,16,False,KernelSHAP,sublimation_M,0.13275578299522267,1.0,1.0
RF,71,16,False,KernelSHAP,sublimation_Mprime,0.018678203502265185,13.0,0.0
RF,71,16,False,KernelSHAP,surface_energy_M,0.1250544054634518,2.0,1.0
RF,71,16,False,KernelSHAP,electron_density_M,0.03052368583105094,9.0,0.0
RF,71,16,False,KernelSHAP,oxide_bandgap,0.04715610525973549,6.0,0.0
SVR,71,16,False,PFI,electronegativity_M,0.04614806289083305,5.0,0.0
SVR,71,16,False,PFI,electronegativity_Mprime,0.010872382110891329,10.0,0.0
SVR,71,16,False,PFI,ionization_M,0.006350790023556574,12.0,0.0
SVR,71,16,False,PFI,ionization_Mprime,0.0030489571226683695,14.0,0.0
SVR,71,16,False,PFI,radius_M,0.07083761996000096,4.0,0.0
SVR,71,16,False,PFI,radius_Mprime,0.04166283736640856,6.0,0.0
SVR,71,16,False,PFI,oxide_enthalpy_M,0.13462677539268672,2.0,1.0
SVR,71,16,False,PFI,oxide_enthalpy_Mprime,0.039860319293247105,7.0,0.0
SVR,71,16,False,PFI,mixing_enthalpy,0.0784856836549299,3.0,1.0
SVR,71,16,False,PFI,sublimation_M,0.004841720999221042,13.0,0.0
SVR,71,16,False,PFI,sublimation_Mprime,0.015484278621283043,9.0,0.0
SVR,71,16,False,PFI,surface_energy_M,0.39933358281218545,1.0,1.0
SVR,71,16,False,PFI,electron_density_M,0.0063971778514319046,11.0,0.0
SVR,71,16,False,PFI,oxide_bandgap,0.03338728014626577,8.0,0.0
SVR,71,16,False,KernelSHAP,electronegativity_M,0.10260530309052025,8.0,0.0
SVR,71,16,False,KernelSHAP,electronegativity_Mprime,0.0416527408866852,11.0,0.0
SVR,71,16,False,KernelSHAP,ionization_M,0.06626498796726471,9.0,0.0
SVR,71,16,False,KernelSHAP,ionization_Mprime,0.02887223828947558,13.0,0.0
SVR,71,16,False,KernelSHAP,radius_M,0.16266543154907184,3.0,1.0
SVR,71,16,False,KernelSHAP,radius_Mprime,0.1208052838009167,5.0,0.0
SVR,71,16,False,KernelSHAP,oxide_enthalpy_M,0.19147361475343094,2.0,1.0
SVR,71,16,False,KernelSHAP,oxide_enthalpy_Mprime,0.11895960743891526,6.0,0.0
SVR,71,16,False,KernelSHAP,mixing_enthalpy,0.14991605138432268,4.0,0.0
SVR,71,16,False,KernelSHAP,sublimation_M,0.030290192452143243,12.0,0.0
SVR,71,16,False,KernelSHAP,sublimation_Mprime,0.06134839091721719,10.0,0.0
SVR,71,16,False,KernelSHAP,surface_energy_M,0.40488853246211315,1.0,1.0
SVR,71,16,False,KernelSHAP,electron_density_M,0.02120060119780823,14.0,0.0
SVR,71,16,False,KernelSHAP,oxide_bandgap,0.10547851386680684,7.0,0.0
GBRT,71,17,False,PFI,electronegativity_M,0.002394286458123963,11.0,0.0
GBRT,71,17,False,PFI,electronegativity_Mprime,0.008450659660952738,7.0,0.0
GBRT,71,17,False,PFI,ionization_M,0.001341936247442479,13.0,0.0
GBRT,71,17,False,PFI,ionization_Mprime,0.0021477792220002817,12.0,0.0
GBRT,71,17,False,PFI,radius_M,0.012147382581120665,6.0,0.0
GBRT,71,17,False,PFI,radius_Mprime,0.0025325611847672844,10.0,0.0
GBRT,71,17,False,PFI,oxide_enthalpy_M,0.04537246204374459,3.0,1.0
GBRT,71,17,False,PFI,oxide_enthalpy_Mprime,0.005139137663600315,9.0,0.0
GBRT,71,17,False,PFI,mixing_enthalpy,0.012212827039375103,5.0,0.0
GBRT,71,17,False,PFI,sublimation_M,0.057804979867141,2.0,1.0
GBRT,71,17,False,PFI,sublimation_Mprime,0.00014292123233063692,14.0,0.0
GBRT,71,17,False,PFI,surface_energy_M,0.0975232087252496,1.0,1.0
GBRT,71,17,False,PFI,electron_density_M,0.0056198508616630465,8.0,0.0
GBRT,71,17,False,PFI,oxide_bandgap,0.01363787986520011,4.0,0.0
GBRT,71,17,False,KernelSHAP,electronegativity_M,0.019901299803781584,10.0,0.0
GBRT,71,17,False,KernelSHAP,electronegativity_Mprime,0.0776929106093045,4.0,0.0
GBRT,71,17,False,KernelSHAP,ionization_M,0.012521319782247195,13.0,0.0
GBRT,71,17,False,KernelSHAP,ionization_Mprime,0.013275807241608718,12.0,0.0
GBRT,71,17,False,KernelSHAP,radius_M,0.05856803063481967,8.0,0.0
GBRT,71,17,False,KernelSHAP,radius_Mprime,0.013732052434514494,11.0,0.0
GBRT,71,17,False,KernelSHAP,oxide_enthalpy_M,0.10208617261671181,3.0,1.0
GBRT,71,17,False,KernelSHAP,oxide_enthalpy_Mprime,0.07726170354176887,5.0,0.0
GBRT,71,17,False,KernelSHAP,mixing_enthalpy,0.06832882946064057,7.0,0.0
GBRT,71,17,False,KernelSHAP,sublimation_M,0.13952690495666534,2.0,1.0
GBRT,71,17,False,KernelSHAP,sublimation_Mprime,0.007883086350880086,14.0,0.0
GBRT,71,17,False,KernelSHAP,surface_energy_M,0.1453372230078085,1.0,1.0
GBRT,71,17,False,KernelSHAP,electron_density_M,0.024012001432998028,9.0,0.0
GBRT,71,17,False,KernelSHAP,oxide_bandgap,0.07083348253955216,6.0,0.0
LR,71,17,False,PFI,electronegativity_M,0.01694350898638687,8.0,0.0
LR,71,17,False,PFI,electronegativity_Mprime,-0.0028367768705220863,14.0,0.0
LR,71,17,False,PFI,ionization_M,0.01043096002383301,11.0,0.0
LR,71,17,False,PFI,ionization_Mprime,0.003357635966617788,13.0,0.0
LR,71,17,False,PFI,radius_M,0.01309997895770844,9.0,0.0
LR,71,17,False,PFI,radius_Mprime,0.024595954761692296,7.0,0.0
LR,71,17,False,PFI,oxide_enthalpy_M,0.052404779661788255,5.0,0.0
LR,71,17,False,PFI,oxide_enthalpy_Mprime,0.1670670455668196,3.0,1.0
LR,71,17,False,PFI,mixing_enthalpy,0.10470899605642447,4.0,0.0
LR,71,17,False,PFI,sublimation_M,0.0058286518897927775,12.0,0.0
LR,71,17,False,PFI,sublimation_Mprime,0.03880242457993567,6.0,0.0
LR,71,17,False,PFI,surface_energy_M,0.6335241424536743,1.0,1.0
LR,71,17,False,PFI,electron_density_M,0.18695785404291143,2.0,1.0
LR,71,17,False,PFI,oxide_bandgap,0.01046709431206002,10.0,0.0
LR,71,17,False,KernelSHAP,electronegativity_M,0.10436678340128534,8.0,0.0
LR,71,17,False,KernelSHAP,electronegativity_Mprime,0.01823994979814511,13.0,0.0
LR,71,17,False,KernelSHAP,ionization_M,0.04402616031739392,11.0,0.0
LR,71,17,False,KernelSHAP,ionization_Mprime,0.016899057039311115,14.0,0.0
LR,71,17,False,KernelSHAP,radius_M,0.04177038626168012,12.0,0.0
LR,71,17,False,KernelSHAP,radius_Mprime,0.11761749065879805,7.0,0.0
LR,71,17,False,KernelSHAP,oxide_enthalpy_M,0.13330355426497115,6.0,0.0
LR,71,17,False,KernelSHAP,oxide_enthalpy_Mprime,0.2690642894168077,2.0,1.0
LR,71,17,False,KernelSHAP,mixing_enthalpy,0.14891355485348864,5.0,0.0
LR,71,17,False,KernelSHAP,sublimation_M,0.059999111629239515,10.0,0.0
LR,71,17,False,KernelSHAP,sublimation_Mprime,0.18997569661360367,4.0,0.0
LR,71,17,False,KernelSHAP,surface_energy_M,0.5717625051439048,1.0,1.0
LR,71,17,False,KernelSHAP,electron_density_M,0.22554535471808818,3.0,1.0
LR,71,17,False,KernelSHAP,oxide_bandgap,0.07739314647984728,9.0,0.0
RF,71,17,False,PFI,electronegativity_M,0.0023293844216386644,8.0,0.0
RF,71,17,False,PFI,electronegativity_Mprime,-0.0008197685104804467,12.0,0.0
RF,71,17,False,PFI,ionization_M,-0.00021791876833628308,11.0,0.0
RF,71,17,False,PFI,ionization_Mprime,-0.0025429725108901007,13.0,0.0
RF,71,17,False,PFI,radius_M,0.03210406046019828,2.0,1.0
RF,71,17,False,PFI,radius_Mprime,-0.005723617036740228,14.0,0.0
RF,71,17,False,PFI,oxide_enthalpy_M,0.022457968746676153,4.0,0.0
RF,71,17,False,PFI,oxide_enthalpy_Mprime,-0.00010405148996710431,10.0,0.0
RF,71,17,False,PFI,mixing_enthalpy,0.003663108426514172,7.0,0.0
RF,71,17,False,PFI,sublimation_M,0.025002511214696196,3.0,1.0
RF,71,17,False,PFI,sublimation_Mprime,0.0006386782507653402,9.0,0.0
RF,71,17,False,PFI,surface_energy_M,0.04851014325555274,1.0,1.0
RF,71,17,False,PFI,electron_density_M,0.005350897418304524,6.0,0.0
RF,71,17,False,PFI,oxide_bandgap,0.010731468512624097,5.0,0.0
RF,71,17,False,KernelSHAP,electronegativity_M,0.010208897980347085,13.0,0.0
RF,71,17,False,KernelSHAP,electronegativity_Mprime,0.05292741765666105,5.0,0.0
RF,71,17,False,KernelSHAP,ionization_M,0.010848055796799223,12.0,0.0
RF,71,17,False,KernelSHAP,ionization_Mprime,0.014932883086827109,11.0,0.0
RF,71,17,False,KernelSHAP,radius_M,0.07216994780687519,3.0,1.0
RF,71,17,False,KernelSHAP,radius_Mprime,0.03401976889126847,9.0,0.0
RF,71,17,False,KernelSHAP,oxide_enthalpy_M,0.05676357254707433,4.0,0.0
RF,71,17,False,KernelSHAP,oxide_enthalpy_Mprime,0.047628145102155496,6.0,0.0
RF,71,17,False,KernelSHAP,mixing_enthalpy,0.027210531203004578,10.0,0.0
RF,71,17,False,KernelSHAP,sublimation_M,0.09385023178091684,2.0,1.0
RF,71,17,False,KernelSHAP,sublimation_Mprime,0.007566459989321204,14.0,0.0
RF,71,17,False,KernelSHAP,surface_energy_M,0.09597051806063261,1.0,1.0
RF,71,17,False,KernelSHAP,electron_density_M,0.03678414838696332,8.0,0.0
RF,71,17,False,KernelSHAP,oxide_bandgap,0.03919382131004548,7.0,0.0
SVR,71,17,False,PFI,electronegativity_M,0.10959120292147946,1.0,1.0
SVR,71,17,False,PFI,electronegativity_Mprime,0.008271136165912631,12.0,0.0
SVR,71,17,False,PFI,ionization_M,0.003298091013850634,13.0,0.0
SVR,71,17,False,PFI,ionization_Mprime,-0.0004225038969664001,14.0,0.0
SVR,71,17,False,PFI,radius_M,0.009025970011481078,11.0,0.0
SVR,71,17,False,PFI,radius_Mprime,0.01178249656600791,10.0,0.0
SVR,71,17,False,PFI,oxide_enthalpy_M,0.07319139755900693,2.0,1.0
SVR,71,17,False,PFI,oxide_enthalpy_Mprime,0.04478188597249888,4.0,0.0
SVR,71,17,False,PFI,mixing_enthalpy,0.04058982012122643,5.0,0.0
SVR,71,17,False,PFI,sublimation_M,0.03905854722181788,6.0,0.0
SVR,71,17,False,PFI,sublimation_Mprime,0.015685780235500046,8.0,0.0
SVR,71,17,False,PFI,surface_energy_M,0.04863950453221915,3.0,1.0
SVR,71,17,False,PFI,electron_density_M,0.01221570072047109,9.0,0.0
SVR,71,17,False,PFI,oxide_bandgap,0.031900786836542905,7.0,0.0
SVR,71,17,False,KernelSHAP,electronegativity_M,0.16308161516201813,1.0,1.0
SVR,71,17,False,KernelSHAP,electronegativity_Mprime,0.04338694003449198,11.0,0.0
SVR,71,17,False,KernelSHAP,ionization_M,0.0267574265342249,13.0,0.0
SVR,71,17,False,KernelSHAP,ionization_Mprime,0.014643162020248608,14.0,0.0
SVR,71,17,False,KernelSHAP,radius_M,0.03874416252192614,12.0,0.0
SVR,71,17,False,KernelSHAP,radius_Mprime,0.06596973388813686,9.0,0.0
SVR,71,17,False,KernelSHAP,oxide_enthalpy_M,0.13446690640927603,4.0,0.0
SVR,71,17,False,KernelSHAP,oxide_enthalpy_Mprime,0.1623639586558437,2.0,1.0
SVR,71,17,False,KernelSHAP,mixing_enthalpy,0.09696792889612987,6.0,0.0
SVR,71,17,False,KernelSHAP,sublimation_M,0.11687229517072459,5.0,0.0
SVR,71,17,False,KernelSHAP,sublimation_Mprime,0.0690472798395865,8.0,0.0
SVR,71,17,False,KernelSHAP,surface_energy_M,0.15719933590835428,3.0,1.0
SVR,71,17,False,KernelSHAP,electron_density_M,0.06560302696362406,10.0,0.0
SVR,71,17,False,KernelSHAP,oxide_bandgap,0.09681895127302746,7.0,0.0
GBRT,71,18,False,PFI,electronegativity_M,0.003585692765611743,9.0,0.0
GBRT,71,18,False,PFI,electronegativity_Mprime,0.002827315333196265,10.0,0.0
GBRT,71,18,False,PFI,ionization_M,0.0023927258896909048,11.0,0.0
GBRT,71,18,False,PFI,ionization_Mprime,-0.0005761847651387301,13.0,0.0
GBRT,71,18,False,PFI,radius_M,0.001836773750425668,12.0,0.0
GBRT,71,18,False,PFI,radius_Mprime,0.005772418298970156,8.0,0.0
GBRT,71,18,False,PFI,oxide_enthalpy_M,0.0574337587333347,2.0,1.0
GBRT,71,18,False,PFI,oxide_enthalpy_Mprime,0.013005868318496603,5.0,0.0
GBRT,71,18,False,PFI,mixing_enthalpy,0.006467859901797037,7.0,0.0
GBRT,71,18,False,PFI,sublimation_M,0.04545121293963294,3.0,1.0
GBRT,71,18,False,PFI,sublimation_Mprime,-0.0026121118776681394,14.0,0.0
GBRT,71,18,False,PFI,surface_energy_M,0.10956442411505478,1.0,1.0
GBRT,71,18,False,PFI,electron_density_M,0.006921274686236783,6.0,0.0
GBRT,71,18,False,PFI,oxide_bandgap,0.01825845130541638,4.0,0.0
GBRT,71,18,False,KernelSHAP,electronegativity_M,0.005876843699847933,14.0,0.0
GBRT,71,18,False,KernelSHAP,electronegativity_Mprime,0.019523233245791347,10.0,0.0
GBRT,71,18,False,KernelSHAP,ionization_M,0.01704277332968423,11.0,0.0
GBRT,71,18,False,KernelSHAP,ionization_Mprime,0.009744087879068547,13.0,0.0
GBRT,71,18,False,KernelSHAP,radius_M,0.04484060998390936,6.0,0.0
GBRT,71,18,False,KernelSHAP,radius_Mprime,0.023262994748662606,9.0,0.0
GBRT,71,18,False,KernelSHAP,oxide_enthalpy_M,0.11833769251321187,3.0,1.0
GBRT,71,18,False,KernelSHAP,oxide_enthalpy_Mprime,0.08074669155775648,5.0,0.0
GBRT,71,18,False,KernelSHAP,mixing_enthalpy,0.035760683144583943,7.0,0.0
GBRT,71,18,False,KernelSHAP,sublimation_M,0.15795421062439693,2.0,1.0
GBRT,71,18,False,KernelSHAP,sublimation_Mprime,0.028797351273728098,8.0,0.0
GBRT,71,18,False,KernelSHAP,surface_energy_M,0.1963130311269117,1.0,1.0
GBRT,71,18,False,KernelSHAP,electron_density_M,0.012696212743712345,12.0,0.0
GBRT,71,18,False,KernelSHAP,oxide_bandgap,0.10087898394158103,4.0,0.0
LR,71,18,False,PFI,electronegativity_M,0.00737933405957839,13.0,0.0
LR,71,18,False,PFI,electronegativity_Mprime,0.010162023228408642,12.0,0.0
LR,71,18,False,PFI,ionization_M,0.015789336438928617,10.0,0.0
LR,71,18,False,PFI,ionization_Mprime,0.03182790075335236,7.0,0.0
LR,71,18,False,PFI,radius_M,0.027274635343229665,9.0,0.0
LR,71,18,False,PFI,radius_Mprime,0.12632625603136563,3.0,1.0
LR,71,18,False,PFI,oxide_enthalpy_M,0.2058230518904061,2.0,1.0
LR,71,18,False,PFI,oxide_enthalpy_Mprime,0.08891087798618423,4.0,0.0
LR,71,18,False,PFI,mixing_enthalpy,0.028382429704020048,8.0,0.0
LR,71,18,False,PFI,sublimation_M,0.0053647603410050025,14.0,0.0
LR,71,18,False,PFI,sublimation_Mprime,0.010730308708944496,11.0,0.0
LR,71,18,False,PFI,surface_energy_M,0.8324780078512732,1.0,1.0
LR,71,18,False,PFI,electron_density_M,0.07293161910360195,5.0,0.0
LR,71,18,False,PFI,oxide_bandgap,0.05343028919884232,6.0,0.0
LR,71,18,False,KernelSHAP,electronegativity_M,0.024669723786770303,14.0,0.0
LR,71,18,False,KernelSHAP,electronegativity_Mprime,0.04875704761440298,12.0,0.0
LR,71,18,False,KernelSHAP,ionization_M,0.07681371750275645,10.0,0.0
LR,71,18,False,KernelSHAP,ionization_Mprime,0.09456338390513849,9.0,0.0
LR,71,18,False,KernelSHAP,radius_M,0.09540506150296298,8.0,0.0
LR,71,18,False,KernelSHAP,radius_Mprime,0.2296807970145697,3.0,1.0
LR,71,18,False,KernelSHAP,oxide_enthalpy_M,0.2898345090520601,2.0,1.0
LR,71,18,False,KernelSHAP,oxide_enthalpy_Mprime,0.19303800532718368,4.0,0.0
LR,71,18,False,KernelSHAP,mixing_enthalpy,0.07388634470030442,11.0,0.0
LR,71,18,False,KernelSHAP,sublimation_M,0.04083142242207771,13.0,0.0
LR,71,18,False,KernelSHAP,sublimation_Mprime,0.10591000343439119,7.0,0.0
LR,71,18,False,KernelSHAP,surface_energy_M,0.6074649704000552,1.0,1.0
LR,71,18,False,KernelSHAP,electron_density_M,0.14229107980231606,5.0,0.0
LR,71,18,False,KernelSHAP,oxide_bandgap,0.13389189107786711,6.0,0.0
RF,71,18,False,PFI,electronegativity_M,-0.00646440299043565,13.0,0.0
RF,71,18,False,PFI,electronegativity_Mprime,0.003672399421441357,6.0,0.0
RF,71,18,False,PFI,ionization_M,-0.0014805968986075547,12.0,0.0
RF,71,18,False,PFI,ionization_Mprime,0.00030042218511418803,10.0,0.0
RF,71,18,False,PFI,radius_M,0.014440933433493803,4.0,0.0
RF,71,18,False,PFI,radius_Mprime,0.00036413168476050867,9.0,0.0
RF,71,18,False,PFI,oxide_enthalpy_M,0.024773932593473814,2.0,1.0
RF,71,18,False,PFI,oxide_enthalpy_Mprime,0.0005282696849779188,8.0,0.0
RF,71,18,False,PFI,mixing_enthalpy,0.0010958417984186788,7.0,0.0
RF,71,18,False,PFI,sublimation_M,0.022676073006228335,3.0,1.0
RF,71,18,False,PFI,sublimation_Mprime,-0.001164938743635044,11.0,0.0
RF,71,18,False,PFI,surface_energy_M,0.03456407964174516,1.0,1.0
RF,71,18,False,PFI,electron_density_M,-0.006472551883222271,14.0,0.0
RF,71,18,False,PFI,oxide_bandgap,0.009521382701929114,5.0,0.0
RF,71,18,False,KernelSHAP,electronegativity_M,0.016740595573226283,9.0,0.0
RF,71,18,False,KernelSHAP,electronegativity_Mprime,0.034465883510589095,7.0,0.0
RF,71,18,False,KernelSHAP,ionization_M,0.006298916754528348,14.0,0.0
RF,71,18,False,KernelSHAP,ionization_Mprime,0.010591665573121254,12.0,0.0
RF,71,18,False,KernelSHAP,radius_M,0.05802874402444423,5.0,0.0
RF,71,18,False,KernelSHAP,radius_Mprime,0.010730623270964215,11.0,0.0
RF,71,18,False,KernelSHAP,oxide_enthalpy_M,0.08434891226974446,3.0,1.0
RF,71,18,False,KernelSHAP,oxide_enthalpy_Mprime,0.04070386515085354,6.0,0.0
RF,71,18,False,KernelSHAP,mixing_enthalpy,0.014908823713601733,10.0,0.0
RF,71,18,False,KernelSHAP,sublimation_M,0.12416137088798695,2.0,1.0
RF,71,18,False,KernelSHAP,sublimation_Mprime,0.009505080220959979,13.0,0.0
RF,71,18,False,KernelSHAP,surface_energy_M,0.1386130092235376,1.0,1.0
RF,71,18,False,KernelSHAP,electron_density_M,0.021991577108596397,8.0,0.0
RF,71,18,False,KernelSHAP,oxide_bandgap,0.06258913498217158,4.0,0.0
SVR,71,18,False,PFI,electronegativity_M,0.025568228000910874,7.0,0.0
SVR,71,18,False,PFI,electronegativity_Mprime,0.0033530970150865763,12.0,0.0
SVR,71,18,False,PFI,ionization_M,0.008042412047259499,9.0,0.0
SVR,71,18,False,PFI,ionization_Mprime,-0.0002212112551296647,13.0,0.0
SVR,71,18,False,PFI,radius_M,0.04053216819066744,4.0,0.0
SVR,71,18,False,PFI,radius_Mprime,0.0366741751470254,5.0,0.0
SVR,71,18,False,PFI,oxide_enthalpy_M,0.1478638406205957,2.0,1.0
SVR,71,18,False,PFI,oxide_enthalpy_Mprime,0.026584420222089542,6.0,0.0
SVR,71,18,False,PFI,mixing_enthalpy,0.007543902101398066,10.0,0.0
SVR,71,18,False,PFI,sublimation_M,0.015764691191271232,8.0,0.0
SVR,71,18,False,PFI,sublimation_Mprime,0.0066574243773885764,11.0,0.0
SVR,71,18,False,PFI,surface_energy_M,0.19249068130591504,1.0,1.0
SVR,71,18,False,PFI,electron_density_M,-0.00040045097926903034,14.0,0.0
SVR,71,18,False,PFI,oxide_bandgap,0.04559948031812769,3.0,1.0
SVR,71,18,False,KernelSHAP,electronegativity_M,0.07041760389355155,8.0,0.0
SVR,71,18,False,KernelSHAP,electronegativity_Mprime,0.022259563293421505,12.0,0.0
SVR,71,18,False,KernelSHAP,ionization_M,0.059621845919044875,9.0,0.0
SVR,71,18,False,KernelSHAP,ionization_Mprime,0.017043654867130345,14.0,0.0
SVR,71,18,False,KernelSHAP,radius_M,0.11569803723159677,3.0,1.0
SVR,71,18,False,KernelSHAP,radius_Mprime,0.10990641697567219,5.0,0.0
SVR,71,18,False,KernelSHAP,oxide_enthalpy_M,0.2320464805383546,2.0,1.0
SVR,71,18,False,KernelSHAP,oxide_enthalpy_Mprime,0.10659885936319136,6.0,0.0
SVR,71,18,False,KernelSHAP,mixing_enthalpy,0.04503060355503924,11.0,0.0
SVR,71,18,False,KernelSHAP,sublimation_M,0.08563388282845416,7.0,0.0
SVR,71,18,False,KernelSHAP,sublimation_Mprime,0.022067365193563778,13.0,0.0
SVR,71,18,False,KernelSHAP,surface_energy_M,0.28550856985945855,1.0,1.0
SVR,71,18,False,KernelSHAP,electron_density_M,0.04775123282618502,10.0,0.0
SVR,71,18,False,KernelSHAP,oxide_bandgap,0.10997749055450315,4.0,0.0
GBRT,71,19,False,PFI,electronegativity_M,0.0011646725606491689,8.0,0.0
GBRT,71,19,False,PFI,electronegativity_Mprime,0.0004635770456348933,9.0,0.0
GBRT,71,19,False,PFI,ionization_M,-0.00022368394039826227,12.0,0.0
GBRT,71,19,False,PFI,ionization_Mprime,-5.982973270741571e-05,10.0,0.0
GBRT,71,19,False,PFI,radius_M,0.006586766285175352,6.0,0.0
GBRT,71,19,False,PFI,radius_Mprime,-0.0005309761632706099,13.0,0.0
GBRT,71,19,False,PFI,oxide_enthalpy_M,0.04576411398657534,2.0,1.0
GBRT,71,19,False,PFI,oxide_enthalpy_Mprime,-0.0014444174371959486,14.0,0.0
GBRT,71,19,False,PFI,mixing_enthalpy,0.011958968716379154,5.0,0.0
GBRT,71,19,False,PFI,sublimation_M,0.018070732412666192,4.0,0.0
GBRT,71,19,False,PFI,sublimation_Mprime,-0.00010683384928797413,11.0,0.0
GBRT,71,19,False,PFI,surface_energy_M,0.23443442186592942,1.0,1.0
GBRT,71,19,False,PFI,electron_density_M,0.002111612910601924,7.0,0.0
GBRT,71,19,False,PFI,oxide_bandgap,0.01948921266634623,3.0,1.0
GBRT,71,19,False,KernelSHAP,electronegativity_M,0.02459279453943746,10.0,0.0
GBRT,71,19,False,KernelSHAP,electronegativity_Mprime,0.048986249605211724,7.0,0.0
GBRT,71,19,False,KernelSHAP,ionization_M,0.017917159127256936,12.0,0.0
GBRT,71,19,False,KernelSHAP,ionization_Mprime,0.021406059861880343,11.0,0.0
GBRT,71,19,False,KernelSHAP,radius_M,0.024697344369569572,9.0,0.0
GBRT,71,19,False,KernelSHAP,radius_Mprime,0.07275551098926213,5.0,0.0
GBRT,71,19,False,KernelSHAP,oxide_enthalpy_M,0.11477261170894397,2.0,1.0
GBRT,71,19,False,KernelSHAP,oxide_enthalpy_Mprime,0.050122570289897805,6.0,0.0
GBRT,71,19,False,KernelSHAP,mixing_enthalpy,0.04862484885650501,8.0,0.0
GBRT,71,19,False,KernelSHAP,sublimation_M,0.10040649031691155,3.0,1.0
GBRT,71,19,False,KernelSHAP,sublimation_Mprime,0.011235600152061917,13.0,0.0
GBRT,71,19,False,KernelSHAP,surface_energy_M,0.30810604350606374,1.0,1.0
GBRT,71,19,False,KernelSHAP,electron_density_M,0.006222446340962668,14.0,0.0
GBRT,71,19,False,KernelSHAP,oxide_bandgap,0.07841841401417177,4.0,0.0
LR,71,19,False,PFI,electronegativity_M,8.270031801245238e-05,13.0,0.0
LR,71,19,False,PFI,electronegativity_Mprime,0.009130145877421288,10.0,0.0
LR,71,19,False,PFI,ionization_M,0.009452930529813662,9.0,0.0
LR,71,19,False,PFI,ionization_Mprime,0.011216146520580181,8.0,0.0
LR,71,19,False,PFI,radius_M,0.032522390555482304,5.0,0.0
LR,71,19,False,PFI,radius_Mprime,0.0011435604198001838,12.0,0.0
LR,71,19,False,PFI,oxide_enthalpy_M,0.16805446909411922,2.0,1.0
LR,71,19,False,PFI,oxide_enthalpy_Mprime,0.06685251595129599,4.0,0.0
LR,71,19,False,PFI,mixing_enthalpy,0.03099941132405141,6.0,0.0
LR,71,19,False,PFI,sublimation_M,-0.000388895110021676,14.0,0.0
LR,71,19,False,PFI,sublimation_Mprime,0.007986779927741371,11.0,0.0
LR,71,19,False,PFI,surface_energy_M,0.6785299177766807,1.0,1.0
LR,71,19,False,PFI,electron_density_M,0.07112541108418052,3.0,1.0
LR,71,19,False,PFI,oxide_bandgap,0.012055454552161895,7.0,0.0
LR,71,19,False,KernelSHAP,electronegativity_M,0.0015242839611752732,14.0,0.0
LR,71,19,False,KernelSHAP,electronegativity_Mprime,0.10817256406813235,5.0,0.0
LR,71,19,False,KernelSHAP,ionization_M,0.07188223676937135,9.0,0.0
LR,71,19,False,KernelSHAP,ionization_Mprime,0.04429167221457853,11.0,0.0
LR,71,19,False,KernelSHAP,radius_M,0.10610974673422507,6.0,0.0
LR,71,19,False,KernelSHAP,radius_Mprime,0.03538275448149788,12.0,0.0
LR,71,19,False,KernelSHAP,oxide_enthalpy_M,0.24433089460508947,2.0,1.0
LR,71,19,False,KernelSHAP,oxide_enthalpy_Mprime,0.1770045240233988,3.0,1.0
LR,71,19,False,KernelSHAP,mixing_enthalpy,0.08011428746412277,8.0,0.0
LR,71,19,False,KernelSHAP,sublimation_M,0.01298991429276404,13.0,0.0
LR,71,19,False,KernelSHAP,sublimation_Mprime,0.08949214586967513,7.0,0.0
LR,71,19,False,KernelSHAP,surface_energy_M,0.5552113782521988,1.0,1.0
LR,71,19,False,KernelSHAP,electron_density_M,0.13086338696150546,4.0,0.0
LR,71,19,False,KernelSHAP,oxide_bandgap,0.06940208331974573,10.0,0.0
RF,71,19,False,PFI,electronegativity_M,0.0004936708908588124,8.0,0.0
RF,71,19,False,PFI,electronegativity_Mprime,-0.0052706089367972175,13.0,0.0
RF,71,19,False,PFI,ionization_M,0.0003901299495256046,9.0,0.0
RF,71,19,False,PFI,ionization_Mprime,-0.00116085100273258,12.0,0.0
RF,71,19,False,PFI,radius_M,0.008874471508564859,4.0,0.0
RF,71,19,False,PFI,radius_Mprime,-0.005332205025299025,14.0,0.0
RF,71,19,False,PFI,oxide_enthalpy_M,0.020703280284500827,3.0,1.0
RF,71,19,False,PFI,oxide_enthalpy_Mprime,-0.00046614145774875095,10.0,0.0
RF,71,19,False,PFI,mixing_enthalpy,0.004386137213116762,7.0,0.0
RF,71,19,False,PFI,sublimation_M,0.030841673198538318,2.0,1.0
RF,71,19,False,PFI,sublimation_Mprime,-0.000529103178959926,11.0,0.0
RF,71,19,False,PFI,surface_energy_M,0.08660426341525569,1.0,1.0
RF,71,19,False,PFI,electron_density_M,0.0072527102821208925,5.0,0.0
RF,71,19,False,PFI,oxide_bandgap,0.004799657814870889,6.0,0.0
RF,71,19,False,KernelSHAP,electronegativity_M,0.0354787748472912,8.0,0.0
RF,71,19,False,KernelSHAP,electronegativity_Mprime,0.04584364793712615,5.0,0.0
RF,71,19,False,KernelSHAP,ionization_M,0.005940019414353087,14.0,0.0
RF,71,19,False,KernelSHAP,ionization_Mprime,0.027608126936796328,11.0,0.0
RF,71,19,False,KernelSHAP,radius_M,0.03704068059112342,6.0,0.0
RF,71,19,False,KernelSHAP,radius_Mprime,0.0555204581645202,3.0,1.0
RF,71,19,False,KernelSHAP,oxide_enthalpy_M,0.05153712569037865,4.0,0.0
RF,71,19,False,KernelSHAP,oxide_enthalpy_Mprime,0.030725192303573266,10.0,0.0
RF,71,19,False,KernelSHAP,mixing_enthalpy,0.03253551795154161,9.0,0.0
RF,71,19,False,KernelSHAP,sublimation_M,0.13060724817130817,2.0,1.0
RF,71,19,False,KernelSHAP,sublimation_Mprime,0.010444329652782873,13.0,0.0
RF,71,19,False,KernelSHAP,surface_energy_M,0.20451375748913458,1.0,1.0
RF,71,19,False,KernelSHAP,electron_density_M,0.013473882796361934,12.0,0.0
RF,71,19,False,KernelSHAP,oxide_bandgap,0.035976164891909086,7.0,0.0
SVR,71,19,False,PFI,electronegativity_M,0.019848114680161375,7.0,0.0
SVR,71,19,False,PFI,electronegativity_Mprime,0.024101461905481632,5.0,0.0
SVR,71,19,False,PFI,ionization_M,0.004829999443931356,13.0,0.0
SVR,71,19,False,PFI,ionization_Mprime,0.013419922287042167,9.0,0.0
SVR,71,19,False,PFI,radius_M,0.06381547211933572,3.0,1.0
SVR,71,19,False,PFI,radius_Mprime,0.0025759526371231284,14.0,0.0
SVR,71,19,False,PFI,oxide_enthalpy_M,0.14560453592668532,2.0,1.0
SVR,71,19,False,PFI,oxide_enthalpy_Mprime,0.0160245354667742,8.0,0.0
SVR,71,19,False,PFI,mixing_enthalpy,0.006493239893759404,12.0,0.0
SVR,71,19,False,PFI,sublimation_M,0.027470122564646416,4.0,0.0
SVR,71,19,False,PFI,sublimation_Mprime,0.007328288267245198,11.0,0.0
SVR,71,19,False,PFI,surface_energy_M,0.19543873358088043,1.0,1.0
SVR,71,19,False,PFI,electron_density_M,0.010175598735291386,10.0,0.0
SVR,71,19,False,PFI,oxide_bandgap,0.021110341466539805,6.0,0.0
SVR,71,19,False,KernelSHAP,electronegativity_M,0.07429837186813236,8.0,0.0
SVR,71,19,False,KernelSHAP,electronegativity_Mprime,0.10211508087591731,4.0,0.0
SVR,71,19,False,KernelSHAP,ionization_M,0.04399059514628007,10.0,0.0
SVR,71,19,False,KernelSHAP,ionization_Mprime,0.021381122330787313,12.0,0.0
SVR,71,19,False,KernelSHAP,radius_M,0.1528493294126088,3.0,1.0
SVR,71,19,False,KernelSHAP,radius_Mprime,0.017772923076819255,13.0,0.0
SVR,71,19,False,KernelSHAP,oxide_enthalpy_M,0.21173455903854707,2.0,1.0
SVR,71,19,False,KernelSHAP,oxide_enthalpy_Mprime,0.0804010319048018,7.0,0.0
SVR,71,19,False,KernelSHAP,mixing_enthalpy,0.016286763682295202,14.0,0.0
SVR,71,19,False,KernelSHAP,sublimation_M,0.09808039289018605,5.0,0.0
SVR,71,19,False,KernelSHAP,sublimation_Mprime,0.024123422490002724,11.0,0.0
SVR,71,19,False,KernelSHAP,surface_energy_M,0.30535840008448895,1.0,1.0
SVR,71,19,False,KernelSHAP,electron_density_M,0.08306913247350006,6.0,0.0
SVR,71,19,False,KernelSHAP,oxide_bandgap,0.05660685457276964,9.0,0.0
GBRT,71,1,False,PFI,electronegativity_M,0.0032292677575658374,9.0,0.0
GBRT,71,1,False,PFI,electronegativity_Mprime,0.006721502662905104,6.0,0.0
GBRT,71,1,False,PFI,ionization_M,7.617369629961355e-05,11.0,0.0
GBRT,71,1,False,PFI,ionization_Mprime,0.005163330455447845,8.0,0.0
GBRT,71,1,False,PFI,radius_M,0.0015290915454820883,10.0,0.0
GBRT,71,1,False,PFI,radius_Mprime,-0.002100016808235893,13.0,0.0
GBRT,71,1,False,PFI,oxide_enthalpy_M,0.034313634787804984,3.0,1.0
GBRT,71,1,False,PFI,oxide_enthalpy_Mprime,0.019634015307471667,4.0,0.0
GBRT,71,1,False,PFI,mixing_enthalpy,-0.014025268088211893,14.0,0.0
GBRT,71,1,False,PFI,sublimation_M,0.0979237030839916,1.0,1.0
GBRT,71,1,False,PFI,sublimation_Mprime,-0.0017535601066336918,12.0,0.0
GBRT,71,1,False,PFI,surface_energy_M,0.09213329450833313,2.0,1.0
GBRT,71,1,False,PFI,electron_density_M,0.006456577859592791,7.0,0.0
GBRT,71,1,False,PFI,oxide_bandgap,0.012051548703594813,5.0,0.0
GBRT,71,1,False,KernelSHAP,electronegativity_M,0.01672254945598571,13.0,0.0
GBRT,71,1,False,KernelSHAP,electronegativity_Mprime,0.07241619645914633,4.0,0.0
GBRT,71,1,False,KernelSHAP,ionization_M,0.003917775342409855,14.0,0.0
GBRT,71,1,False,KernelSHAP,ionization_Mprime,0.017410539887772213,12.0,0.0
GBRT,71,1,False,KernelSHAP,radius_M,0.025028803312881924,10.0,0.0
GBRT,71,1,False,KernelSHAP,radius_Mprime,0.03219039392862565,8.0,0.0
GBRT,71,1,False,KernelSHAP,oxide_enthalpy_M,0.0721712716049553,5.0,0.0
GBRT,71,1,False,KernelSHAP,oxide_enthalpy_Mprime,0.1419005633808629,3.0,1.0
GBRT,71,1,False,KernelSHAP,mixing_enthalpy,0.043148183362193046,7.0,0.0
GBRT,71,1,False,KernelSHAP,sublimation_M,0.20823670183845527,1.0,1.0
GBRT,71,1,False,KernelSHAP,sublimation_Mprime,0.03161737390057012,9.0,0.0
GBRT,71,1,False,KernelSHAP,surface_energy_M,0.20182108038280638,2.0,1.0
GBRT,71,1,False,KernelSHAP,electron_density_M,0.0225788468556568,11.0,0.0
GBRT,71,1,False,KernelSHAP,oxide_bandgap,0.04606924361323068,6.0,0.0
LR,71,1,False,PFI,electronegativity_M,0.0028045514230647123,13.0,0.0
LR,71,1,False,PFI,electronegativity_Mprime,0.001984021820664309,14.0,0.0
LR,71,1,False,PFI,ionization_M,0.009388353987170115,11.0,0.0
LR,71,1,False,PFI,ionization_Mprime,0.03357875391569692,7.0,0.0
LR,71,1,False,PFI,radius_M,0.022086418052432617,10.0,0.0
LR,71,1,False,PFI,radius_Mprime,0.059028422413251194,5.0,0.0
LR,71,1,False,PFI,oxide_enthalpy_M,0.09793801631731086,4.0,0.0
LR,71,1,False,PFI,oxide_enthalpy_Mprime,0.13463160877906763,2.0,1.0
LR,71,1,False,PFI,mixing_enthalpy,0.043778580589444394,6.0,0.0
LR,71,1,False,PFI,sublimation_M,0.008733598178277529,12.0,0.0
LR,71,1,False,PFI,sublimation_Mprime,0.03181342293424388,8.0,0.0
LR,71,1,False,PFI,surface_energy_M,0.6270055362348312,1.0,1.0
LR,71,1,False,PFI,electron_density_M,0.10646274609045436,3.0,1.0
LR,71,1,False,PFI,oxide_bandgap,0.024792792506032748,9.0,0.0
LR,71,1,False,KernelSHAP,electronegativity_M,0.032228691874625924,13.0,0.0
LR,71,1,False,KernelSHAP,electronegativity_Mprime,0.01859282699138747,14.0,0.0
LR,71,1,False,KernelSHAP,ionization_M,0.05423132432900879,12.0,0.0
LR,71,1,False,KernelSHAP,ionization_Mprime,0.09975351757129196,8.0,0.0
LR,71,1,False,KernelSHAP,radius_M,0.08197175743918222,10.0,0.0
LR,71,1,False,KernelSHAP,radius_Mprime,0.15408467395818864,5.0,0.0
LR,71,1,False,KernelSHAP,oxide_enthalpy_M,0.19419210139564763,3.0,1.0
LR,71,1,False,KernelSHAP,oxide_enthalpy_Mprime,0.25149218945791235,2.0,1.0
LR,71,1,False,KernelSHAP,mixing_enthalpy,0.10893152487653364,7.0,0.0
LR,71,1,False,KernelSHAP,sublimation_M,0.06673821440109863,11.0,0.0
LR,71,1,False,KernelSHAP,sublimation_Mprime,0.1321446174976081,6.0,0.0
LR,71,1,False,KernelSHAP,surface_energy_M,0.5262147266836148,1.0,1.0
LR,71,1,False,KernelSHAP,electron_density_M,0.17990322166123926,4.0,0.0
LR,71,1,False,KernelSHAP,oxide_bandgap,0.09078543216409764,9.0,0.0
RF,71,1,False,PFI,electronegativity_M,0.002490709064066121,7.0,0.0
RF,71,1,False,PFI,electronegativity_Mprime,-0.0017246980198927712,14.0,0.0
RF,71,1,False,PFI,ionization_M,0.0019761857328422384,9.0,0.0
RF,71,1,False,PFI,ionization_Mprime,0.00038381016825577937,11.0,0.0
RF,71,1,False,PFI,radius_M,0.005409094277833324,6.0,0.0
RF,71,1,False,PFI,radius_Mprime,0.0011752884282300448,10.0,0.0
RF,71,1,False,PFI,oxide_enthalpy_M,0.016817648011981635,3.0,1.0
RF,71,1,False,PFI,oxide_enthalpy_Mprime,0.009697801088504243,5.0,0.0
RF,71,1,False,PFI,mixing_enthalpy,0.002020737719880248,8.0,0.0
RF,71,1,False,PFI,sublimation_M,0.036323073110812176,2.0,1.0
RF,71,1,False,PFI,sublimation_Mprime,-8.615090071048617e-05,12.0,0.0
RF,71,1,False,PFI,surface_energy_M,0.04389502287154909,1.0,1.0
RF,71,1,False,PFI,electron_density_M,-0.0010450408771684482,13.0,0.0
RF,71,1,False,PFI,oxide_bandgap,0.01650258425879494,4.0,0.0
RF,71,1,False,KernelSHAP,electronegativity_M,0.01263042270819706,10.0,0.0
RF,71,1,False,KernelSHAP,electronegativity_Mprime,0.028286903059003745,8.0,0.0
RF,71,1,False,KernelSHAP,ionization_M,0.007845226061044161,13.0,0.0
RF,71,1,False,KernelSHAP,ionization_Mprime,0.006821045043434546,14.0,0.0
RF,71,1,False,KernelSHAP,radius_M,0.03446600085512422,7.0,0.0
RF,71,1,False,KernelSHAP,radius_Mprime,0.020122189621168636,9.0,0.0
RF,71,1,False,KernelSHAP,oxide_enthalpy_M,0.041702486010246315,5.0,0.0
RF,71,1,False,KernelSHAP,oxide_enthalpy_Mprime,0.06287001259261153,3.0,1.0
RF,71,1,False,KernelSHAP,mixing_enthalpy,0.010963001120990542,11.0,0.0
RF,71,1,False,KernelSHAP,sublimation_M,0.15035786616395355,2.0,1.0
RF,71,1,False,KernelSHAP,sublimation_Mprime,0.010640087129676214,12.0,0.0
RF,71,1,False,KernelSHAP,surface_energy_M,0.1714242505693774,1.0,1.0
RF,71,1,False,KernelSHAP,electron_density_M,0.04165151728425245,6.0,0.0
RF,71,1,False,KernelSHAP,oxide_bandgap,0.05141391149060348,4.0,0.0
SVR,71,1,False,PFI,electronegativity_M,0.021221380662849676,8.0,0.0
SVR,71,1,False,PFI,electronegativity_Mprime,0.011104498839869173,11.0,0.0
SVR,71,1,False,PFI,ionization_M,0.001103046761955407,14.0,0.0
SVR,71,1,False,PFI,ionization_Mprime,0.016697039406594928,9.0,0.0
SVR,71,1,False,PFI,radius_M,0.03596450442438055,5.0,0.0
SVR,71,1,False,PFI,radius_Mprime,0.023682626631201225,7.0,0.0
SVR,71,1,False,PFI,oxide_enthalpy_M,0.10124937928211698,2.0,1.0
SVR,71,1,False,PFI,oxide_enthalpy_Mprime,0.03905065352165079,4.0,0.0
SVR,71,1,False,PFI,mixing_enthalpy,0.0023595784427814033,13.0,0.0
SVR,71,1,False,PFI,sublimation_M,0.05184732914479752,3.0,1.0
SVR,71,1,False,PFI,sublimation_Mprime,0.02708007378380635,6.0,0.0
SVR,71,1,False,PFI,surface_energy_M,0.24648045993564935,1.0,1.0
SVR,71,1,False,PFI,electron_density_M,0.0033105873456018573,12.0,0.0
SVR,71,1,False,PFI,oxide_bandgap,0.013560605898040333,10.0,0.0
SVR,71,1,False,KernelSHAP,electronegativity_M,0.04941796677602989,8.0,0.0
SVR,71,1,False,KernelSHAP,electronegativity_Mprime,0.046524907864893966,9.0,0.0
SVR,71,1,False,KernelSHAP,ionization_M,0.04072003390797246,11.0,0.0
SVR,71,1,False,KernelSHAP,ionization_Mprime,0.02736970242906331,13.0,0.0
SVR,71,1,False,KernelSHAP,radius_M,0.11608141669580324,5.0,0.0
SVR,71,1,False,KernelSHAP,radius_Mprime,0.10572044143929947,6.0,0.0
SVR,71,1,False,KernelSHAP,oxide_enthalpy_M,0.18626222758775807,2.0,1.0
SVR,71,1,False,KernelSHAP,oxide_enthalpy_Mprime,0.16100929566544256,3.0,1.0
SVR,71,1,False,KernelSHAP,mixing_enthalpy,0.022703298446142203,14.0,0.0
SVR,71,1,False,KernelSHAP,sublimation_M,0.14469560023649583,4.0,0.0
SVR,71,1,False,KernelSHAP,sublimation_Mprime,0.08716181243091975,7.0,0.0
SVR,71,1,False,KernelSHAP,surface_energy_M,0.30735495507235294,1.0,1.0
SVR,71,1,False,KernelSHAP,electron_density_M,0.033450620931855024,12.0,0.0
SVR,71,1,False,KernelSHAP,oxide_bandgap,0.0431867478880822,10.0,0.0
GBRT,71,20,False,PFI,electronegativity_M,0.003025259210437304,8.0,0.0
GBRT,71,20,False,PFI,electronegativity_Mprime,-0.007026723875600156,13.0,0.0
GBRT,71,20,False,PFI,ionization_M,0.001230899145522724,9.0,0.0
GBRT,71,20,False,PFI,ionization_Mprime,-0.0005347017007053279,10.0,0.0
GBRT,71,20,False,PFI,radius_M,0.007813459831146783,7.0,0.0
GBRT,71,20,False,PFI,radius_Mprime,0.009927420440595865,6.0,0.0
GBRT,71,20,False,PFI,oxide_enthalpy_M,0.03892250611930893,3.0,1.0
GBRT,71,20,False,PFI,oxide_enthalpy_Mprime,-0.002249920631996292,11.0,0.0
GBRT,71,20,False,PFI,mixing_enthalpy,-0.006438948562829588,12.0,0.0
GBRT,71,20,False,PFI,sublimation_M,0.050416070944290875,2.0,1.0
GBRT,71,20,False,PFI,sublimation_Mprime,-0.008830256947193265,14.0,0.0
GBRT,71,20,False,PFI,surface_energy_M,0.08930802195450677,1.0,1.0
GBRT,71,20,False,PFI,electron_density_M,0.020343186791647372,5.0,0.0
GBRT,71,20,False,PFI,oxide_bandgap,0.024467061205079407,4.0,0.0
GBRT,71,20,False,KernelSHAP,electronegativity_M,0.02388717033914079,11.0,0.0
GBRT,71,20,False,KernelSHAP,electronegativity_Mprime,0.07076147598193865,5.0,0.0
GBRT,71,20,False,KernelSHAP,ionization_M,0.012452695715217921,13.0,0.0
GBRT,71,20,False,KernelSHAP,ionization_Mprime,0.011506459658895804,14.0,0.0
GBRT,71,20,False,KernelSHAP,radius_M,0.01686341162221006,12.0,0.0
GBRT,71,20,False,KernelSHAP,radius_Mprime,0.03362898855000938,7.0,0.0
GBRT,71,20,False,KernelSHAP,oxide_enthalpy_M,0.07935769654281005,4.0,0.0
GBRT,71,20,False,KernelSHAP,oxide_enthalpy_Mprime,0.07000510700809709,6.0,0.0
GBRT,71,20,False,KernelSHAP,mixing_enthalpy,0.029865212929039223,8.0,0.0
GBRT,71,20,False,KernelSHAP,sublimation_M,0.20885448538565385,2.0,1.0
GBRT,71,20,False,KernelSHAP,sublimation_Mprime,0.027817339300122996,10.0,0.0
GBRT,71,20,False,KernelSHAP,surface_energy_M,0.21892694008814867,1.0,1.0
GBRT,71,20,False,KernelSHAP,electron_density_M,0.02877047175698401,9.0,0.0
GBRT,71,20,False,KernelSHAP,oxide_bandgap,0.10989235638508964,3.0,1.0
LR,71,20,False,PFI,electronegativity_M,0.01487713172059243,11.0,0.0
LR,71,20,False,PFI,electronegativity_Mprime,-0.00022161440387005206,14.0,0.0
LR,71,20,False,PFI,ionization_M,0.023741925159717625,8.0,0.0
LR,71,20,False,PFI,ionization_Mprime,0.016915684396580994,10.0,0.0
LR,71,20,False,PFI,radius_M,0.07865006814218979,6.0,0.0
LR,71,20,False,PFI,radius_Mprime,0.003125152449927653,13.0,0.0
LR,71,20,False,PFI,oxide_enthalpy_M,0.08038095442597923,5.0,0.0
LR,71,20,False,PFI,oxide_enthalpy_Mprime,0.15356077295758636,3.0,1.0
LR,71,20,False,PFI,mixing_enthalpy,0.08902169634187619,4.0,0.0
LR,71,20,False,PFI,sublimation_M,0.02138899607616202,9.0,0.0
LR,71,20,False,PFI,sublimation_Mprime,0.034469282155415115,7.0,0.0
LR,71,20,False,PFI,surface_energy_M,0.9375768670113533,1.0,1.0
LR,71,20,False,PFI,electron_density_M,0.259129613671689,2.0,1.0
LR,71,20,False,PFI,oxide_bandgap,0.003342764079289052,12.0,0.0
LR,71,20,False,KernelSHAP,electronegativity_M,0.0806190652866971,11.0,0.0
LR,71,20,False,KernelSHAP,electronegativity_Mprime,0.08146220636197311,10.0,0.0
LR,71,20,False,KernelSHAP,ionization_M,0.08491937457306073,9.0,0.0
LR,71,20,False,KernelSHAP,ionization_Mprime,0.059953825887086976,13.0,0.0
LR,71,20,False,KernelSHAP,radius_M,0.15982723016061345,6.0,0.0
LR,71,20,False,KernelSHAP,radius_Mprime,0.06773305129492886,12.0,0.0
LR,71,20,False,KernelSHAP,oxide_enthalpy_M,0.17193936622445868,4.0,0.0
LR,71,20,False,KernelSHAP,oxide_enthalpy_Mprime,0.25916541892918066,3.0,1.0
LR,71,20,False,KernelSHAP,mixing_enthalpy,0.14783970928421553,7.0,0.0
LR,71,20,False,KernelSHAP,sublimation_M,0.11260929117769328,8.0,0.0
LR,71,20,False,KernelSHAP,sublimation_Mprime,0.16021326576710893,5.0,0.0
LR,71,20,False,KernelSHAP,surface_energy_M,0.6716726283796548,1.0,1.0
LR,71,20,False,KernelSHAP,electron_density_M,0.2676493009665576,2.0,1.0
LR,71,20,False,KernelSHAP,oxide_bandgap,0.026743477233459375,14.0,0.0
RF,71,20,False,PFI,electronegativity_M,0.004254685626415138,6.0,0.0
RF,71,20,False,PFI,electronegativity_Mprime,-0.011122183291471069,14.0,0.0
RF,71,20,False,PFI,ionization_M,-0.0027976176337408407,11.0,0.0
RF,71,20,False,PFI,ionization_Mprime,-0.001223771180721706,9.0,0.0
RF,71,20,False,PFI,radius_M,0.010767449389044089,4.0,0.0
RF,71,20,False,PFI,radius_Mprime,-0.007405281086698236,13.0,0.0
RF,71,20,False,PFI,oxide_enthalpy_M,0.017313596601427672,3.0,1.0
RF,71,20,False,PFI,oxide_enthalpy_Mprime,0.000255015379628871,8.0,0.0
RF,71,20,False,PFI,mixing_enthalpy,0.001119624730231222,7.0,0.0
RF,71,20,False,PFI,sublimation_M,0.025194518071379478,2.0,1.0
RF,71,20,False,PFI,sublimation_Mprime,-0.0032490762194391947,12.0,0.0
RF,71,20,False,PFI,surface_energy_M,0.053595400792166514,1.0,1.0
RF,71,20,False,PFI,electron_density_M,-0.002737959214394167,10.0,0.0
RF,71,20,False,PFI,oxide_bandgap,0.010676320022839924,5.0,0.0
RF,71,20,False,KernelSHAP,electronegativity_M,0.029042785388492476,10.0,0.0
RF,71,20,False,KernelSHAP,electronegativity_Mprime,0.060405421020710844,3.0,1.0
RF,71,20,False,KernelSHAP,ionization_M,0.015356800009465162,12.0,0.0
RF,71,20,False,KernelSHAP,ionization_Mprime,0.01330951438075604,14.0,0.0
RF,71,20,False,KernelSHAP,radius_M,0.03445154630682078,9.0,0.0
RF,71,20,False,KernelSHAP,radius_Mprime,0.04414347176656488,7.0,0.0
RF,71,20,False,KernelSHAP,oxide_enthalpy_M,0.03951528736407492,8.0,0.0
RF,71,20,False,KernelSHAP,oxide_enthalpy_Mprime,0.048976010924612845,5.0,0.0
RF,71,20,False,KernelSHAP,mixing_enthalpy,0.027175542704352407,11.0,0.0
RF,71,20,False,KernelSHAP,sublimation_M,0.1443220810715531,2.0,1.0
RF,71,20,False,KernelSHAP,sublimation_Mprime,0.014092051344085556,13.0,0.0
RF,71,20,False,KernelSHAP,surface_energy_M,0.17242809421442337,1.0,1.0
RF,71,20,False,KernelSHAP,electron_density_M,0.044250693729786086,6.0,0.0
RF,71,20,False,KernelSHAP,oxide_bandgap,0.054171109737157726,4.0,0.0
SVR,71,20,False,PFI,electronegativity_M,0.06724469540892278,3.0,1.0
SVR,71,20,False,PFI,electronegativity_Mprime,0.013170011931676554,9.0,0.0
SVR,71,20,False,PFI,ionization_M,0.0031629432184106373,13.0,0.0
SVR,71,20,False,PFI,ionization_Mprime,0.011061329636374169,11.0,0.0
SVR,71,20,False,PFI,radius_M,0.058718350505150736,4.0,0.0
SVR,71,20,False,PFI,radius_Mprime,-0.00011937513555183114,14.0,0.0
SVR,71,20,False,PFI,oxide_enthalpy_M,0.13704772361444872,1.0,1.0
SVR,71,20,False,PFI,oxide_enthalpy_Mprime,0.04754767500280267,5.0,0.0
SVR,71,20,False,PFI,mixing_enthalpy,0.02414819829095062,7.0,0.0
SVR,71,20,False,PFI,sublimation_M,0.027152223200853514,6.0,0.0
SVR,71,20,False,PFI,sublimation_Mprime,0.01806685059156721,8.0,0.0
SVR,71,20,False,PFI,surface_energy_M,0.12124289987956402,2.0,1.0
SVR,71,20,False,PFI,electron_density_M,0.004380336501500271,12.0,0.0
SVR,71,20,False,PFI,oxide_bandgap,0.012477411019190756,10.0,0.0
SVR,71,20,False,KernelSHAP,electronegativity_M,0.11902364471309407,5.0,0.0
SVR,71,20,False,KernelSHAP,electronegativity_Mprime,0.07781126794077096,9.0,0.0
SVR,71,20,False,KernelSHAP,ionization_M,0.06521122665189055,10.0,0.0
SVR,71,20,False,KernelSHAP,ionization_Mprime,0.024817113380704085,14.0,0.0
SVR,71,20,False,KernelSHAP,radius_M,0.13171780578127873,4.0,0.0
SVR,71,20,False,KernelSHAP,radius_Mprime,0.040504575660816416,12.0,0.0
SVR,71,20,False,KernelSHAP,oxide_enthalpy_M,0.19786315592874854,2.0,1.0
SVR,71,20,False,KernelSHAP,oxide_enthalpy_Mprime,0.14698501374794792,3.0,1.0
SVR,71,20,False,KernelSHAP,mixing_enthalpy,0.058255664582664096,11.0,0.0
SVR,71,20,False,KernelSHAP,sublimation_M,0.11766915680246864,6.0,0.0
SVR,71,20,False,KernelSHAP,sublimation_Mprime,0.09812840278396182,7.0,0.0
SVR,71,20,False,KernelSHAP,surface_energy_M,0.26376277693197464,1.0,1.0
SVR,71,20,False,KernelSHAP,electron_density_M,0.07889414272864814,8.0,0.0
SVR,71,20,False,KernelSHAP,oxide_bandgap,0.026846901588364558,13.0,0.0
GBRT,71,21,False,PFI,electronegativity_M,0.004935174738973888,8.0,0.0
GBRT,71,21,False,PFI,electronegativity_Mprime,0.0012371138733756645,12.0,0.0
GBRT,71,21,False,PFI,ionization_M,0.008634893335635163,7.0,0.0
GBRT,71,21,False,PFI,ionization_Mprime,7.32177123107652e-05,13.0,0.0
GBRT,71,21,False,PFI,radius_M,0.0247367814774495,3.0,1.0
GBRT,71,21,False,PFI,radius_Mprime,0.00355513972934153,10.0,0.0
GBRT,71,21,False,PFI,oxide_enthalpy_M,0.01478375740113831,4.0,0.0
GBRT,71,21,False,PFI,oxide_enthalpy_Mprime,0.004225206326069294,9.0,0.0
GBRT,71,21,False,PFI,mixing_enthalpy,-0.0037587005175969213,14.0,0.0
GBRT,71,21,False,PFI,sublimation_M,0.06649947997446501,2.0,1.0
GBRT,71,21,False,PFI,sublimation_Mprime,0.0027251790396094757,11.0,0.0
GBRT,71,21,False,PFI,surface_energy_M,0.18115055117394915,1.0,1.0
GBRT,71,21,False,PFI,electron_density_M,0.010263329294868782,6.0,0.0
GBRT,71,21,False,PFI,oxide_bandgap,0.012825315098725134,5.0,0.0
GBRT,71,21,False,KernelSHAP,electronegativity_M,0.024991353684643218,11.0,0.0
GBRT,71,21,False,KernelSHAP,electronegativity_Mprime,0.040924026795687456,8.0,0.0
GBRT,71,21,False,KernelSHAP,ionization_M,0.034818268582816676,9.0,0.0
GBRT,71,21,False,KernelSHAP,ionization_Mprime,0.017994901181100545,14.0,0.0
GBRT,71,21,False,KernelSHAP,radius_M,0.05426964380967933,6.0,0.0
GBRT,71,21,False,KernelSHAP,radius_Mprime,0.028539715728894077,10.0,0.0
GBRT,71,21,False,KernelSHAP,oxide_enthalpy_M,0.041505966861919465,7.0,0.0
GBRT,71,21,False,KernelSHAP,oxide_enthalpy_Mprime,0.07503138664609778,3.0,1.0
GBRT,71,21,False,KernelSHAP,mixing_enthalpy,0.05763710852257495,5.0,0.0
GBRT,71,21,False,KernelSHAP,sublimation_M,0.16067609079166856,2.0,1.0
GBRT,71,21,False,KernelSHAP,sublimation_Mprime,0.023106806157031486,12.0,0.0
GBRT,71,21,False,KernelSHAP,surface_energy_M,0.18968246840272165,1.0,1.0
GBRT,71,21,False,KernelSHAP,electron_density_M,0.02286974580781871,13.0,0.0
GBRT,71,21,False,KernelSHAP,oxide_bandgap,0.05833011559844202,4.0,0.0
LR,71,21,False,PFI,electronegativity_M,0.0005566917029138175,13.0,0.0
LR,71,21,False,PFI,electronegativity_Mprime,0.0014460027656088483,12.0,0.0
LR,71,21,False,PFI,ionization_M,0.023654326464563516,6.0,0.0
LR,71,21,False,PFI,ionization_Mprime,-0.004155359014767314,14.0,0.0
LR,71,21,False,PFI,radius_M,0.01816931054159446,8.0,0.0
LR,71,21,False,PFI,radius_Mprime,0.004390723045051435,11.0,0.0
LR,71,21,False,PFI,oxide_enthalpy_M,0.13268805266680037,3.0,1.0
LR,71,21,False,PFI,oxide_enthalpy_Mprime,0.043617103896948506,4.0,0.0
LR,71,21,False,PFI,mixing_enthalpy,0.03756894195020974,5.0,0.0
LR,71,21,False,PFI,sublimation_M,0.008136524236968,10.0,0.0
LR,71,21,False,PFI,sublimation_Mprime,0.011229324738617378,9.0,0.0
LR,71,21,False,PFI,surface_energy_M,0.6893853333743851,1.0,1.0
LR,71,21,False,PFI,electron_density_M,0.17199979232069953,2.0,1.0
LR,71,21,False,PFI,oxide_bandgap,0.018955243612535477,7.0,0.0
LR,71,21,False,KernelSHAP,electronegativity_M,0.03209366007686789,13.0,0.0
LR,71,21,False,KernelSHAP,electronegativity_Mprime,0.07015588618794437,9.0,0.0
LR,71,21,False,KernelSHAP,ionization_M,0.09798781633485064,5.0,0.0
LR,71,21,False,KernelSHAP,ionization_Mprime,0.025713790397295436,14.0,0.0
LR,71,21,False,KernelSHAP,radius_M,0.06612103764422302,12.0,0.0
LR,71,21,False,KernelSHAP,radius_Mprime,0.07473217243986037,8.0,0.0
LR,71,21,False,KernelSHAP,oxide_enthalpy_M,0.236376000112752,2.0,1.0
LR,71,21,False,KernelSHAP,oxide_enthalpy_Mprime,0.14100394643493344,4.0,0.0
LR,71,21,False,KernelSHAP,mixing_enthalpy,0.08728510139383135,7.0,0.0
LR,71,21,False,KernelSHAP,sublimation_M,0.06776909204433312,10.0,0.0
LR,71,21,False,KernelSHAP,sublimation_Mprime,0.09060764948056582,6.0,0.0
LR,71,21,False,KernelSHAP,surface_energy_M,0.5528845165220746,1.0,1.0
LR,71,21,False,KernelSHAP,electron_density_M,0.23236283732390253,3.0,1.0
LR,71,21,False,KernelSHAP,oxide_bandgap,0.06695762367456126,11.0,0.0
RF,71,21,False,PFI,electronegativity_M,-0.005664771556781722,14.0,0.0
RF,71,21,False,PFI,electronegativity_Mprime,0.002927246105972302,8.0,0.0
RF,71,21,False,PFI,ionization_M,-0.00033894161634991554,13.0,0.0
RF,71,21,False,PFI,ionization_Mprime,0.00011152431855556653,12.0,0.0
RF,71,21,False,PFI,radius_M,0.013897555798158209,3.0,1.0
RF,71,21,False,PFI,radius_Mprime,0.003133087596239916,7.0,0.0
RF,71,21,False,PFI,oxide_enthalpy_M,0.013254840068231697,4.0,0.0
RF,71,21,False,PFI,oxide_enthalpy_Mprime,0.0015397598628806564,10.0,0.0
RF,71,21,False,PFI,mixing_enthalpy,0.0008051033055467033,11.0,0.0
RF,71,21,False,PFI,sublimation_M,0.026414613675608475,2.0,1.0
RF,71,21,False,PFI,sublimation_Mprime,0.005764604208314331,5.0,0.0
RF,71,21,False,PFI,surface_energy_M,0.05172701564180538,1.0,1.0
RF,71,21,False,PFI,electron_density_M,0.0021728436993415146,9.0,0.0
RF,71,21,False,PFI,oxide_bandgap,0.0054172984829236525,6.0,0.0
RF,71,21,False,KernelSHAP,electronegativity_M,0.03709932182663004,8.0,0.0
RF,71,21,False,KernelSHAP,electronegativity_Mprime,0.03835813593346188,7.0,0.0
RF,71,21,False,KernelSHAP,ionization_M,0.00859366131780021,14.0,0.0
RF,71,21,False,KernelSHAP,ionization_Mprime,0.012092310826068977,12.0,0.0
RF,71,21,False,KernelSHAP,radius_M,0.05541883134864486,4.0,0.0
RF,71,21,False,KernelSHAP,radius_Mprime,0.02512116340402966,9.0,0.0
RF,71,21,False,KernelSHAP,oxide_enthalpy_M,0.06245996490847415,3.0,1.0
RF,71,21,False,KernelSHAP,oxide_enthalpy_Mprime,0.0537455825111486,5.0,0.0
RF,71,21,False,KernelSHAP,mixing_enthalpy,0.015384104204557329,11.0,0.0
RF,71,21,False,KernelSHAP,sublimation_M,0.10221538433431594,2.0,1.0
RF,71,21,False,KernelSHAP,sublimation_Mprime,0.01153321619780238,13.0,0.0
RF,71,21,False,KernelSHAP,surface_energy_M,0.11115468955246206,1.0,1.0
RF,71,21,False,KernelSHAP,electron_density_M,0.04568144261290709,6.0,0.0
RF,71,21,False,KernelSHAP,oxide_bandgap,0.0189875927311484,10.0,0.0
SVR,71,21,False,PFI,electronegativity_M,0.016127562429973256,6.0,0.0
SVR,71,21,False,PFI,electronegativity_Mprime,0.008325193321027071,11.0,0.0
SVR,71,21,False,PFI,ionization_M,0.009580446337241564,9.0,0.0
SVR,71,21,False,PFI,ionization_Mprime,0.00193439618175379,13.0,0.0
SVR,71,21,False,PFI,radius_M,0.036881207792799,4.0,0.0
SVR,71,21,False,PFI,radius_Mprime,-0.004685029843274637,14.0,0.0
SVR,71,21,False,PFI,oxide_enthalpy_M,0.13403067012960865,2.0,1.0
SVR,71,21,False,PFI,oxide_enthalpy_Mprime,0.02322837541914833,5.0,0.0
SVR,71,21,False,PFI,mixing_enthalpy,0.003462462046360562,12.0,0.0
SVR,71,21,False,PFI,sublimation_M,0.04114988716301711,3.0,1.0
SVR,71,21,False,PFI,sublimation_Mprime,0.012700888050488272,7.0,0.0
SVR,71,21,False,PFI,surface_energy_M,0.2243292356257078,1.0,1.0
SVR,71,21,False,PFI,electron_density_M,0.012697873137468204,8.0,0.0
SVR,71,21,False,PFI,oxide_bandgap,0.008726572299669022,10.0,0.0
SVR,71,21,False,KernelSHAP,electronegativity_M,0.06367402083551078,6.0,0.0
SVR,71,21,False,KernelSHAP,electronegativity_Mprime,0.0428655534435791,10.0,0.0
SVR,71,21,False,KernelSHAP,ionization_M,0.02801211755025425,12.0,0.0
SVR,71,21,False,KernelSHAP,ionization_Mprime,0.011996920800525676,14.0,0.0
SVR,71,21,False,KernelSHAP,radius_M,0.11752148800731864,5.0,0.0
SVR,71,21,False,KernelSHAP,radius_Mprime,0.031979719415157294,11.0,0.0
SVR,71,21,False,KernelSHAP,oxide_enthalpy_M,0.18572541192708694,2.0,1.0
SVR,71,21,False,KernelSHAP,oxide_enthalpy_Mprime,0.11768929400452631,4.0,0.0
SVR,71,21,False,KernelSHAP,mixing_enthalpy,0.024679173702645066,13.0,0.0
SVR,71,21,False,KernelSHAP,sublimation_M,0.16131317191276598,3.0,1.0
SVR,71,21,False,KernelSHAP,sublimation_Mprime,0.053632799997482834,8.0,0.0
SVR,71,21,False,KernelSHAP,surface_energy_M,0.32304604749906596,1.0,1.0
SVR,71,21,False,KernelSHAP,electron_density_M,0.04594041874448752,9.0,0.0
SVR,71,21,False,KernelSHAP,oxide_bandgap,0.05700101811608184,7.0,0.0
GBRT,71,22,False,PFI,electronegativity_M,0.005736392656750153,8.0,0.0
GBRT,71,22,False,PFI,electronegativity_Mprime,0.0027950762627360543,11.0,0.0
GBRT,71,22,False,PFI,ionization_M,0.008412489113787898,7.0,0.0
GBRT,71,22,False,PFI,ionization_Mprime,0.0010245776184455804,13.0,0.0
GBRT,71,22,False,PFI,radius_M,0.001066483217303763,12.0,0.0
GBRT,71,22,False,PFI,radius_Mprime,0.003134694286523874,10.0,0.0
GBRT,71,22,False,PFI,oxide_enthalpy_M,0.04147820025572347,2.0,1.0
GBRT,71,22,False,PFI,oxide_enthalpy_Mprime,0.004866624645682254,9.0,0.0
GBRT,71,22,False,PFI,mixing_enthalpy,0.016703254241715596,6.0,0.0
GBRT,71,22,False,PFI,sublimation_M,0.021619770469092813,4.0,0.0
GBRT,71,22,False,PFI,sublimation_Mprime,0.0007106970253327824,14.0,0.0
GBRT,71,22,False,PFI,surface_energy_M,0.27480520328894753,1.0,1.0
GBRT,71,22,False,PFI,electron_density_M,0.027417506374731282,3.0,1.0
GBRT,71,22,False,PFI,oxide_bandgap,0.0173432027332099,5.0,0.0
GBRT,71,22,False,KernelSHAP,electronegativity_M,0.024030437819009175,10.0,0.0
GBRT,71,22,False,KernelSHAP,electronegativity_Mprime,0.02851745766556028,8.0,0.0
GBRT,71,22,False,KernelSHAP,ionization_M,0.024004987848568873,11.0,0.0
GBRT,71,22,False,KernelSHAP,ionization_Mprime,0.01073444465385345,14.0,0.0
GBRT,71,22,False,KernelSHAP,radius_M,0.014708273703941609,12.0,0.0
GBRT,71,22,False,KernelSHAP,radius_Mprime,0.027253187455877043,9.0,0.0
GBRT,71,22,False,KernelSHAP,oxide_enthalpy_M,0.0952400273985249,3.0,1.0
GBRT,71,22,False,KernelSHAP,oxide_enthalpy_Mprime,0.053781751654922154,5.0,0.0
GBRT,71,22,False,KernelSHAP,mixing_enthalpy,0.04245802557568282,6.0,0.0
GBRT,71,22,False,KernelSHAP,sublimation_M,0.13685334657093556,2.0,1.0
GBRT,71,22,False,KernelSHAP,sublimation_Mprime,0.01342007673867492,13.0,0.0
GBRT,71,22,False,KernelSHAP,surface_energy_M,0.3562779691661644,1.0,1.0
GBRT,71,22,False,KernelSHAP,electron_density_M,0.03934636728182197,7.0,0.0
GBRT,71,22,False,KernelSHAP,oxide_bandgap,0.08228834438854786,4.0,0.0
LR,71,22,False,PFI,electronegativity_M,0.05207210698123568,5.0,0.0
LR,71,22,False,PFI,electronegativity_Mprime,0.0015042450981632603,14.0,0.0
LR,71,22,False,PFI,ionization_M,0.014979740631688328,12.0,0.0
LR,71,22,False,PFI,ionization_Mprime,0.043142954337155134,6.0,0.0
LR,71,22,False,PFI,radius_M,0.0819775928958241,3.0,1.0
LR,71,22,False,PFI,radius_Mprime,0.01876930705623225,9.0,0.0
LR,71,22,False,PFI,oxide_enthalpy_M,0.08029148662495002,4.0,0.0
LR,71,22,False,PFI,oxide_enthalpy_Mprime,0.11717935730629628,2.0,1.0
LR,71,22,False,PFI,mixing_enthalpy,0.032842809714904955,7.0,0.0
LR,71,22,False,PFI,sublimation_M,0.025730264991219425,8.0,0.0
LR,71,22,False,PFI,sublimation_Mprime,0.018747032785459236,10.0,0.0
LR,71,22,False,PFI,surface_energy_M,0.3900970936528925,1.0,1.0
LR,71,22,False,PFI,electron_density_M,0.015082100372493879,11.0,0.0
LR,71,22,False,PFI,oxide_bandgap,0.014700230069463563,13.0,0.0
LR,71,22,False,KernelSHAP,electronegativity_M,0.09998687123993279,8.0,0.0
LR,71,22,False,KernelSHAP,electronegativity_Mprime,0.00881175702176139,14.0,0.0
LR,71,22,False,KernelSHAP,ionization_M,0.09365953240190648,10.0,0.0
LR,71,22,False,KernelSHAP,ionization_Mprime,0.10202230338527124,7.0,0.0
LR,71,22,False,KernelSHAP,radius_M,0.17933798551629557,3.0,1.0
LR,71,22,False,KernelSHAP,radius_Mprime,0.09940075142062801,9.0,0.0
LR,71,22,False,KernelSHAP,oxide_enthalpy_M,0.14129601490237215,4.0,0.0
LR,71,22,False,KernelSHAP,oxide_enthalpy_Mprime,0.22765285569986185,2.0,1.0
LR,71,22,False,KernelSHAP,mixing_enthalpy,0.08476746803058398,11.0,0.0
LR,71,22,False,KernelSHAP,sublimation_M,0.12074274861742568,6.0,0.0
LR,71,22,False,KernelSHAP,sublimation_Mprime,0.13884283653023552,5.0,0.0
LR,71,22,False,KernelSHAP,surface_energy_M,0.4594099404812476,1.0,1.0
LR,71,22,False,KernelSHAP,electron_density_M,0.033678477799320955,13.0,0.0
LR,71,22,False,KernelSHAP,oxide_bandgap,0.077301882767325,12.0,0.0
RF,71,22,False,PFI,electronegativity_M,0.0017245311643136326,6.0,0.0
RF,71,22,False,PFI,electronegativity_Mprime,0.0010278737082037072,7.0,0.0
RF,71,22,False,PFI,ionization_M,-0.0019032406040861974,11.0,0.0
RF,71,22,False,PFI,ionization_Mprime,0.00034829592458749254,8.0,0.0
RF,71,22,False,PFI,radius_M,-0.0029020785850696128,12.0,0.0
RF,71,22,False,PFI,radius_Mprime,-0.0003244622780733189,9.0,0.0
RF,71,22,False,PFI,oxide_enthalpy_M,0.019518686306629084,3.0,1.0
RF,71,22,False,PFI,oxide_enthalpy_Mprime,0.007100332926711807,5.0,0.0
RF,71,22,False,PFI,mixing_enthalpy,0.00826622087446249,4.0,0.0
RF,71,22,False,PFI,sublimation_M,0.02132996051438614,2.0,1.0
RF,71,22,False,PFI,sublimation_Mprime,-0.0035001201577040055,13.0,0.0
RF,71,22,False,PFI,surface_energy_M,0.03544297032522548,1.0,1.0
RF,71,22,False,PFI,electron_density_M,-0.00782326054943135,14.0,0.0
RF,71,22,False,PFI,oxide_bandgap,-0.0017975144372103823,10.0,0.0
RF,71,22,False,KernelSHAP,electronegativity_M,0.0261682681881221,8.0,0.0
RF,71,22,False,KernelSHAP,electronegativity_Mprime,0.020788240378299995,9.0,0.0
RF,71,22,False,KernelSHAP,ionization_M,0.012624612949997269,11.0,0.0
RF,71,22,False,KernelSHAP,ionization_Mprime,0.007241000346234142,14.0,0.0
RF,71,22,False,KernelSHAP,radius_M,0.04655859460368146,6.0,0.0
RF,71,22,False,KernelSHAP,radius_Mprime,0.010383924639268382,13.0,0.0
RF,71,22,False,KernelSHAP,oxide_enthalpy_M,0.06649295150762552,4.0,0.0
RF,71,22,False,KernelSHAP,oxide_enthalpy_Mprime,0.03069054826581552,7.0,0.0
RF,71,22,False,KernelSHAP,mixing_enthalpy,0.01230972145393953,12.0,0.0
RF,71,22,False,KernelSHAP,sublimation_M,0.17683618537426193,2.0,1.0
RF,71,22,False,KernelSHAP,sublimation_Mprime,0.013125019366745667,10.0,0.0
RF,71,22,False,KernelSHAP,surface_energy_M,0.1805377857586755,1.0,1.0
RF,71,22,False,KernelSHAP,electron_density_M,0.06810234757303121,3.0,1.0
RF,71,22,False,KernelSHAP,oxide_bandgap,0.0513257670888604,5.0,0.0
SVR,71,22,False,PFI,electronegativity_M,0.03962593767998241,5.0,0.0
SVR,71,22,False,PFI,electronegativity_Mprime,0.0061060138919293684,13.0,0.0
SVR,71,22,False,PFI,ionization_M,0.0056879951611295875,14.0,0.0
SVR,71,22,False,PFI,ionization_Mprime,0.011908715313812579,9.0,0.0
SVR,71,22,False,PFI,radius_M,0.06440085331164873,4.0,0.0
SVR,71,22,False,PFI,radius_Mprime,0.007318354521163226,12.0,0.0
SVR,71,22,False,PFI,oxide_enthalpy_M,0.1143743608388272,2.0,1.0
SVR,71,22,False,PFI,oxide_enthalpy_Mprime,0.03936698617120147,6.0,0.0
SVR,71,22,False,PFI,mixing_enthalpy,0.008954423326135401,11.0,0.0
SVR,71,22,False,PFI,sublimation_M,0.09042397875849793,3.0,1.0
SVR,71,22,False,PFI,sublimation_Mprime,0.028248095116363985,7.0,0.0
SVR,71,22,False,PFI,surface_energy_M,0.17092891934518836,1.0,1.0
SVR,71,22,False,PFI,electron_density_M,0.00925919316479864,10.0,0.0
SVR,71,22,False,PFI,oxide_bandgap,0.012872450030249057,8.0,0.0
SVR,71,22,False,KernelSHAP,electronegativity_M,0.08652697844193155,6.0,0.0
SVR,71,22,False,KernelSHAP,electronegativity_Mprime,0.02921006208557046,12.0,0.0
SVR,71,22,False,KernelSHAP,ionization_M,0.06034686928210103,8.0,0.0
SVR,71,22,False,KernelSHAP,ionization_Mprime,0.02708229492806161,13.0,0.0
SVR,71,22,False,KernelSHAP,radius_M,0.16429307083406236,4.0,0.0
SVR,71,22,False,KernelSHAP,radius_Mprime,0.03309111332426004,11.0,0.0
SVR,71,22,False,KernelSHAP,oxide_enthalpy_M,0.17716373237165223,2.0,1.0
SVR,71,22,False,KernelSHAP,oxide_enthalpy_Mprime,0.15150769106020134,5.0,0.0
SVR,71,22,False,KernelSHAP,mixing_enthalpy,0.02455488207275659,14.0,0.0
SVR,71,22,False,KernelSHAP,sublimation_M,0.1659943735709709,3.0,1.0
SVR,71,22,False,KernelSHAP,sublimation_Mprime,0.08198999098882413,7.0,0.0
SVR,71,22,False,KernelSHAP,surface_energy_M,0.27459715565698173,1.0,1.0
SVR,71,22,False,KernelSHAP,electron_density_M,0.05928334236478124,9.0,0.0
SVR,71,22,False,KernelSHAP,oxide_bandgap,0.03880433000863226,10.0,0.0
GBRT,71,23,False,PFI,electronegativity_M,0.0013825528755793833,10.0,0.0
GBRT,71,23,False,PFI,electronegativity_Mprime,-0.0010154043471256502,12.0,0.0
GBRT,71,23,False,PFI,ionization_M,0.002166235399760698,9.0,0.0
GBRT,71,23,False,PFI,ionization_Mprime,0.0007597722119756942,11.0,0.0
GBRT,71,23,False,PFI,radius_M,0.006821792905392471,6.0,0.0
GBRT,71,23,False,PFI,radius_Mprime,-0.0011141557803556468,13.0,0.0
GBRT,71,23,False,PFI,oxide_enthalpy_M,0.046308202885041096,2.0,1.0
GBRT,71,23,False,PFI,oxide_enthalpy_Mprime,0.004410491232968337,7.0,0.0
GBRT,71,23,False,PFI,mixing_enthalpy,0.0023076719329469995,8.0,0.0
GBRT,71,23,False,PFI,sublimation_M,0.01672948779495753,3.0,1.0
GBRT,71,23,False,PFI,sublimation_Mprime,-0.002920829884417165,14.0,0.0
GBRT,71,23,False,PFI,surface_energy_M,0.22105593710675225,1.0,1.0
GBRT,71,23,False,PFI,electron_density_M,0.007009369790401856,5.0,0.0
GBRT,71,23,False,PFI,oxide_bandgap,0.013654829371624768,4.0,0.0
GBRT,71,23,False,KernelSHAP,electronegativity_M,0.02751696621498474,8.0,0.0
GBRT,71,23,False,KernelSHAP,electronegativity_Mprime,0.07049069992813524,4.0,0.0
GBRT,71,23,False,KernelSHAP,ionization_M,0.01296084036130917,13.0,0.0
GBRT,71,23,False,KernelSHAP,ionization_Mprime,0.017251522522699327,12.0,0.0
GBRT,71,23,False,KernelSHAP,radius_M,0.020556951258668226,11.0,0.0
GBRT,71,23,False,KernelSHAP,radius_Mprime,0.020726144714582676,10.0,0.0
GBRT,71,23,False,KernelSHAP,oxide_enthalpy_M,0.08649180208283812,3.0,1.0
GBRT,71,23,False,KernelSHAP,oxide_enthalpy_Mprime,0.05707281002316381,6.0,0.0
GBRT,71,23,False,KernelSHAP,mixing_enthalpy,0.03883769527616955,7.0,0.0
GBRT,71,23,False,KernelSHAP,sublimation_M,0.10723113183027339,2.0,1.0
GBRT,71,23,False,KernelSHAP,sublimation_Mprime,0.024433836188428152,9.0,0.0
GBRT,71,23,False,KernelSHAP,surface_energy_M,0.3207287864689968,1.0,1.0
GBRT,71,23,False,KernelSHAP,electron_density_M,0.00885733888290496,14.0,0.0
GBRT,71,23,False,KernelSHAP,oxide_bandgap,0.06351369735949394,5.0,0.0
LR,71,23,False,PFI,electronegativity_M,-0.001397969995942618,12.0,0.0
LR,71,23,False,PFI,electronegativity_Mprime,-0.0031796656103438977,13.0,0.0
LR,71,23,False,PFI,ionization_M,0.025156806643991083,9.0,0.0
LR,71,23,False,PFI,ionization_Mprime,0.022278155152204028,10.0,0.0
LR,71,23,False,PFI,radius_M,0.0696626880377795,5.0,0.0
LR,71,23,False,PFI,radius_Mprime,0.09210951340885047,4.0,0.0
LR,71,23,False,PFI,oxide_enthalpy_M,0.12352949337761139,3.0,1.0
LR,71,23,False,PFI,oxide_enthalpy_Mprime,0.044440332662760214,8.0,0.0
LR,71,23,False,PFI,mixing_enthalpy,0.0541668063742967,7.0,0.0
LR,71,23,False,PFI,sublimation_M,-0.00011218456073048,11.0,0.0
LR,71,23,False,PFI,sublimation_Mprime,-0.005042704204039437,14.0,0.0
LR,71,23,False,PFI,surface_energy_M,1.1618808169164554,1.0,1.0
LR,71,23,False,PFI,electron_density_M,0.2599162563417901,2.0,1.0
LR,71,23,False,PFI,oxide_bandgap,0.05860673873173802,6.0,0.0
LR,71,23,False,KernelSHAP,electronegativity_M,0.005983388625993276,14.0,0.0
LR,71,23,False,KernelSHAP,electronegativity_Mprime,0.029930491029421094,12.0,0.0
LR,71,23,False,KernelSHAP,ionization_M,0.08419352707993152,9.0,0.0
LR,71,23,False,KernelSHAP,ionization_Mprime,0.07906226952970678,11.0,0.0
LR,71,23,False,KernelSHAP,radius_M,0.15267862369092364,5.0,0.0
LR,71,23,False,KernelSHAP,radius_Mprime,0.20436433456172118,4.0,0.0
LR,71,23,False,KernelSHAP,oxide_enthalpy_M,0.20440368808397116,3.0,1.0
LR,71,23,False,KernelSHAP,oxide_enthalpy_Mprime,0.11629410115160127,7.0,0.0
LR,71,23,False,KernelSHAP,mixing_enthalpy,0.10350323702765318,8.0,0.0
LR,71,23,False,KernelSHAP,sublimation_M,0.012826323554174679,13.0,0.0
LR,71,23,False,KernelSHAP,sublimation_Mprime,0.08202426259994036,10.0,0.0
LR,71,23,False,KernelSHAP,surface_energy_M,0.7433335893756982,1.0,1.0
LR,71,23,False,KernelSHAP,electron_density_M,0.267508227589347,2.0,1.0
LR,71,23,False,KernelSHAP,oxide_bandgap,0.14360713250303758,6.0,0.0
RF,71,23,False,PFI,electronegativity_M,-0.0021604992107140653,11.0,0.0
RF,71,23,False,PFI,electronegativity_Mprime,-0.006001495749444069,14.0,0.0
RF,71,23,False,PFI,ionization_M,0.00014496377145697934,9.0,0.0
RF,71,23,False,PFI,ionization_Mprime,-0.0010225546100853323,10.0,0.0
RF,71,23,False,PFI,radius_M,0.007481598773082072,4.0,0.0
RF,71,23,False,PFI,radius_Mprime,-0.003270130096555523,13.0,0.0
RF,71,23,False,PFI,oxide_enthalpy_M,0.029173719974605983,3.0,1.0
RF,71,23,False,PFI,oxide_enthalpy_Mprime,0.0009960399387762997,7.0,0.0
RF,71,23,False,PFI,mixing_enthalpy,0.00015479797186655926,8.0,0.0
RF,71,23,False,PFI,sublimation_M,0.03312824347498891,2.0,1.0
RF,71,23,False,PFI,sublimation_Mprime,-0.0026636073404333943,12.0,0.0
RF,71,23,False,PFI,surface_energy_M,0.06378289089097092,1.0,1.0
RF,71,23,False,PFI,electron_density_M,0.001998339215165517,6.0,0.0
RF,71,23,False,PFI,oxide_bandgap,0.004056873692799142,5.0,0.0
RF,71,23,False,KernelSHAP,electronegativity_M,0.016637895744153645,10.0,0.0
RF,71,23,False,KernelSHAP,electronegativity_Mprime,0.05097369698044967,4.0,0.0
RF,71,23,False,KernelSHAP,ionization_M,0.005891294846475139,14.0,0.0
RF,71,23,False,KernelSHAP,ionization_Mprime,0.01314195373080357,13.0,0.0
RF,71,23,False,KernelSHAP,radius_M,0.024631555369084856,8.0,0.0
RF,71,23,False,KernelSHAP,radius_Mprime,0.02350573858739536,9.0,0.0
RF,71,23,False,KernelSHAP,oxide_enthalpy_M,0.07562547154640141,3.0,1.0
RF,71,23,False,KernelSHAP,oxide_enthalpy_Mprime,0.026140519420272755,7.0,0.0
RF,71,23,False,KernelSHAP,mixing_enthalpy,0.014475787199461715,11.0,0.0
RF,71,23,False,KernelSHAP,sublimation_M,0.13843853581991256,2.0,1.0
RF,71,23,False,KernelSHAP,sublimation_Mprime,0.014430000166646896,12.0,0.0
RF,71,23,False,KernelSHAP,surface_energy_M,0.16327272785443497,1.0,1.0
RF,71,23,False,KernelSHAP,electron_density_M,0.03284225391408097,6.0,0.0
RF,71,23,False,KernelSHAP,oxide_bandgap,0.03488702648701396,5.0,0.0
SVR,71,23,False,PFI,electronegativity_M,0.030479319248441626,5.0,0.0
SVR,71,23,False,PFI,electronegativity_Mprime,0.010799953390801914,10.0,0.0
SVR,71,23,False,PFI,ionization_M,0.0033058250383498403,14.0,0.0
SVR,71,23,False,PFI,ionization_Mprime,0.010600428227472624,11.0,0.0
SVR,71,23,False,PFI,radius_M,0.08203471080832367,3.0,1.0
SVR,71,23,False,PFI,radius_Mprime,0.0300531065741119,6.0,0.0
SVR,71,23,False,PFI,oxide_enthalpy_M,0.10683983819476245,2.0,1.0
SVR,71,23,False,PFI,oxide_enthalpy_Mprime,0.012990833220599221,8.0,0.0
SVR,71,23,False,PFI,mixing_enthalpy,0.029771969919750663,7.0,0.0
SVR,71,23,False,PFI,sublimation_M,0.012644070778075354,9.0,0.0
SVR,71,23,False,PFI,sublimation_Mprime,0.005145565892561296,13.0,0.0
SVR,71,23,False,PFI,surface_energy_M,0.3118439402699955,1.0,1.0
SVR,71,23,False,PFI,electron_density_M,0.006141833957841011,12.0,0.0
SVR,71,23,False,PFI,oxide_bandgap,0.05004856635399524,4.0,0.0
SVR,71,23,False,KernelSHAP,electronegativity_M,0.10181259255774171,6.0,0.0
SVR,71,23,False,KernelSHAP,electronegativity_Mprime,0.09408550297735963,7.0,0.0
SVR,71,23,False,KernelSHAP,ionization_M,0.04252263444844232,10.0,0.0
SVR,71,23,False,KernelSHAP,ionization_Mprime,0.022259868523355358,13.0,0.0
SVR,71,23,False,KernelSHAP,radius_M,0.16345641975374106,2.0,1.0
SVR,71,23,False,KernelSHAP,radius_Mprime,0.10882647320027014,5.0,0.0
SVR,71,23,False,KernelSHAP,oxide_enthalpy_M,0.15223278166544266,3.0,1.0
SVR,71,23,False,KernelSHAP,oxide_enthalpy_Mprime,0.03757347225242719,11.0,0.0
SVR,71,23,False,KernelSHAP,mixing_enthalpy,0.07580187316035668,9.0,0.0
SVR,71,23,False,KernelSHAP,sublimation_M,0.08024302698690937,8.0,0.0
SVR,71,23,False,KernelSHAP,sublimation_Mprime,0.03235817419844978,12.0,0.0
SVR,71,23,False,KernelSHAP,surface_energy_M,0.4136274331643393,1.0,1.0
SVR,71,23,False,KernelSHAP,electron_density_M,0.009624834382324582,14.0,0.0
SVR,71,23,False,KernelSHAP,oxide_bandgap,0.1147997142971492,4.0,0.0
GBRT,71,24,False,PFI,electronegativity_M,0.0005331383276418081,11.0,0.0
GBRT,71,24,False,PFI,electronegativity_Mprime,0.004970330470592425,9.0,0.0
GBRT,71,24,False,PFI,ionization_M,0.012914307826671417,4.0,0.0
GBRT,71,24,False,PFI,ionization_Mprime,0.0006165406831090428,10.0,0.0
GBRT,71,24,False,PFI,radius_M,0.007260882597398976,8.0,0.0
GBRT,71,24,False,PFI,radius_Mprime,-0.0017273214260523815,14.0,0.0
GBRT,71,24,False,PFI,oxide_enthalpy_M,0.030819517342303673,2.0,1.0
GBRT,71,24,False,PFI,oxide_enthalpy_Mprime,0.009147726708685827,7.0,0.0
GBRT,71,24,False,PFI,mixing_enthalpy,-0.0012756255567242308,12.0,0.0
GBRT,71,24,False,PFI,sublimation_M,0.030055189935465236,3.0,1.0
GBRT,71,24,False,PFI,sublimation_Mprime,-0.0013007233402814618,13.0,0.0
GBRT,71,24,False,PFI,surface_energy_M,0.2623896384849966,1.0,1.0
GBRT,71,24,False,PFI,electron_density_M,0.010439510097301841,5.0,0.0
GBRT,71,24,False,PFI,oxide_bandgap,0.009808532162896167,6.0,0.0
GBRT,71,24,False,KernelSHAP,electronegativity_M,0.007852910562402783,14.0,0.0
GBRT,71,24,False,KernelSHAP,electronegativity_Mprime,0.061331456746198824,4.0,0.0
GBRT,71,24,False,KernelSHAP,ionization_M,0.036526920884744796,8.0,0.0
GBRT,71,24,False,KernelSHAP,ionization_Mprime,0.012222381703333713,13.0,0.0
GBRT,71,24,False,KernelSHAP,radius_M,0.025416792106999705,10.0,0.0
GBRT,71,24,False,KernelSHAP,radius_Mprime,0.026195995073529398,9.0,0.0
GBRT,71,24,False,KernelSHAP,oxide_enthalpy_M,0.08383814296374514,3.0,1.0
GBRT,71,24,False,KernelSHAP,oxide_enthalpy_Mprime,0.05176317411043983,7.0,0.0
GBRT,71,24,False,KernelSHAP,mixing_enthalpy,0.0565718557575534,6.0,0.0
GBRT,71,24,False,KernelSHAP,sublimation_M,0.10112944188961734,2.0,1.0
GBRT,71,24,False,KernelSHAP,sublimation_Mprime,0.012628291529083076,12.0,0.0
GBRT,71,24,False,KernelSHAP,surface_energy_M,0.2521819063183721,1.0,1.0
GBRT,71,24,False,KernelSHAP,electron_density_M,0.017957197190225663,11.0,0.0
GBRT,71,24,False,KernelSHAP,oxide_bandgap,0.060186433004431765,5.0,0.0
LR,71,24,False,PFI,electronegativity_M,0.05688777961241922,7.0,0.0
LR,71,24,False,PFI,electronegativity_Mprime,-0.003956106572835543,14.0,0.0
LR,71,24,False,PFI,ionization_M,0.06221002470014223,5.0,0.0
LR,71,24,False,PFI,ionization_Mprime,-0.002674225691787818,13.0,0.0
LR,71,24,False,PFI,radius_M,0.05542675523851832,8.0,0.0
LR,71,24,False,PFI,radius_Mprime,0.004027244144962789,12.0,0.0
LR,71,24,False,PFI,oxide_enthalpy_M,0.059508799692141894,6.0,0.0
LR,71,24,False,PFI,oxide_enthalpy_Mprime,0.06816245544575367,4.0,0.0
LR,71,24,False,PFI,mixing_enthalpy,0.09547482961298022,3.0,1.0
LR,71,24,False,PFI,sublimation_M,0.04061778946678489,9.0,0.0
LR,71,24,False,PFI,sublimation_Mprime,0.02059603438518607,10.0,0.0
LR,71,24,False,PFI,surface_energy_M,0.7534394761155238,1.0,1.0
LR,71,24,False,PFI,electron_density_M,0.20260777510799974,2.0,1.0
LR,71,24,False,PFI,oxide_bandgap,0.011141047467759587,11.0,0.0
LR,71,24,False,KernelSHAP,electronegativity_M,0.14713579080135172,7.0,0.0
LR,71,24,False,KernelSHAP,electronegativity_Mprime,0.04300932264925928,12.0,0.0
LR,71,24,False,KernelSHAP,ionization_M,0.14955956276644633,6.0,0.0
LR,71,24,False,KernelSHAP,ionization_Mprime,0.020917289003472048,14.0,0.0
LR,71,24,False,KernelSHAP,radius_M,0.15680713351891973,4.0,0.0
LR,71,24,False,KernelSHAP,radius_Mprime,0.10197625921318017,10.0,0.0
LR,71,24,False,KernelSHAP,oxide_enthalpy_M,0.15272351339723522,5.0,0.0
LR,71,24,False,KernelSHAP,oxide_enthalpy_Mprime,0.15873119342585407,3.0,1.0
LR,71,24,False,KernelSHAP,mixing_enthalpy,0.14148377679098392,8.0,0.0
LR,71,24,False,KernelSHAP,sublimation_M,0.09880322577657462,11.0,0.0
LR,71,24,False,KernelSHAP,sublimation_Mprime,0.14124444816498055,9.0,0.0
LR,71,24,False,KernelSHAP,surface_energy_M,0.568392494175336,1.0,1.0
LR,71,24,False,KernelSHAP,electron_density_M,0.2648392247831475,2.0,1.0
LR,71,24,False,KernelSHAP,oxide_bandgap,0.036663232131647766,13.0,0.0
RF,71,24,False,PFI,electronegativity_M,0.0013001938611121929,12.0,0.0
RF,71,24,False,PFI,electronegativity_Mprime,0.0022968250473558555,10.0,0.0
RF,71,24,False,PFI,ionization_M,0.004520373711450919,5.0,0.0
RF,71,24,False,PFI,ionization_Mprime,-0.005724438310260926,14.0,0.0
RF,71,24,False,PFI,radius_M,0.014969195444129214,4.0,0.0
RF,71,24,False,PFI,radius_Mprime,-0.0046513626961617255,13.0,0.0
RF,71,24,False,PFI,oxide_enthalpy_M,0.020387415412524874,3.0,1.0
RF,71,24,False,PFI,oxide_enthalpy_Mprime,0.0033772565718232735,6.0,0.0
RF,71,24,False,PFI,mixing_enthalpy,0.0030462733922739546,8.0,0.0
RF,71,24,False,PFI,sublimation_M,0.02091327415009955,2.0,1.0
RF,71,24,False,PFI,sublimation_Mprime,0.0019661357114464603,11.0,0.0
RF,71,24,False,PFI,surface_energy_M,0.11037178795471185,1.0,1.0
RF,71,24,False,PFI,electron_density_M,0.0030042953552339557,9.0,0.0
RF,71,24,False,PFI,oxide_bandgap,0.003059451855062913,7.0,0.0
RF,71,24,False,KernelSHAP,electronegativity_M,0.02059348944685941,12.0,0.0
RF,71,24,False,KernelSHAP,electronegativity_Mprime,0.03594800098787566,7.0,0.0
RF,71,24,False,KernelSHAP,ionization_M,0.012177272677981268,13.0,0.0
RF,71,24,False,KernelSHAP,ionization_Mprime,0.029540980965099346,10.0,0.0
RF,71,24,False,KernelSHAP,radius_M,0.04361596467343042,4.0,0.0
RF,71,24,False,KernelSHAP,radius_Mprime,0.038302019121952885,6.0,0.0
RF,71,24,False,KernelSHAP,oxide_enthalpy_M,0.05636194255759516,3.0,1.0
RF,71,24,False,KernelSHAP,oxide_enthalpy_Mprime,0.030349782903900793,9.0,0.0
RF,71,24,False,KernelSHAP,mixing_enthalpy,0.04168139049984208,5.0,0.0
RF,71,24,False,KernelSHAP,sublimation_M,0.07610817668166917,2.0,1.0
RF,71,24,False,KernelSHAP,sublimation_Mprime,0.009390293142954724,14.0,0.0
RF,71,24,False,KernelSHAP,surface_energy_M,0.1544029810280475,1.0,1.0
RF,71,24,False,KernelSHAP,electron_density_M,0.030619034180669635,8.0,0.0
RF,71,24,False,KernelSHAP,oxide_bandgap,0.02740231413999049,11.0,0.0
SVR,71,24,False,PFI,electronegativity_M,0.05862716124097284,4.0,0.0
SVR,71,24,False,PFI,electronegativity_Mprime,0.007196844882854874,13.0,0.0
SVR,71,24,False,PFI,ionization_M,0.011525495917082629,11.0,0.0
SVR,71,24,False,PFI,ionization_Mprime,0.024966616637534342,7.0,0.0
SVR,71,24,False,PFI,radius_M,0.08803425171322132,3.0,1.0
SVR,71,24,False,PFI,radius_Mprime,0.014906353043292273,10.0,0.0
SVR,71,24,False,PFI,oxide_enthalpy_M,0.1258855806322753,2.0,1.0
SVR,71,24,False,PFI,oxide_enthalpy_Mprime,0.024097502306296727,8.0,0.0
SVR,71,24,False,PFI,mixing_enthalpy,0.03571229197099101,5.0,0.0
SVR,71,24,False,PFI,sublimation_M,0.031216414975183696,6.0,0.0
SVR,71,24,False,PFI,sublimation_Mprime,0.0031473623935666644,14.0,0.0
SVR,71,24,False,PFI,surface_energy_M,0.3106955748880656,1.0,1.0
SVR,71,24,False,PFI,electron_density_M,0.00872603248498814,12.0,0.0
SVR,71,24,False,PFI,oxide_bandgap,0.01876826810077005,9.0,0.0
SVR,71,24,False,KernelSHAP,electronegativity_M,0.10074351767772226,7.0,0.0
SVR,71,24,False,KernelSHAP,electronegativity_Mprime,0.06441278371628897,10.0,0.0
SVR,71,24,False,KernelSHAP,ionization_M,0.08103918713164186,9.0,0.0
SVR,71,24,False,KernelSHAP,ionization_Mprime,0.025293232995228634,13.0,0.0
SVR,71,24,False,KernelSHAP,radius_M,0.18759254014989046,2.0,1.0
SVR,71,24,False,KernelSHAP,radius_Mprime,0.10542099429633647,6.0,0.0
SVR,71,24,False,KernelSHAP,oxide_enthalpy_M,0.17934694467769582,3.0,1.0
SVR,71,24,False,KernelSHAP,oxide_enthalpy_Mprime,0.10867776309768291,5.0,0.0
SVR,71,24,False,KernelSHAP,mixing_enthalpy,0.08333151835798144,8.0,0.0
SVR,71,24,False,KernelSHAP,sublimation_M,0.11210576509417798,4.0,0.0
SVR,71,24,False,KernelSHAP,sublimation_Mprime,0.02676299187748231,12.0,0.0
SVR,71,24,False,KernelSHAP,surface_energy_M,0.3691461029716925,1.0,1.0
SVR,71,24,False,KernelSHAP,electron_density_M,0.01962610182911135,14.0,0.0
SVR,71,24,False,KernelSHAP,oxide_bandgap,0.05297496593364019,11.0,0.0
GBRT,71,25,False,PFI,electronegativity_M,0.006074104269458101,6.0,0.0
GBRT,71,25,False,PFI,electronegativity_Mprime,0.0014245167710482927,10.0,0.0
GBRT,71,25,False,PFI,ionization_M,0.0064193054569717245,5.0,0.0
GBRT,71,25,False,PFI,ionization_Mprime,0.0015050878209502186,9.0,0.0
GBRT,71,25,False,PFI,radius_M,0.0014187402854473159,11.0,0.0
GBRT,71,25,False,PFI,radius_Mprime,-0.0010022238192285654,14.0,0.0
GBRT,71,25,False,PFI,oxide_enthalpy_M,0.04850767667030766,2.0,1.0
GBRT,71,25,False,PFI,oxide_enthalpy_Mprime,0.0012714537052944258,12.0,0.0
GBRT,71,25,False,PFI,mixing_enthalpy,0.0017362559050883109,8.0,0.0
GBRT,71,25,False,PFI,sublimation_M,0.026958454370821575,3.0,1.0
GBRT,71,25,False,PFI,sublimation_Mprime,0.0008109018876350902,13.0,0.0
GBRT,71,25,False,PFI,surface_energy_M,0.2198098461715084,1.0,1.0
GBRT,71,25,False,PFI,electron_density_M,0.0031235533789254664,7.0,0.0
GBRT,71,25,False,PFI,oxide_bandgap,0.01774131157967906,4.0,0.0
GBRT,71,25,False,KernelSHAP,electronegativity_M,0.027638172634349114,9.0,0.0
GBRT,71,25,False,KernelSHAP,electronegativity_Mprime,0.05533856354235997,6.0,0.0
GBRT,71,25,False,KernelSHAP,ionization_M,0.03341660205170369,8.0,0.0
GBRT,71,25,False,KernelSHAP,ionization_Mprime,0.01397144880781833,12.0,0.0
GBRT,71,25,False,KernelSHAP,radius_M,0.007219866395173336,14.0,0.0
GBRT,71,25,False,KernelSHAP,radius_Mprime,0.02182700698874716,11.0,0.0
GBRT,71,25,False,KernelSHAP,oxide_enthalpy_M,0.11068569697214771,3.0,1.0
GBRT,71,25,False,KernelSHAP,oxide_enthalpy_Mprime,0.13824246903562545,2.0,1.0
GBRT,71,25,False,KernelSHAP,mixing_enthalpy,0.03384815402945356,7.0,0.0
GBRT,71,25,False,KernelSHAP,sublimation_M,0.11035674760369035,4.0,0.0
GBRT,71,25,False,KernelSHAP,sublimation_Mprime,0.02295347497968715,10.0,0.0
GBRT,71,25,False,KernelSHAP,surface_energy_M,0.2737917467199344,1.0,1.0
GBRT,71,25,False,KernelSHAP,electron_density_M,0.011258851592687993,13.0,0.0
GBRT,71,25,False,KernelSHAP,oxide_bandgap,0.06404692376743502,5.0,0.0
LR,71,25,False,PFI,electronegativity_M,0.02683996035531672,8.0,0.0
LR,71,25,False,PFI,electronegativity_Mprime,-0.0016002559198262504,14.0,0.0
LR,71,25,False,PFI,ionization_M,0.013997364737901096,11.0,0.0
LR,71,25,False,PFI,ionization_Mprime,0.013792982256263424,12.0,0.0
LR,71,25,False,PFI,radius_M,0.0417736245449793,7.0,0.0
LR,71,25,False,PFI,radius_Mprime,0.022750911857188385,10.0,0.0
LR,71,25,False,PFI,oxide_enthalpy_M,0.10853069878738068,3.0,1.0
LR,71,25,False,PFI,oxide_enthalpy_Mprime,0.24915906328533396,2.0,1.0
LR,71,25,False,PFI,mixing_enthalpy,0.049390156059591614,6.0,0.0
LR,71,25,False,PFI,sublimation_M,0.024589016672215556,9.0,0.0
LR,71,25,False,PFI,sublimation_Mprime,0.10133274142097223,4.0,0.0
LR,71,25,False,PFI,surface_energy_M,0.5325628382397467,1.0,1.0
LR,71,25,False,PFI,electron_density_M,0.07773557048704594,5.0,0.0
LR,71,25,False,PFI,oxide_bandgap,0.0055108249140609095,13.0,0.0
LR,71,25,False,KernelSHAP,electronegativity_M,0.08541502912649163,11.0,0.0
LR,71,25,False,KernelSHAP,electronegativity_Mprime,0.11064574358242876,7.0,0.0
LR,71,25,False,KernelSHAP,ionization_M,0.09121455915838812,8.0,0.0
LR,71,25,False,KernelSHAP,ionization_Mprime,0.046100875648117136,13.0,0.0
LR,71,25,False,KernelSHAP,radius_M,0.13626882181938596,6.0,0.0
LR,71,25,False,KernelSHAP,radius_Mprime,0.07148570139883208,12.0,0.0
LR,71,25,False,KernelSHAP,oxide_enthalpy_M,0.18630691597482865,4.0,0.0
LR,71,25,False,KernelSHAP,oxide_enthalpy_Mprime,0.3537322331430064,2.0,1.0
LR,71,25,False,KernelSHAP,mixing_enthalpy,0.09067712729423455,9.0,0.0
LR,71,25,False,KernelSHAP,sublimation_M,0.08910425565703538,10.0,0.0
LR,71,25,False,KernelSHAP,sublimation_Mprime,0.26489224977028547,3.0,1.0
LR,71,25,False,KernelSHAP,surface_energy_M,0.4914713934502597,1.0,1.0
LR,71,25,False,KernelSHAP,electron_density_M,0.14207909420929324,5.0,0.0
LR,71,25,False,KernelSHAP,oxide_bandgap,0.03081566241628065,14.0,0.0
RF,71,25,False,PFI,electronegativity_M,0.0036107953850683483,7.0,0.0
RF,71,25,False,PFI,electronegativity_Mprime,-0.0017172519657213975,13.0,0.0
RF,71,25,False,PFI,ionization_M,0.002419696905251195,8.0,0.0
RF,71,25,False,PFI,ionization_Mprime,0.0002519335539911643,10.0,0.0
RF,71,25,False,PFI,radius_M,-0.0024404724204630324,14.0,0.0
RF,71,25,False,PFI,radius_Mprime,-0.0011508091608846633,11.0,0.0
RF,71,25,False,PFI,oxide_enthalpy_M,0.023300749885256242,3.0,1.0
RF,71,25,False,PFI,oxide_enthalpy_Mprime,0.005815591131671638,5.0,0.0
RF,71,25,False,PFI,mixing_enthalpy,0.0036410969895585613,6.0,0.0
RF,71,25,False,PFI,sublimation_M,0.03275825917727161,2.0,1.0
RF,71,25,False,PFI,sublimation_Mprime,-0.0013642552914288483,12.0,0.0
RF,71,25,False,PFI,surface_energy_M,0.06011182322006462,1.0,1.0
RF,71,25,False,PFI,electron_density_M,0.01784118483289733,4.0,0.0
RF,71,25,False,PFI,oxide_bandgap,0.00047912996444809464,9.0,0.0
RF,71,25,False,KernelSHAP,electronegativity_M,0.020547182555660206,10.0,0.0
RF,71,25,False,KernelSHAP,electronegativity_Mprime,0.03360167114680425,8.0,0.0
RF,71,25,False,KernelSHAP,ionization_M,0.012845568897258748,13.0,0.0
RF,71,25,False,KernelSHAP,ionization_Mprime,0.009473089847153447,14.0,0.0
RF,71,25,False,KernelSHAP,radius_M,0.03510949110408,7.0,0.0
RF,71,25,False,KernelSHAP,radius_Mprime,0.031776784060693765,9.0,0.0
RF,71,25,False,KernelSHAP,oxide_enthalpy_M,0.06910803708887409,3.0,1.0
RF,71,25,False,KernelSHAP,oxide_enthalpy_Mprime,0.058780310719651924,4.0,0.0
RF,71,25,False,KernelSHAP,mixing_enthalpy,0.019755216286729833,11.0,0.0
RF,71,25,False,KernelSHAP,sublimation_M,0.1351754980750731,2.0,1.0
RF,71,25,False,KernelSHAP,sublimation_Mprime,0.013147147204343266,12.0,0.0
RF,71,25,False,KernelSHAP,surface_energy_M,0.18105713006248056,1.0,1.0
RF,71,25,False,KernelSHAP,electron_density_M,0.035454949348986825,6.0,0.0
RF,71,25,False,KernelSHAP,oxide_bandgap,0.05262013387438261,5.0,0.0
SVR,71,25,False,PFI,electronegativity_M,0.0435051418259095,6.0,0.0
SVR,71,25,False,PFI,electronegativity_Mprime,0.008713280103237369,11.0,0.0
SVR,71,25,False,PFI,ionization_M,0.004454123068002942,13.0,0.0
SVR,71,25,False,PFI,ionization_Mprime,0.013283576320905634,8.0,0.0
SVR,71,25,False,PFI,radius_M,0.04829748681091637,5.0,0.0
SVR,71,25,False,PFI,radius_Mprime,0.0042844741858618285,14.0,0.0
SVR,71,25,False,PFI,oxide_enthalpy_M,0.1135968728390588,2.0,1.0
SVR,71,25,False,PFI,oxide_enthalpy_Mprime,0.052122176675633666,4.0,0.0
SVR,71,25,False,PFI,mixing_enthalpy,0.012923616114410626,9.0,0.0
SVR,71,25,False,PFI,sublimation_M,0.058599543510976924,3.0,1.0
SVR,71,25,False,PFI,sublimation_Mprime,0.042566193557797456,7.0,0.0
SVR,71,25,False,PFI,surface_energy_M,0.236895437254502,1.0,1.0
SVR,71,25,False,PFI,electron_density_M,0.009209189944452838,10.0,0.0
SVR,71,25,False,PFI,oxide_bandgap,0.008707175056934769,12.0,0.0
SVR,71,25,False,KernelSHAP,electronegativity_M,0.08387696148883207,7.0,0.0
SVR,71,25,False,KernelSHAP,electronegativity_Mprime,0.06119290745123296,8.0,0.0
SVR,71,25,False,KernelSHAP,ionization_M,0.05080311099349072,9.0,0.0
SVR,71,25,False,KernelSHAP,ionization_Mprime,0.014743368978777642,13.0,0.0
SVR,71,25,False,KernelSHAP,radius_M,0.14386335811574388,4.0,0.0
SVR,71,25,False,KernelSHAP,radius_Mprime,0.013277278168811768,14.0,0.0
SVR,71,25,False,KernelSHAP,oxide_enthalpy_M,0.1659478460129694,3.0,1.0
SVR,71,25,False,KernelSHAP,oxide_enthalpy_Mprime,0.1951059567919262,2.0,1.0
SVR,71,25,False,KernelSHAP,mixing_enthalpy,0.034530191025776064,10.0,0.0
SVR,71,25,False,KernelSHAP,sublimation_M,0.14054956371723523,5.0,0.0
SVR,71,25,False,KernelSHAP,sublimation_Mprime,0.10329317646286734,6.0,0.0
SVR,71,25,False,KernelSHAP,surface_energy_M,0.3087297033672134,1.0,1.0
SVR,71,25,False,KernelSHAP,electron_density_M,0.022990438240272755,12.0,0.0
SVR,71,25,False,KernelSHAP,oxide_bandgap,0.025414139348769023,11.0,0.0
GBRT,71,26,False,PFI,electronegativity_M,0.005754853802109396,6.0,0.0
GBRT,71,26,False,PFI,electronegativity_Mprime,0.004724770486533858,8.0,0.0
GBRT,71,26,False,PFI,ionization_M,0.00019102506007376657,12.0,0.0
GBRT,71,26,False,PFI,ionization_Mprime,-0.0008154047487927638,13.0,0.0
GBRT,71,26,False,PFI,radius_M,0.005000745761821738,7.0,0.0
GBRT,71,26,False,PFI,radius_Mprime,0.0010625808484574354,10.0,0.0
GBRT,71,26,False,PFI,oxide_enthalpy_M,0.02166268034245204,2.0,1.0
GBRT,71,26,False,PFI,oxide_enthalpy_Mprime,0.0044824923774438785,9.0,0.0
GBRT,71,26,False,PFI,mixing_enthalpy,0.000419507035333778,11.0,0.0
GBRT,71,26,False,PFI,sublimation_M,0.008050827813246387,3.0,1.0
GBRT,71,26,False,PFI,sublimation_Mprime,-0.0033872248363562285,14.0,0.0
GBRT,71,26,False,PFI,surface_energy_M,0.1695975783251207,1.0,1.0
GBRT,71,26,False,PFI,electron_density_M,0.005835692404182593,5.0,0.0
GBRT,71,26,False,PFI,oxide_bandgap,0.005881086209881448,4.0,0.0
GBRT,71,26,False,KernelSHAP,electronegativity_M,0.03162501480159622,10.0,0.0
GBRT,71,26,False,KernelSHAP,electronegativity_Mprime,0.07374494980558859,3.0,1.0
GBRT,71,26,False,KernelSHAP,ionization_M,0.011304965102034308,14.0,0.0
GBRT,71,26,False,KernelSHAP,ionization_Mprime,0.01667710465992576,11.0,0.0
GBRT,71,26,False,KernelSHAP,radius_M,0.06182788868387422,6.0,0.0
GBRT,71,26,False,KernelSHAP,radius_Mprime,0.04168503752448605,9.0,0.0
GBRT,71,26,False,KernelSHAP,oxide_enthalpy_M,0.054389564716698875,7.0,0.0
GBRT,71,26,False,KernelSHAP,oxide_enthalpy_Mprime,0.08952180370737736,2.0,1.0
GBRT,71,26,False,KernelSHAP,mixing_enthalpy,0.04341007723513789,8.0,0.0
GBRT,71,26,False,KernelSHAP,sublimation_M,0.07214272260382108,4.0,0.0
GBRT,71,26,False,KernelSHAP,sublimation_Mprime,0.011584828590086044,13.0,0.0
GBRT,71,26,False,KernelSHAP,surface_energy_M,0.2585115367353619,1.0,1.0
GBRT,71,26,False,KernelSHAP,electron_density_M,0.013458459172505023,12.0,0.0
GBRT,71,26,False,KernelSHAP,oxide_bandgap,0.07033972753963029,5.0,0.0
LR,71,26,False,PFI,electronegativity_M,0.015898650908836368,8.0,0.0
LR,71,26,False,PFI,electronegativity_Mprime,0.011349000838751629,11.0,0.0
LR,71,26,False,PFI,ionization_M,0.014749387943510606,9.0,0.0
LR,71,26,False,PFI,ionization_Mprime,-0.003067852676785244,14.0,0.0
LR,71,26,False,PFI,radius_M,0.017989670559313244,6.0,0.0
LR,71,26,False,PFI,radius_Mprime,0.0076202438821281636,12.0,0.0
LR,71,26,False,PFI,oxide_enthalpy_M,0.0738181327482669,3.0,1.0
LR,71,26,False,PFI,oxide_enthalpy_Mprime,0.0484862168861425,4.0,0.0
LR,71,26,False,PFI,mixing_enthalpy,0.0383253154918726,5.0,0.0
LR,71,26,False,PFI,sublimation_M,0.017018406392165068,7.0,0.0
LR,71,26,False,PFI,sublimation_Mprime,0.01212153820120373,10.0,0.0
LR,71,26,False,PFI,surface_energy_M,0.5349801381853383,1.0,1.0
LR,71,26,False,PFI,electron_density_M,0.11515018580284142,2.0,1.0
LR,71,26,False,PFI,oxide_bandgap,0.0006813714399764213,13.0,0.0
LR,71,26,False,KernelSHAP,electronegativity_M,0.07027152137412186,11.0,0.0
LR,71,26,False,KernelSHAP,electronegativity_Mprime,0.14409192474268698,5.0,0.0
LR,71,26,False,KernelSHAP,ionization_M,0.08235918068081523,7.0,0.0
LR,71,26,False,KernelSHAP,ionization_Mprime,0.015732860643393527,13.0,0.0
LR,71,26,False,KernelSHAP,radius_M,0.07494028324234164,10.0,0.0
LR,71,26,False,KernelSHAP,radius_Mprime,0.027220624536575398,12.0,0.0
LR,71,26,False,KernelSHAP,oxide_enthalpy_M,0.14744801299701418,4.0,0.0
LR,71,26,False,KernelSHAP,oxide_enthalpy_Mprime,0.15383490401989394,3.0,1.0
LR,71,26,False,KernelSHAP,mixing_enthalpy,0.07828275231826609,9.0,0.0
LR,71,26,False,KernelSHAP,sublimation_M,0.08089628959560144,8.0,0.0
LR,71,26,False,KernelSHAP,sublimation_Mprime,0.09821593475018434,6.0,0.0
LR,71,26,False,KernelSHAP,surface_energy_M,0.4940594145071962,1.0,1.0
LR,71,26,False,KernelSHAP,electron_density_M,0.17913296607492535,2.0,1.0
LR,71,26,False,KernelSHAP,oxide_bandgap,0.005954198815682161,14.0,0.0
RF,71,26,False,PFI,electronegativity_M,0.00034000370031442344,9.0,0.0
RF,71,26,False,PFI,electronegativity_Mprime,-0.003203162882642525,11.0,0.0
RF,71,26,False,PFI,ionization_M,0.0009002601408874211,7.0,0.0
RF,71,26,False,PFI,ionization_Mprime,-0.0036455633232985877,13.0,0.0
RF,71,26,False,PFI,radius_M,0.016302198090625556,3.0,1.0
RF,71,26,False,PFI,radius_Mprime,-0.006577639066478779,14.0,0.0
RF,71,26,False,PFI,oxide_enthalpy_M,0.018605242620635603,2.0,1.0
RF,71,26,False,PFI,oxide_enthalpy_Mprime,0.0004370451915299366,8.0,0.0
RF,71,26,False,PFI,mixing_enthalpy,0.004870781105977926,4.0,0.0
RF,71,26,False,PFI,sublimation_M,0.0032508139330252243,5.0,0.0
RF,71,26,False,PFI,sublimation_Mprime,0.0014705404775284233,6.0,0.0
RF,71,26,False,PFI,surface_energy_M,0.06946187145655494,1.0,1.0
RF,71,26,False,PFI,electron_density_M,-0.003617576843232428,12.0,0.0
RF,71,26,False,PFI,oxide_bandgap,-0.0009536353364206524,10.0,0.0
RF,71,26,False,KernelSHAP,electronegativity_M,0.014952261362986432,11.0,0.0
RF,71,26,False,KernelSHAP,electronegativity_Mprime,0.043409542628818784,5.0,0.0
RF,71,26,False,KernelSHAP,ionization_M,0.0046616286058544995,14.0,0.0
RF,71,26,False,KernelSHAP,ionization_Mprime,0.013669251703818148,12.0,0.0
RF,71,26,False,KernelSHAP,radius_M,0.08591417246433473,2.0,1.0
RF,71,26,False,KernelSHAP,radius_Mprime,0.04248167023213337,6.0,0.0
RF,71,26,False,KernelSHAP,oxide_enthalpy_M,0.0441746676980822,4.0,0.0
RF,71,26,False,KernelSHAP,oxide_enthalpy_Mprime,0.03436488863787389,7.0,0.0
RF,71,26,False,KernelSHAP,mixing_enthalpy,0.022087417201465582,10.0,0.0
RF,71,26,False,KernelSHAP,sublimation_M,0.05863119136001264,3.0,1.0
RF,71,26,False,KernelSHAP,sublimation_Mprime,0.010941686003715083,13.0,0.0
RF,71,26,False,KernelSHAP,surface_energy_M,0.16172991571424844,1.0,1.0
RF,71,26,False,KernelSHAP,electron_density_M,0.029906078394989027,9.0,0.0
RF,71,26,False,KernelSHAP,oxide_bandgap,0.03163515064882665,8.0,0.0
SVR,71,26,False,PFI,electronegativity_M,0.0031229900003175545,12.0,0.0
SVR,71,26,False,PFI,electronegativity_Mprime,0.01094115327869565,9.0,0.0
SVR,71,26,False,PFI,ionization_M,0.0040794618263430655,11.0,0.0
SVR,71,26,False,PFI,ionization_Mprime,0.013239136963243105,7.0,0.0
SVR,71,26,False,PFI,radius_M,0.032556473705833866,3.0,1.0
SVR,71,26,False,PFI,radius_Mprime,0.01769930767875868,6.0,0.0
SVR,71,26,False,PFI,oxide_enthalpy_M,0.10449478877224153,2.0,1.0
SVR,71,26,False,PFI,oxide_enthalpy_Mprime,0.02401582339879525,4.0,0.0
SVR,71,26,False,PFI,mixing_enthalpy,0.02019401814950696,5.0,0.0
SVR,71,26,False,PFI,sublimation_M,0.001315072939096245,14.0,0.0
SVR,71,26,False,PFI,sublimation_Mprime,0.0028636987593065296,13.0,0.0
SVR,71,26,False,PFI,surface_energy_M,0.24691555362238424,1.0,1.0
SVR,71,26,False,PFI,electron_density_M,0.004535002019235159,10.0,0.0
SVR,71,26,False,PFI,oxide_bandgap,0.011101550305374004,8.0,0.0
SVR,71,26,False,KernelSHAP,electronegativity_M,0.047472399696416666,10.0,0.0
SVR,71,26,False,KernelSHAP,electronegativity_Mprime,0.07215533502942721,7.0,0.0
SVR,71,26,False,KernelSHAP,ionization_M,0.028463404271843035,12.0,0.0
SVR,71,26,False,KernelSHAP,ionization_Mprime,0.02197368345406764,13.0,0.0
SVR,71,26,False,KernelSHAP,radius_M,0.08686672951673426,4.0,0.0
SVR,71,26,False,KernelSHAP,radius_Mprime,0.09204259241582174,3.0,1.0
SVR,71,26,False,KernelSHAP,oxide_enthalpy_M,0.16861321038376967,2.0,1.0
SVR,71,26,False,KernelSHAP,oxide_enthalpy_Mprime,0.0834848867226999,5.0,0.0
SVR,71,26,False,KernelSHAP,mixing_enthalpy,0.052733966838139884,9.0,0.0
SVR,71,26,False,KernelSHAP,sublimation_M,0.08334374507260763,6.0,0.0
SVR,71,26,False,KernelSHAP,sublimation_Mprime,0.0371986697023102,11.0,0.0
SVR,71,26,False,KernelSHAP,surface_energy_M,0.3658418657921561,1.0,1.0
SVR,71,26,False,KernelSHAP,electron_density_M,0.01689356188633045,14.0,0.0
SVR,71,26,False,KernelSHAP,oxide_bandgap,0.05834865158724394,8.0,0.0
GBRT,71,27,False,PFI,electronegativity_M,0.003067200554563833,11.0,0.0
GBRT,71,27,False,PFI,electronegativity_Mprime,0.005781396960633811,10.0,0.0
GBRT,71,27,False,PFI,ionization_M,0.011596819640397889,4.0,0.0
GBRT,71,27,False,PFI,ionization_Mprime,-0.005878453991766621,13.0,0.0
GBRT,71,27,False,PFI,radius_M,0.006689134413692935,9.0,0.0
GBRT,71,27,False,PFI,radius_Mprime,-0.012293425403308777,14.0,0.0
GBRT,71,27,False,PFI,oxide_enthalpy_M,0.030073724608690802,3.0,1.0
GBRT,71,27,False,PFI,oxide_enthalpy_Mprime,-0.004408112527598104,12.0,0.0
GBRT,71,27,False,PFI,mixing_enthalpy,0.0072460392172055054,8.0,0.0
GBRT,71,27,False,PFI,sublimation_M,0.07190319551556426,2.0,1.0
GBRT,71,27,False,PFI,sublimation_Mprime,0.008834274682093277,7.0,0.0
GBRT,71,27,False,PFI,surface_energy_M,0.15590051992060158,1.0,1.0
GBRT,71,27,False,PFI,electron_density_M,0.0110869428748732,5.0,0.0
GBRT,71,27,False,PFI,oxide_bandgap,0.009906155552380842,6.0,0.0
GBRT,71,27,False,KernelSHAP,electronegativity_M,0.011168288132417568,13.0,0.0
GBRT,71,27,False,KernelSHAP,electronegativity_Mprime,0.053260242966077606,7.0,0.0
GBRT,71,27,False,KernelSHAP,ionization_M,0.026868045589793485,9.0,0.0
GBRT,71,27,False,KernelSHAP,ionization_Mprime,0.008895533828288992,14.0,0.0
GBRT,71,27,False,KernelSHAP,radius_M,0.022065647135586522,11.0,0.0
GBRT,71,27,False,KernelSHAP,radius_Mprime,0.020956948827458303,12.0,0.0
GBRT,71,27,False,KernelSHAP,oxide_enthalpy_M,0.09189152500594172,3.0,1.0
GBRT,71,27,False,KernelSHAP,oxide_enthalpy_Mprime,0.07420226871432645,4.0,0.0
GBRT,71,27,False,KernelSHAP,mixing_enthalpy,0.05881879203033635,5.0,0.0
GBRT,71,27,False,KernelSHAP,sublimation_M,0.17021092430821397,2.0,1.0
GBRT,71,27,False,KernelSHAP,sublimation_Mprime,0.025117172849074772,10.0,0.0
GBRT,71,27,False,KernelSHAP,surface_energy_M,0.18985861063573825,1.0,1.0
GBRT,71,27,False,KernelSHAP,electron_density_M,0.03349889924155835,8.0,0.0
GBRT,71,27,False,KernelSHAP,oxide_bandgap,0.05359024094198781,6.0,0.0
LR,71,27,False,PFI,electronegativity_M,-0.0025260513691966946,14.0,0.0
LR,71,27,False,PFI,electronegativity_Mprime,-0.0002471133495602448,13.0,0.0
LR,71,27,False,PFI,ionization_M,0.037643313583096694,7.0,0.0
LR,71,27,False,PFI,ionization_Mprime,0.012342820111539555,12.0,0.0
LR,71,27,False,PFI,radius_M,0.031138207190427127,8.0,0.0
LR,71,27,False,PFI,radius_Mprime,0.0700229737387435,4.0,0.0
LR,71,27,False,PFI,oxide_enthalpy_M,0.061753475638661,6.0,0.0
LR,71,27,False,PFI,oxide_enthalpy_Mprime,0.08132369439902308,3.0,1.0
LR,71,27,False,PFI,mixing_enthalpy,0.06821475396967491,5.0,0.0
LR,71,27,False,PFI,sublimation_M,0.024042452711900055,10.0,0.0
LR,71,27,False,PFI,sublimation_Mprime,0.019585439385806095,11.0,0.0
LR,71,27,False,PFI,surface_energy_M,1.1970576431104192,1.0,1.0
LR,71,27,False,PFI,electron_density_M,0.5103026154132894,2.0,1.0
LR,71,27,False,PFI,oxide_bandgap,0.03101558168809209,9.0,0.0
LR,71,27,False,KernelSHAP,electronegativity_M,0.04015107610420266,13.0,0.0
LR,71,27,False,KernelSHAP,electronegativity_Mprime,0.0020844639641495713,14.0,0.0
LR,71,27,False,KernelSHAP,ionization_M,0.10121745533588607,8.0,0.0
LR,71,27,False,KernelSHAP,ionization_Mprime,0.05008101356855388,12.0,0.0
LR,71,27,False,KernelSHAP,radius_M,0.08831132210554393,10.0,0.0
LR,71,27,False,KernelSHAP,radius_Mprime,0.19011816756464356,3.0,1.0
LR,71,27,False,KernelSHAP,oxide_enthalpy_M,0.1604821747229308,5.0,0.0
LR,71,27,False,KernelSHAP,oxide_enthalpy_Mprime,0.17847206179096736,4.0,0.0
LR,71,27,False,KernelSHAP,mixing_enthalpy,0.12563574377097836,6.0,0.0
LR,71,27,False,KernelSHAP,sublimation_M,0.1010261965250352,9.0,0.0
LR,71,27,False,KernelSHAP,sublimation_Mprime,0.12380969638673275,7.0,0.0
LR,71,27,False,KernelSHAP,surface_energy_M,0.7284359723670208,1.0,1.0
LR,71,27,False,KernelSHAP,electron_density_M,0.4172349708694174,2.0,1.0
LR,71,27,False,KernelSHAP,oxide_bandgap,0.08605207213786577,11.0,0.0
RF,71,27,False,PFI,electronegativity_M,0.0005022162948555372,10.0,0.0
RF,71,27,False,PFI,electronegativity_Mprime,0.0017641856040033312,9.0,0.0
RF,71,27,False,PFI,ionization_M,0.00284633783651636,7.0,0.0
RF,71,27,False,PFI,ionization_Mprime,-0.0016217826330947665,13.0,0.0
RF,71,27,False,PFI,radius_M,0.007109651123466978,5.0,0.0
RF,71,27,False,PFI,radius_Mprime,-0.002553373228537021,14.0,0.0
RF,71,27,False,PFI,oxide_enthalpy_M,0.01916118706345289,3.0,1.0
RF,71,27,False,PFI,oxide_enthalpy_Mprime,-0.0005113384390758658,11.0,0.0
RF,71,27,False,PFI,mixing_enthalpy,0.0025337334203192783,8.0,0.0
RF,71,27,False,PFI,sublimation_M,0.057424718295366925,1.0,1.0
RF,71,27,False,PFI,sublimation_Mprime,-0.0006781366880506426,12.0,0.0
RF,71,27,False,PFI,surface_energy_M,0.0335495107359455,2.0,1.0
RF,71,27,False,PFI,electron_density_M,0.0030536991605487267,6.0,0.0
RF,71,27,False,PFI,oxide_bandgap,0.007612830673854084,4.0,0.0
RF,71,27,False,KernelSHAP,electronegativity_M,0.01732281559365723,12.0,0.0
RF,71,27,False,KernelSHAP,electronegativity_Mprime,0.03483615044146757,6.0,0.0
RF,71,27,False,KernelSHAP,ionization_M,0.005188233109109143,14.0,0.0
RF,71,27,False,KernelSHAP,ionization_Mprime,0.013235502946955864,13.0,0.0
RF,71,27,False,KernelSHAP,radius_M,0.04852490977620266,4.0,0.0
RF,71,27,False,KernelSHAP,radius_Mprime,0.02024723084836806,10.0,0.0
RF,71,27,False,KernelSHAP,oxide_enthalpy_M,0.0737994006834162,3.0,1.0
RF,71,27,False,KernelSHAP,oxide_enthalpy_Mprime,0.024913736973703464,8.0,0.0
RF,71,27,False,KernelSHAP,mixing_enthalpy,0.028553947082731068,7.0,0.0
RF,71,27,False,KernelSHAP,sublimation_M,0.14239772805588968,1.0,1.0
RF,71,27,False,KernelSHAP,sublimation_Mprime,0.020852839867031774,9.0,0.0
RF,71,27,False,KernelSHAP,surface_energy_M,0.11553792863948296,2.0,1.0
RF,71,27,False,KernelSHAP,electron_density_M,0.018929514710381262,11.0,0.0
RF,71,27,False,KernelSHAP,oxide_bandgap,0.03707609750429204,5.0,0.0
SVR,71,27,False,PFI,electronegativity_M,0.03663946577622919,4.0,0.0
SVR,71,27,False,PFI,electronegativity_Mprime,-0.0019898731585069333,14.0,0.0
SVR,71,27,False,PFI,ionization_M,0.007441478278635879,11.0,0.0
SVR,71,27,False,PFI,ionization_Mprime,0.01865552352824778,8.0,0.0
SVR,71,27,False,PFI,radius_M,0.01854742841909024,9.0,0.0
SVR,71,27,False,PFI,radius_Mprime,0.006332495750878614,12.0,0.0
SVR,71,27,False,PFI,oxide_enthalpy_M,0.11532720808503556,2.0,1.0
SVR,71,27,False,PFI,oxide_enthalpy_Mprime,0.00874989533306264,10.0,0.0
SVR,71,27,False,PFI,mixing_enthalpy,0.0057862566131497255,13.0,0.0
SVR,71,27,False,PFI,sublimation_M,0.03690470245772496,3.0,1.0
SVR,71,27,False,PFI,sublimation_Mprime,0.024153914687317868,6.0,0.0
SVR,71,27,False,PFI,surface_energy_M,0.2899997917616378,1.0,1.0
SVR,71,27,False,PFI,electron_density_M,0.03157339146821471,5.0,0.0
SVR,71,27,False,PFI,oxide_bandgap,0.023939711217185033,7.0,0.0
SVR,71,27,False,KernelSHAP,electronegativity_M,0.07187113527883975,9.0,0.0
SVR,71,27,False,KernelSHAP,electronegativity_Mprime,0.03605695257348482,12.0,0.0
SVR,71,27,False,KernelSHAP,ionization_M,0.10163317982550096,4.0,0.0
SVR,71,27,False,KernelSHAP,ionization_Mprime,0.020810429543810394,14.0,0.0
SVR,71,27,False,KernelSHAP,radius_M,0.09671122731004984,5.0,0.0
SVR,71,27,False,KernelSHAP,radius_Mprime,0.08040578816930971,7.0,0.0
SVR,71,27,False,KernelSHAP,oxide_enthalpy_M,0.17030606795397044,2.0,1.0
SVR,71,27,False,KernelSHAP,oxide_enthalpy_Mprime,0.08952004375161188,6.0,0.0
SVR,71,27,False,KernelSHAP,mixing_enthalpy,0.02652850333611675,13.0,0.0
SVR,71,27,False,KernelSHAP,sublimation_M,0.12085220435205438,3.0,1.0
SVR,71,27,False,KernelSHAP,sublimation_Mprime,0.07160633390814398,10.0,0.0
SVR,71,27,False,KernelSHAP,surface_energy_M,0.3455779888845868,1.0,1.0
SVR,71,27,False,KernelSHAP,electron_density_M,0.07582391483583623,8.0,0.0
SVR,71,27,False,KernelSHAP,oxide_bandgap,0.057450296224098175,11.0,0.0
GBRT,71,28,False,PFI,electronegativity_M,0.0018381393701129266,11.0,0.0
GBRT,71,28,False,PFI,electronegativity_Mprime,-0.0020709807351867613,14.0,0.0
GBRT,71,28,False,PFI,ionization_M,0.0008170876684816641,12.0,0.0
GBRT,71,28,False,PFI,ionization_Mprime,-0.00031429722544363664,13.0,0.0
GBRT,71,28,False,PFI,radius_M,0.0021627671898341795,10.0,0.0
GBRT,71,28,False,PFI,radius_Mprime,0.011026215594358593,6.0,0.0
GBRT,71,28,False,PFI,oxide_enthalpy_M,0.043971295799375296,4.0,0.0
GBRT,71,28,False,PFI,oxide_enthalpy_Mprime,0.003855217149409317,9.0,0.0
GBRT,71,28,False,PFI,mixing_enthalpy,0.006325286089363379,7.0,0.0
GBRT,71,28,False,PFI,sublimation_M,0.1285311323479582,1.0,1.0
GBRT,71,28,False,PFI,sublimation_Mprime,0.004226965284643636,8.0,0.0
GBRT,71,28,False,PFI,surface_energy_M,0.07378485586976322,2.0,1.0
GBRT,71,28,False,PFI,electron_density_M,0.04584493340260947,3.0,1.0
GBRT,71,28,False,PFI,oxide_bandgap,0.04051113419247229,5.0,0.0
GBRT,71,28,False,KernelSHAP,electronegativity_M,0.05970176873873482,5.0,0.0
GBRT,71,28,False,KernelSHAP,electronegativity_Mprime,0.0445936195776792,9.0,0.0
GBRT,71,28,False,KernelSHAP,ionization_M,0.00651604340158941,14.0,0.0
GBRT,71,28,False,KernelSHAP,ionization_Mprime,0.010607386462160563,13.0,0.0
GBRT,71,28,False,KernelSHAP,radius_M,0.016803318389101273,12.0,0.0
GBRT,71,28,False,KernelSHAP,radius_Mprime,0.051472726553492804,8.0,0.0
GBRT,71,28,False,KernelSHAP,oxide_enthalpy_M,0.11490601400048257,3.0,1.0
GBRT,71,28,False,KernelSHAP,oxide_enthalpy_Mprime,0.05945466140100004,6.0,0.0
GBRT,71,28,False,KernelSHAP,mixing_enthalpy,0.03642240276382264,10.0,0.0
GBRT,71,28,False,KernelSHAP,sublimation_M,0.2585891106591429,1.0,1.0
GBRT,71,28,False,KernelSHAP,sublimation_Mprime,0.03501177016101136,11.0,0.0
GBRT,71,28,False,KernelSHAP,surface_energy_M,0.20188209626660625,2.0,1.0
GBRT,71,28,False,KernelSHAP,electron_density_M,0.05847364734078681,7.0,0.0
GBRT,71,28,False,KernelSHAP,oxide_bandgap,0.10703004685017709,4.0,0.0
LR,71,28,False,PFI,electronegativity_M,0.03903375981207586,7.0,0.0
LR,71,28,False,PFI,electronegativity_Mprime,0.008354100293703363,13.0,0.0
LR,71,28,False,PFI,ionization_M,0.032187392203917614,9.0,0.0
LR,71,28,False,PFI,ionization_Mprime,0.012534568804928705,11.0,0.0
LR,71,28,False,PFI,radius_M,0.0704570621151071,6.0,0.0
LR,71,28,False,PFI,radius_Mprime,0.0008016498145918545,14.0,0.0
LR,71,28,False,PFI,oxide_enthalpy_M,0.0920770064360576,4.0,0.0
LR,71,28,False,PFI,oxide_enthalpy_Mprime,0.0944931973309214,3.0,1.0
LR,71,28,False,PFI,mixing_enthalpy,0.07573639099995286,5.0,0.0
LR,71,28,False,PFI,sublimation_M,0.03472235007842702,8.0,0.0
LR,71,28,False,PFI,sublimation_Mprime,0.016142662804596555,10.0,0.0
LR,71,28,False,PFI,surface_energy_M,0.6559503119504991,1.0,1.0
LR,71,28,False,PFI,electron_density_M,0.14092401677926208,2.0,1.0
LR,71,28,False,PFI,oxide_bandgap,0.011993206413511958,12.0,0.0
LR,71,28,False,KernelSHAP,electronegativity_M,0.10481348907681437,11.0,0.0
LR,71,28,False,KernelSHAP,electronegativity_Mprime,0.11159471957749854,10.0,0.0
LR,71,28,False,KernelSHAP,ionization_M,0.11346320024074602,9.0,0.0
LR,71,28,False,KernelSHAP,ionization_Mprime,0.048948174428107824,14.0,0.0
LR,71,28,False,KernelSHAP,radius_M,0.16290939507541002,5.0,0.0
LR,71,28,False,KernelSHAP,radius_Mprime,0.0500930336658226,13.0,0.0
LR,71,28,False,KernelSHAP,oxide_enthalpy_M,0.18242936353268727,4.0,0.0
LR,71,28,False,KernelSHAP,oxide_enthalpy_Mprime,0.20228903769634365,2.0,1.0
LR,71,28,False,KernelSHAP,mixing_enthalpy,0.13796643113896,6.0,0.0
LR,71,28,False,KernelSHAP,sublimation_M,0.11716936274762357,8.0,0.0
LR,71,28,False,KernelSHAP,sublimation_Mprime,0.12320151505353825,7.0,0.0
LR,71,28,False,KernelSHAP,surface_energy_M,0.5519986933808277,1.0,1.0
LR,71,28,False,KernelSHAP,electron_density_M,0.1965764155240623,3.0,1.0
LR,71,28,False,KernelSHAP,oxide_bandgap,0.0547631808619065,12.0,0.0
RF,71,28,False,PFI,electronegativity_M,-0.0055402094734735546,12.0,0.0
RF,71,28,False,PFI,electronegativity_Mprime,-0.008902465270664014,14.0,0.0
RF,71,28,False,PFI,ionization_M,0.0012030021793801003,6.0,0.0
RF,71,28,False,PFI,ionization_Mprime,0.0003480670937924285,8.0,0.0
RF,71,28,False,PFI,radius_M,0.002246236885197908,5.0,0.0
RF,71,28,False,PFI,radius_Mprime,0.0005229467268030687,7.0,0.0
RF,71,28,False,PFI,oxide_enthalpy_M,0.0412718216391948,1.0,1.0
RF,71,28,False,PFI,oxide_enthalpy_Mprime,-0.00021499224305625378,9.0,0.0
RF,71,28,False,PFI,mixing_enthalpy,0.0028176350507978782,4.0,0.0
RF,71,28,False,PFI,sublimation_M,0.022647696817058246,2.0,1.0
RF,71,28,False,PFI,sublimation_Mprime,-0.0033458035125420852,11.0,0.0
RF,71,28,False,PFI,surface_energy_M,-0.0015204144781491855,10.0,0.0
RF,71,28,False,PFI,electron_density_M,-0.008086755216073509,13.0,0.0
RF,71,28,False,PFI,oxide_bandgap,0.006412108568264368,3.0,1.0
RF,71,28,False,KernelSHAP,electronegativity_M,0.031995053175463146,7.0,0.0
RF,71,28,False,KernelSHAP,electronegativity_Mprime,0.037805743530304074,6.0,0.0
RF,71,28,False,KernelSHAP,ionization_M,0.006648556859164239,14.0,0.0
RF,71,28,False,KernelSHAP,ionization_Mprime,0.006928175535588583,13.0,0.0
RF,71,28,False,KernelSHAP,radius_M,0.021139879360829214,10.0,0.0
RF,71,28,False,KernelSHAP,radius_Mprime,0.01660176440915296,12.0,0.0
RF,71,28,False,KernelSHAP,oxide_enthalpy_M,0.12289974052554288,3.0,1.0
RF,71,28,False,KernelSHAP,oxide_enthalpy_Mprime,0.031371285781418526,8.0,0.0
RF,71,28,False,KernelSHAP,mixing_enthalpy,0.016634439043626967,11.0,0.0
RF,71,28,False,KernelSHAP,sublimation_M,0.1751408152056781,1.0,1.0
RF,71,28,False,KernelSHAP,sublimation_Mprime,0.028883502293932033,9.0,0.0
RF,71,28,False,KernelSHAP,surface_energy_M,0.13169707109968523,2.0,1.0
RF,71,28,False,KernelSHAP,electron_density_M,0.0711610310808027,4.0,0.0
RF,71,28,False,KernelSHAP,oxide_bandgap,0.06051297275337538,5.0,0.0
SVR,71,28,False,PFI,electronegativity_M,0.093301521292519,4.0,0.0
SVR,71,28,False,PFI,electronegativity_Mprime,0.010062485514440195,13.0,0.0
SVR,71,28,False,PFI,ionization_M,0.014347430459603868,11.0,0.0
SVR,71,28,False,PFI,ionization_Mprime,0.01423586458165211,12.0,0.0
SVR,71,28,False,PFI,radius_M,0.11307622520317126,3.0,1.0
SVR,71,28,False,PFI,radius_Mprime,0.021224924577918088,10.0,0.0
SVR,71,28,False,PFI,oxide_enthalpy_M,0.1431881894315762,1.0,1.0
SVR,71,28,False,PFI,oxide_enthalpy_Mprime,0.06490396231550767,5.0,0.0
SVR,71,28,False,PFI,mixing_enthalpy,0.04330787603510054,7.0,0.0
SVR,71,28,False,PFI,sublimation_M,0.04606397037117418,6.0,0.0
SVR,71,28,False,PFI,sublimation_Mprime,0.033009715013245435,8.0,0.0
SVR,71,28,False,PFI,surface_energy_M,0.14162408813388763,2.0,1.0
SVR,71,28,False,PFI,electron_density_M,0.02942640548277544,9.0,0.0
SVR,71,28,False,PFI,oxide_bandgap,0.009673122651479535,14.0,0.0
SVR,71,28,False,KernelSHAP,electronegativity_M,0.14321779874755627,5.0,0.0
SVR,71,28,False,KernelSHAP,electronegativity_Mprime,0.021792823735362548,13.0,0.0
SVR,71,28,False,KernelSHAP,ionization_M,0.08877304987702385,10.0,0.0
SVR,71,28,False,KernelSHAP,ionization_Mprime,0.02114596418371176,14.0,0.0
SVR,71,28,False,KernelSHAP,radius_M,0.22501173098391553,2.0,1.0
SVR,71,28,False,KernelSHAP,radius_Mprime,0.10277471590825815,9.0,0.0
SVR,71,28,False,KernelSHAP,oxide_enthalpy_M,0.20294243119931646,3.0,1.0
SVR,71,28,False,KernelSHAP,oxide_enthalpy_Mprime,0.16384301171050836,4.0,0.0
SVR,71,28,False,KernelSHAP,mixing_enthalpy,0.08737171859164816,11.0,0.0
SVR,71,28,False,KernelSHAP,sublimation_M,0.10520504704163994,8.0,0.0
SVR,71,28,False,KernelSHAP,sublimation_Mprime,0.13221790998245772,6.0,0.0
SVR,71,28,False,KernelSHAP,surface_energy_M,0.24533401676190994,1.0,1.0
SVR,71,28,False,KernelSHAP,electron_density_M,0.10738357529757261,7.0,0.0
SVR,71,28,False,KernelSHAP,oxide_bandgap,0.03611937932022112,12.0,0.0
GBRT,71,29,False,PFI,electronegativity_M,0.010706186222703862,6.0,0.0
GBRT,71,29,False,PFI,electronegativity_Mprime,-0.004981007026210588,13.0,0.0
GBRT,71,29,False,PFI,ionization_M,0.0003220486931854195,10.0,0.0
GBRT,71,29,False,PFI,ionization_Mprime,0.0022736740568303072,9.0,0.0
GBRT,71,29,False,PFI,radius_M,-0.0021787986318045132,11.0,0.0
GBRT,71,29,False,PFI,radius_Mprime,0.015552826033163257,4.0,0.0
GBRT,71,29,False,PFI,oxide_enthalpy_M,0.013805966371721915,5.0,0.0
GBRT,71,29,False,PFI,oxide_enthalpy_Mprime,-0.00223077094493187,12.0,0.0
GBRT,71,29,False,PFI,mixing_enthalpy,0.006190039679287886,7.0,0.0
GBRT,71,29,False,PFI,sublimation_M,0.1134055917106885,1.0,1.0
GBRT,71,29,False,PFI,sublimation_Mprime,-0.005654881052847686,14.0,0.0
GBRT,71,29,False,PFI,surface_energy_M,0.028117625501397885,3.0,1.0
GBRT,71,29,False,PFI,electron_density_M,0.006002293567789544,8.0,0.0
GBRT,71,29,False,PFI,oxide_bandgap,0.035124918123068866,2.0,1.0
GBRT,71,29,False,KernelSHAP,electronegativity_M,0.07201709413955001,4.0,0.0
GBRT,71,29,False,KernelSHAP,electronegativity_Mprime,0.025041989061330847,9.0,0.0
GBRT,71,29,False,KernelSHAP,ionization_M,0.010484056417434506,13.0,0.0
GBRT,71,29,False,KernelSHAP,ionization_Mprime,0.011743006028865372,12.0,0.0
GBRT,71,29,False,KernelSHAP,radius_M,0.024493560213192527,10.0,0.0
GBRT,71,29,False,KernelSHAP,radius_Mprime,0.04290462871686978,7.0,0.0
GBRT,71,29,False,KernelSHAP,oxide_enthalpy_M,0.04434668531812594,6.0,0.0
GBRT,71,29,False,KernelSHAP,oxide_enthalpy_Mprime,0.07188183643628698,5.0,0.0
GBRT,71,29,False,KernelSHAP,mixing_enthalpy,0.03968667084548899,8.0,0.0
GBRT,71,29,False,KernelSHAP,sublimation_M,0.2622667234586076,1.0,1.0
GBRT,71,29,False,KernelSHAP,sublimation_Mprime,0.01968134767878056,11.0,0.0
GBRT,71,29,False,KernelSHAP,surface_energy_M,0.17295575058805346,2.0,1.0
GBRT,71,29,False,KernelSHAP,electron_density_M,0.010276519737473922,14.0,0.0
GBRT,71,29,False,KernelSHAP,oxide_bandgap,0.1236901353184746,3.0,1.0
LR,71,29,False,PFI,electronegativity_M,0.1439912297263865,4.0,0.0
LR,71,29,False,PFI,electronegativity_Mprime,-0.007582636356252683,14.0,0.0
LR,71,29,False,PFI,ionization_M,0.1530218959529522,3.0,1.0
LR,71,29,False,PFI,ionization_Mprime,-0.002965678336340366,12.0,0.0
LR,71,29,False,PFI,radius_M,0.11492872666430666,6.0,0.0
LR,71,29,False,PFI,radius_Mprime,0.016849670588214537,11.0,0.0
LR,71,29,False,PFI,oxide_enthalpy_M,0.05149775332388628,8.0,0.0
LR,71,29,False,PFI,oxide_enthalpy_Mprime,0.06707610364122253,7.0,0.0
LR,71,29,False,PFI,mixing_enthalpy,0.14260584053899475,5.0,0.0
LR,71,29,False,PFI,sublimation_M,0.031264369273719235,9.0,0.0
LR,71,29,False,PFI,sublimation_Mprime,-0.006749858780033416,13.0,0.0
LR,71,29,False,PFI,surface_energy_M,0.9641638679722344,1.0,1.0
LR,71,29,False,PFI,electron_density_M,0.2822416140125284,2.0,1.0
LR,71,29,False,PFI,oxide_bandgap,0.030697540680075113,10.0,0.0
LR,71,29,False,KernelSHAP,electronegativity_M,0.2247944752374059,4.0,0.0
LR,71,29,False,KernelSHAP,electronegativity_Mprime,0.035628233228317194,13.0,0.0
LR,71,29,False,KernelSHAP,ionization_M,0.2517159516145639,3.0,1.0
LR,71,29,False,KernelSHAP,ionization_Mprime,0.0175461241748836,14.0,0.0
LR,71,29,False,KernelSHAP,radius_M,0.2175753120858526,5.0,0.0
LR,71,29,False,KernelSHAP,radius_Mprime,0.14290491202923822,8.0,0.0
LR,71,29,False,KernelSHAP,oxide_enthalpy_M,0.1201478934630499,10.0,0.0
LR,71,29,False,KernelSHAP,oxide_enthalpy_Mprime,0.14634984415457616,7.0,0.0
LR,71,29,False,KernelSHAP,mixing_enthalpy,0.1646740536514973,6.0,0.0
LR,71,29,False,KernelSHAP,sublimation_M,0.07906047538167278,12.0,0.0
LR,71,29,False,KernelSHAP,sublimation_Mprime,0.1400206203803983,9.0,0.0
LR,71,29,False,KernelSHAP,surface_energy_M,0.6781520029880265,1.0,1.0
LR,71,29,False,KernelSHAP,electron_density_M,0.2838622475242736,2.0,1.0
LR,71,29,False,KernelSHAP,oxide_bandgap,0.08826055949654615,11.0,0.0
RF,71,29,False,PFI,electronegativity_M,0.0040064790178842066,5.0,0.0
RF,71,29,False,PFI,electronegativity_Mprime,-0.003880506902850349,14.0,0.0
RF,71,29,False,PFI,ionization_M,0.0005997778518526114,8.0,0.0
RF,71,29,False,PFI,ionization_Mprime,-0.0013161473755576444,13.0,0.0
RF,71,29,False,PFI,radius_M,-0.001099957427250691,12.0,0.0
RF,71,29,False,PFI,radius_Mprime,-0.0007609310749002372,11.0,0.0
RF,71,29,False,PFI,oxide_enthalpy_M,0.012778712314556042,3.0,1.0
RF,71,29,False,PFI,oxide_enthalpy_Mprime,0.0020706368661481582,7.0,0.0
RF,71,29,False,PFI,mixing_enthalpy,0.002741227791496989,6.0,0.0
RF,71,29,False,PFI,sublimation_M,0.0430685158868342,1.0,1.0
RF,71,29,False,PFI,sublimation_Mprime,1.730170983962655e-05,10.0,0.0
RF,71,29,False,PFI,surface_energy_M,0.03385584411873856,2.0,1.0
RF,71,29,False,PFI,electron_density_M,0.0005803458604463674,9.0,0.0
RF,71,29,False,PFI,oxide_bandgap,0.011999974031540643,4.0,0.0
RF,71,29,False,KernelSHAP,electronegativity_M,0.039037792145763237,6.0,0.0
RF,71,29,False,KernelSHAP,electronegativity_Mprime,0.03831959863823568,7.0,0.0
RF,71,29,False,KernelSHAP,ionization_M,0.014273305904237235,14.0,0.0
RF,71,29,False,KernelSHAP,ionization_Mprime,0.018531895647211593,11.0,0.0
RF,71,29,False,KernelSHAP,radius_M,0.05262268676053638,4.0,0.0
RF,71,29,False,KernelSHAP,radius_Mprime,0.02005073350450215,10.0,0.0
RF,71,29,False,KernelSHAP,oxide_enthalpy_M,0.037787190776401,8.0,0.0
RF,71,29,False,KernelSHAP,oxide_enthalpy_Mprime,0.040965894521466296,5.0,0.0
RF,71,29,False,KernelSHAP,mixing_enthalpy,0.015808095727146206,12.0,0.0
RF,71,29,False,KernelSHAP,sublimation_M,0.17605614928079255,1.0,1.0
RF,71,29,False,KernelSHAP,sublimation_Mprime,0.014843849146385427,13.0,0.0
RF,71,29,False,KernelSHAP,surface_energy_M,0.15122777205719895,2.0,1.0
RF,71,29,False,KernelSHAP,electron_density_M,0.0358555774982979,9.0,0.0
RF,71,29,False,KernelSHAP,oxide_bandgap,0.06046114686882251,3.0,1.0
SVR,71,29,False,PFI,electronegativity_M,0.038413136611367214,4.0,0.0
SVR,71,29,False,PFI,electronegativity_Mprime,0.010469333146402218,10.0,0.0
SVR,71,29,False,PFI,ionization_M,0.0003507661279679733,14.0,0.0
SVR,71,29,False,PFI,ionization_Mprime,0.0025996522642320755,12.0,0.0
SVR,71,29,False,PFI,radius_M,0.10009014437889639,2.0,1.0
SVR,71,29,False,PFI,radius_Mprime,0.02567836093211599,5.0,0.0
SVR,71,29,False,PFI,oxide_enthalpy_M,0.08614451238150214,3.0,1.0
SVR,71,29,False,PFI,oxide_enthalpy_Mprime,0.024364086220273324,7.0,0.0
SVR,71,29,False,PFI,mixing_enthalpy,0.02449663719128809,6.0,0.0
SVR,71,29,False,PFI,sublimation_M,0.014549932518195875,9.0,0.0
SVR,71,29,False,PFI,sublimation_Mprime,0.003133084948437906,11.0,0.0
SVR,71,29,False,PFI,surface_energy_M,0.26352525472122296,1.0,1.0
SVR,71,29,False,PFI,electron_density_M,0.0020774358064117814,13.0,0.0
SVR,71,29,False,PFI,oxide_bandgap,0.01621381903301167,8.0,0.0
SVR,71,29,False,KernelSHAP,electronegativity_M,0.09346017707125368,6.0,0.0
SVR,71,29,False,KernelSHAP,electronegativity_Mprime,0.038986744391443305,13.0,0.0
SVR,71,29,False,KernelSHAP,ionization_M,0.04416794213593521,12.0,0.0
SVR,71,29,False,KernelSHAP,ionization_Mprime,0.014105453456205681,14.0,0.0
SVR,71,29,False,KernelSHAP,radius_M,0.17062894781087481,2.0,1.0
SVR,71,29,False,KernelSHAP,radius_Mprime,0.10339740317303776,5.0,0.0
SVR,71,29,False,KernelSHAP,oxide_enthalpy_M,0.14915807818642568,3.0,1.0
SVR,71,29,False,KernelSHAP,oxide_enthalpy_Mprime,0.06530464279460832,9.0,0.0
SVR,71,29,False,KernelSHAP,mixing_enthalpy,0.06587043547204935,8.0,0.0
SVR,71,29,False,KernelSHAP,sublimation_M,0.11575422484771505,4.0,0.0
SVR,71,29,False,KernelSHAP,sublimation_Mprime,0.06428053000282544,10.0,0.0
SVR,71,29,False,KernelSHAP,surface_energy_M,0.3708804268814887,1.0,1.0
SVR,71,29,False,KernelSHAP,electron_density_M,0.0457191572828857,11.0,0.0
SVR,71,29,False,KernelSHAP,oxide_bandgap,0.07394894952980652,7.0,0.0
GBRT,71,2,False,PFI,electronegativity_M,0.00381363015923163,9.0,0.0
GBRT,71,2,False,PFI,electronegativity_Mprime,-0.000788929919302148,12.0,0.0
GBRT,71,2,False,PFI,ionization_M,0.004947872778230848,8.0,0.0
GBRT,71,2,False,PFI,ionization_Mprime,0.0035629443908343915,10.0,0.0
GBRT,71,2,False,PFI,radius_M,0.015622760355756356,4.0,0.0
GBRT,71,2,False,PFI,radius_Mprime,0.0015032439858118612,11.0,0.0
GBRT,71,2,False,PFI,oxide_enthalpy_M,0.0447843816104448,2.0,1.0
GBRT,71,2,False,PFI,oxide_enthalpy_Mprime,0.006620956008829819,5.0,0.0
GBRT,71,2,False,PFI,mixing_enthalpy,-0.0030848830397205455,13.0,0.0
GBRT,71,2,False,PFI,sublimation_M,0.029438410430262737,3.0,1.0
GBRT,71,2,False,PFI,sublimation_Mprime,-0.003886094226524715,14.0,0.0
GBRT,71,2,False,PFI,surface_energy_M,0.24663594551431287,1.0,1.0
GBRT,71,2,False,PFI,electron_density_M,0.005619044479693116,7.0,0.0
GBRT,71,2,False,PFI,oxide_bandgap,0.00612970713168219,6.0,0.0
GBRT,71,2,False,KernelSHAP,electronegativity_M,0.03179571518833401,8.0,0.0
GBRT,71,2,False,KernelSHAP,electronegativity_Mprime,0.03127400689697867,9.0,0.0
GBRT,71,2,False,KernelSHAP,ionization_M,0.025596412208406392,12.0,0.0
GBRT,71,2,False,KernelSHAP,ionization_Mprime,0.028495903486107983,10.0,0.0
GBRT,71,2,False,KernelSHAP,radius_M,0.034004640288457594,7.0,0.0
GBRT,71,2,False,KernelSHAP,radius_Mprime,0.0355768705164563,6.0,0.0
GBRT,71,2,False,KernelSHAP,oxide_enthalpy_M,0.12707254594672432,2.0,1.0
GBRT,71,2,False,KernelSHAP,oxide_enthalpy_Mprime,0.09785828567577365,3.0,1.0
GBRT,71,2,False,KernelSHAP,mixing_enthalpy,0.046567515636981235,5.0,0.0
GBRT,71,2,False,KernelSHAP,sublimation_M,0.08467309702081054,4.0,0.0
GBRT,71,2,False,KernelSHAP,sublimation_Mprime,0.014441800747166021,13.0,0.0
GBRT,71,2,False,KernelSHAP,surface_energy_M,0.23443271387130027,1.0,1.0
GBRT,71,2,False,KernelSHAP,electron_density_M,0.011735969508295776,14.0,0.0
GBRT,71,2,False,KernelSHAP,oxide_bandgap,0.026358689904999077,11.0,0.0
LR,71,2,False,PFI,electronegativity_M,0.03303767676266258,6.0,0.0
LR,71,2,False,PFI,electronegativity_Mprime,0.01654348504776046,8.0,0.0
LR,71,2,False,PFI,ionization_M,0.02207519753726477,7.0,0.0
LR,71,2,False,PFI,ionization_Mprime,-0.0042987262590671715,14.0,0.0
LR,71,2,False,PFI,radius_M,0.015589991248157953,9.0,0.0
LR,71,2,False,PFI,radius_Mprime,0.004132980097710108,12.0,0.0
LR,71,2,False,PFI,oxide_enthalpy_M,0.07638749596990416,4.0,0.0
LR,71,2,False,PFI,oxide_enthalpy_Mprime,0.06125674792686407,5.0,0.0
LR,71,2,False,PFI,mixing_enthalpy,0.0826178801758659,3.0,1.0
LR,71,2,False,PFI,sublimation_M,0.009247962822475178,11.0,0.0
LR,71,2,False,PFI,sublimation_Mprime,0.013908985179735477,10.0,0.0
LR,71,2,False,PFI,surface_energy_M,0.5561314304472824,1.0,1.0
LR,71,2,False,PFI,electron_density_M,0.12087926801161052,2.0,1.0
LR,71,2,False,PFI,oxide_bandgap,0.003039717656089984,13.0,0.0
LR,71,2,False,KernelSHAP,electronegativity_M,0.10144272487073298,7.0,0.0
LR,71,2,False,KernelSHAP,electronegativity_Mprime,0.1381107277706739,5.0,0.0
LR,71,2,False,KernelSHAP,ionization_M,0.0983055131394746,9.0,0.0
LR,71,2,False,KernelSHAP,ionization_Mprime,0.056865768308632964,11.0,0.0
LR,71,2,False,KernelSHAP,radius_M,0.06532962493694562,10.0,0.0
LR,71,2,False,KernelSHAP,radius_Mprime,0.01998988041191368,14.0,0.0
LR,71,2,False,KernelSHAP,oxide_enthalpy_M,0.1640558865070053,4.0,0.0
LR,71,2,False,KernelSHAP,oxide_enthalpy_Mprime,0.1719875909897694,3.0,1.0
LR,71,2,False,KernelSHAP,mixing_enthalpy,0.1367976916936065,6.0,0.0
LR,71,2,False,KernelSHAP,sublimation_M,0.056663991625497706,12.0,0.0
LR,71,2,False,KernelSHAP,sublimation_Mprime,0.09877559771304932,8.0,0.0
LR,71,2,False,KernelSHAP,surface_energy_M,0.49761307259134124,1.0,1.0
LR,71,2,False,KernelSHAP,electron_density_M,0.19171581459956266,2.0,1.0
LR,71,2,False,KernelSHAP,oxide_bandgap,0.023130699866032993,13.0,0.0
RF,71,2,False,PFI,electronegativity_M,0.0016805471712588167,9.0,0.0
RF,71,2,False,PFI,electronegativity_Mprime,-0.003384921645063525,13.0,0.0
RF,71,2,False,PFI,ionization_M,0.00040886766451011456,11.0,0.0
RF,71,2,False,PFI,ionization_Mprime,-0.0013893703531506927,12.0,0.0
RF,71,2,False,PFI,radius_M,0.01729956858585706,3.0,1.0
RF,71,2,False,PFI,radius_Mprime,-0.004178761254711293,14.0,0.0
RF,71,2,False,PFI,oxide_enthalpy_M,0.028556595973482417,2.0,1.0
RF,71,2,False,PFI,oxide_enthalpy_Mprime,0.0015426369800106143,10.0,0.0
RF,71,2,False,PFI,mixing_enthalpy,0.0028495943871265517,7.0,0.0
RF,71,2,False,PFI,sublimation_M,0.017075914369372357,4.0,0.0
RF,71,2,False,PFI,sublimation_Mprime,0.0017103703743634037,8.0,0.0
RF,71,2,False,PFI,surface_energy_M,0.08283777962629499,1.0,1.0
RF,71,2,False,PFI,electron_density_M,0.007573211357365756,5.0,0.0
RF,71,2,False,PFI,oxide_bandgap,0.004317342883852025,6.0,0.0
RF,71,2,False,KernelSHAP,electronegativity_M,0.017403018684328007,10.0,0.0
RF,71,2,False,KernelSHAP,electronegativity_Mprime,0.06129902229774174,5.0,0.0
RF,71,2,False,KernelSHAP,ionization_M,0.007017065126457177,14.0,0.0
RF,71,2,False,KernelSHAP,ionization_Mprime,0.012684480071071223,12.0,0.0
RF,71,2,False,KernelSHAP,radius_M,0.04270573914381745,7.0,0.0
RF,71,2,False,KernelSHAP,radius_Mprime,0.014820142143403122,11.0,0.0
RF,71,2,False,KernelSHAP,oxide_enthalpy_M,0.07948581015101296,2.0,1.0
RF,71,2,False,KernelSHAP,oxide_enthalpy_Mprime,0.06575774281122292,3.0,1.0
RF,71,2,False,KernelSHAP,mixing_enthalpy,0.029985736811508915,8.0,0.0
RF,71,2,False,KernelSHAP,sublimation_M,0.061852539981075885,4.0,0.0
RF,71,2,False,KernelSHAP,sublimation_Mprime,0.011101075882915668,13.0,0.0
RF,71,2,False,KernelSHAP,surface_energy_M,0.14420339001350752,1.0,1.0
RF,71,2,False,KernelSHAP,electron_density_M,0.05071423584218198,6.0,0.0
RF,71,2,False,KernelSHAP,oxide_bandgap,0.02319345924595764,9.0,0.0
SVR,71,2,False,PFI,electronegativity_M,0.07855262683103979,4.0,0.0
SVR,71,2,False,PFI,electronegativity_Mprime,0.017128620698884954,10.0,0.0
SVR,71,2,False,PFI,ionization_M,0.028041070299912887,5.0,0.0
SVR,71,2,False,PFI,ionization_Mprime,0.02065272187820657,7.0,0.0
SVR,71,2,False,PFI,radius_M,0.017364561571753125,9.0,0.0
SVR,71,2,False,PFI,radius_Mprime,0.005624831856084623,14.0,0.0
SVR,71,2,False,PFI,oxide_enthalpy_M,0.09489279473657897,2.0,1.0
SVR,71,2,False,PFI,oxide_enthalpy_Mprime,0.02127816824203289,6.0,0.0
SVR,71,2,False,PFI,mixing_enthalpy,0.015482866512287388,12.0,0.0
SVR,71,2,False,PFI,sublimation_M,0.09133126500206538,3.0,1.0
SVR,71,2,False,PFI,sublimation_Mprime,0.016693289086911978,11.0,0.0
SVR,71,2,False,PFI,surface_energy_M,0.18613088216761736,1.0,1.0
SVR,71,2,False,PFI,electron_density_M,0.01862153804419069,8.0,0.0
SVR,71,2,False,PFI,oxide_bandgap,0.00955217577579174,13.0,0.0
SVR,71,2,False,KernelSHAP,electronegativity_M,0.12158059134637539,4.0,0.0
SVR,71,2,False,KernelSHAP,electronegativity_Mprime,0.05141341089264189,10.0,0.0
SVR,71,2,False,KernelSHAP,ionization_M,0.10153353043515517,6.0,0.0
SVR,71,2,False,KernelSHAP,ionization_Mprime,0.038171391554027184,12.0,0.0
SVR,71,2,False,KernelSHAP,radius_M,0.0870023201917251,7.0,0.0
SVR,71,2,False,KernelSHAP,radius_Mprime,0.03738915578424563,13.0,0.0
SVR,71,2,False,KernelSHAP,oxide_enthalpy_M,0.183740171376481,2.0,1.0
SVR,71,2,False,KernelSHAP,oxide_enthalpy_Mprime,0.1149273985985836,5.0,0.0
SVR,71,2,False,KernelSHAP,mixing_enthalpy,0.048301341440026915,11.0,0.0
SVR,71,2,False,KernelSHAP,sublimation_M,0.15777597160827328,3.0,1.0
SVR,71,2,False,KernelSHAP,sublimation_Mprime,0.06159364162133783,9.0,0.0
SVR,71,2,False,KernelSHAP,surface_energy_M,0.25108894383497504,1.0,1.0
SVR,71,2,False,KernelSHAP,electron_density_M,0.07770743073310804,8.0,0.0
SVR,71,2,False,KernelSHAP,oxide_bandgap,0.03500126533434409,14.0,0.0
GBRT,71,3,False,PFI,electronegativity_M,0.0007513451582574703,12.0,0.0
GBRT,71,3,False,PFI,electronegativity_Mprime,0.0010708643157027952,9.0,0.0
GBRT,71,3,False,PFI,ionization_M,0.0010438211344818572,10.0,0.0
GBRT,71,3,False,PFI,ionization_Mprime,0.00209567366215988,8.0,0.0
GBRT,71,3,False,PFI,radius_M,0.007683228638392953,5.0,0.0
GBRT,71,3,False,PFI,radius_Mprime,-0.0006118502486022829,13.0,0.0
GBRT,71,3,False,PFI,oxide_enthalpy_M,0.026996689890255682,2.0,1.0
GBRT,71,3,False,PFI,oxide_enthalpy_Mprime,0.003959328374534326,7.0,0.0
GBRT,71,3,False,PFI,mixing_enthalpy,0.004106094941913601,6.0,0.0
GBRT,71,3,False,PFI,sublimation_M,0.0266744156024835,3.0,1.0
GBRT,71,3,False,PFI,sublimation_Mprime,0.000840266872569554,11.0,0.0
GBRT,71,3,False,PFI,surface_energy_M,0.07156918189748647,1.0,1.0
GBRT,71,3,False,PFI,electron_density_M,-0.002583662571903115,14.0,0.0
GBRT,71,3,False,PFI,oxide_bandgap,0.016757377410071432,4.0,0.0
GBRT,71,3,False,KernelSHAP,electronegativity_M,0.01184714124211891,12.0,0.0
GBRT,71,3,False,KernelSHAP,electronegativity_Mprime,0.03422078933775909,9.0,0.0
GBRT,71,3,False,KernelSHAP,ionization_M,0.01540218314327428,11.0,0.0
GBRT,71,3,False,KernelSHAP,ionization_Mprime,0.04373779681587797,8.0,0.0
GBRT,71,3,False,KernelSHAP,radius_M,0.04818170807688355,6.0,0.0
GBRT,71,3,False,KernelSHAP,radius_Mprime,0.027272275768197064,10.0,0.0
GBRT,71,3,False,KernelSHAP,oxide_enthalpy_M,0.11023835202439682,2.0,1.0
GBRT,71,3,False,KernelSHAP,oxide_enthalpy_Mprime,0.09921830250839865,4.0,0.0
GBRT,71,3,False,KernelSHAP,mixing_enthalpy,0.048130384233329104,7.0,0.0
GBRT,71,3,False,KernelSHAP,sublimation_M,0.10606165714984744,3.0,1.0
GBRT,71,3,False,KernelSHAP,sublimation_Mprime,0.010533839494842247,13.0,0.0
GBRT,71,3,False,KernelSHAP,surface_energy_M,0.1651309843677915,1.0,1.0
GBRT,71,3,False,KernelSHAP,electron_density_M,0.008493786303022114,14.0,0.0
GBRT,71,3,False,KernelSHAP,oxide_bandgap,0.06181382048202469,5.0,0.0
LR,71,3,False,PFI,electronegativity_M,4.328708948767255e-05,11.0,0.0
LR,71,3,False,PFI,electronegativity_Mprime,-0.004232254663646297,14.0,0.0
LR,71,3,False,PFI,ionization_M,0.0046812455587888204,9.0,0.0
LR,71,3,False,PFI,ionization_Mprime,0.0069956469608725225,8.0,0.0
LR,71,3,False,PFI,radius_M,0.002264693794075835,10.0,0.0
LR,71,3,False,PFI,radius_Mprime,-0.0006967950472771526,13.0,0.0
LR,71,3,False,PFI,oxide_enthalpy_M,0.1474075602236309,2.0,1.0
LR,71,3,False,PFI,oxide_enthalpy_Mprime,0.052568295680189565,3.0,1.0
LR,71,3,False,PFI,mixing_enthalpy,0.0073012952877775286,7.0,0.0
LR,71,3,False,PFI,sublimation_M,1.8909578501396148e-05,12.0,0.0
LR,71,3,False,PFI,sublimation_Mprime,0.012769134504290073,5.0,0.0
LR,71,3,False,PFI,surface_energy_M,0.38275945543402423,1.0,1.0
LR,71,3,False,PFI,electron_density_M,0.019860987204288708,4.0,0.0
LR,71,3,False,PFI,oxide_bandgap,0.011391408429993975,6.0,0.0
LR,71,3,False,KernelSHAP,electronegativity_M,0.0038739644064706264,14.0,0.0
LR,71,3,False,KernelSHAP,electronegativity_Mprime,0.056640695328567116,8.0,0.0
LR,71,3,False,KernelSHAP,ionization_M,0.06892898365532657,5.0,0.0
LR,71,3,False,KernelSHAP,ionization_Mprime,0.02330930347933385,10.0,0.0
LR,71,3,False,KernelSHAP,radius_M,0.02155324119483929,12.0,0.0
LR,71,3,False,KernelSHAP,radius_Mprime,0.049194946659523814,9.0,0.0
LR,71,3,False,KernelSHAP,oxide_enthalpy_M,0.21791113681488178,2.0,1.0
LR,71,3,False,KernelSHAP,oxide_enthalpy_Mprime,0.1708069074186444,3.0,1.0
LR,71,3,False,KernelSHAP,mixing_enthalpy,0.023152320137057324,11.0,0.0
LR,71,3,False,KernelSHAP,sublimation_M,0.00558802211620629,13.0,0.0
LR,71,3,False,KernelSHAP,sublimation_Mprime,0.09751118071663278,4.0,0.0
LR,71,3,False,KernelSHAP,surface_energy_M,0.4115207395688447,1.0,1.0
LR,71,3,False,KernelSHAP,electron_density_M,0.06389741822126119,6.0,0.0
LR,71,3,False,KernelSHAP,oxide_bandgap,0.060656902914998465,7.0,0.0
RF,71,3,False,PFI,electronegativity_M,0.0018616780837933593,8.0,0.0
RF,71,3,False,PFI,electronegativity_Mprime,-0.00145221185198715,14.0,0.0
RF,71,3,False,PFI,ionization_M,0.0001579916354395627,12.0,0.0
RF,71,3,False,PFI,ionization_Mprime,0.0019354511165317193,7.0,0.0
RF,71,3,False,PFI,radius_M,0.011661854243677513,5.0,0.0
RF,71,3,False,PFI,radius_Mprime,0.00037745158434847326,11.0,0.0
RF,71,3,False,PFI,oxide_enthalpy_M,0.024698032155490053,3.0,1.0
RF,71,3,False,PFI,oxide_enthalpy_Mprime,-0.0005126977400906665,13.0,0.0
RF,71,3,False,PFI,mixing_enthalpy,0.0007436518211968607,9.0,0.0
RF,71,3,False,PFI,sublimation_M,0.028659618514737462,2.0,1.0
RF,71,3,False,PFI,sublimation_Mprime,0.0004729464087266618,10.0,0.0
RF,71,3,False,PFI,surface_energy_M,0.030764386817874953,1.0,1.0
RF,71,3,False,PFI,electron_density_M,0.00299958336075299,6.0,0.0
RF,71,3,False,PFI,oxide_bandgap,0.01869706359969138,4.0,0.0
RF,71,3,False,KernelSHAP,electronegativity_M,0.018421248866940222,12.0,0.0
RF,71,3,False,KernelSHAP,electronegativity_Mprime,0.043107842431966796,7.0,0.0
RF,71,3,False,KernelSHAP,ionization_M,0.0037183930339804976,14.0,0.0
RF,71,3,False,KernelSHAP,ionization_Mprime,0.02626106485369226,11.0,0.0
RF,71,3,False,KernelSHAP,radius_M,0.049073052064106754,5.0,0.0
RF,71,3,False,KernelSHAP,radius_Mprime,0.02837545193983972,9.0,0.0
RF,71,3,False,KernelSHAP,oxide_enthalpy_M,0.0726371785917316,4.0,0.0
RF,71,3,False,KernelSHAP,oxide_enthalpy_Mprime,0.044247920474625155,6.0,0.0
RF,71,3,False,KernelSHAP,mixing_enthalpy,0.02639987030026351,10.0,0.0
RF,71,3,False,KernelSHAP,sublimation_M,0.09796873177168625,2.0,1.0
RF,71,3,False,KernelSHAP,sublimation_Mprime,0.0068488452052458655,13.0,0.0
RF,71,3,False,KernelSHAP,surface_energy_M,0.10122008660582663,1.0,1.0
RF,71,3,False,KernelSHAP,electron_density_M,0.04143297855684603,8.0,0.0
RF,71,3,False,KernelSHAP,oxide_bandgap,0.07272181368212495,3.0,1.0
SVR,71,3,False,PFI,electronegativity_M,0.004565880469521151,10.0,0.0
SVR,71,3,False,PFI,electronegativity_Mprime,0.015523979040972467,5.0,0.0
SVR,71,3,False,PFI,ionization_M,0.003235053406566395,12.0,0.0
SVR,71,3,False,PFI,ionization_Mprime,3.604683758510093e-05,14.0,0.0
SVR,71,3,False,PFI,radius_M,0.011106110832129873,6.0,0.0
SVR,71,3,False,PFI,radius_Mprime,0.0079887832704595,9.0,0.0
SVR,71,3,False,PFI,oxide_enthalpy_M,0.13208826200160984,2.0,1.0
SVR,71,3,False,PFI,oxide_enthalpy_Mprime,0.019869897272328428,4.0,0.0
SVR,71,3,False,PFI,mixing_enthalpy,0.004305599000569115,11.0,0.0
SVR,71,3,False,PFI,sublimation_M,0.00830900827243321,8.0,0.0
SVR,71,3,False,PFI,sublimation_Mprime,0.010993783341770338,7.0,0.0
SVR,71,3,False,PFI,surface_energy_M,0.23819941643264197,1.0,1.0
SVR,71,3,False,PFI,electron_density_M,0.0028020145214184143,13.0,0.0
SVR,71,3,False,PFI,oxide_bandgap,0.025153095241428062,3.0,1.0
SVR,71,3,False,KernelSHAP,electronegativity_M,0.018159874176897302,12.0,0.0
SVR,71,3,False,KernelSHAP,electronegativity_Mprime,0.07622390979277978,5.0,0.0
SVR,71,3,False,KernelSHAP,ionization_M,0.04038473037889845,9.0,0.0
SVR,71,3,False,KernelSHAP,ionization_Mprime,0.023850058279023915,11.0,0.0
SVR,71,3,False,KernelSHAP,radius_M,0.0632789640439483,6.0,0.0
SVR,71,3,False,KernelSHAP,radius_Mprime,0.028195639915972816,10.0,0.0
SVR,71,3,False,KernelSHAP,oxide_enthalpy_M,0.20778722827013868,2.0,1.0
SVR,71,3,False,KernelSHAP,oxide_enthalpy_Mprime,0.10564834834784777,3.0,1.0
SVR,71,3,False,KernelSHAP,mixing_enthalpy,0.015753560997254973,14.0,0.0
SVR,71,3,False,KernelSHAP,sublimation_M,0.04989388811589203,7.0,0.0
SVR,71,3,False,KernelSHAP,sublimation_Mprime,0.04922161778738581,8.0,0.0
SVR,71,3,False,KernelSHAP,surface_energy_M,0.3061330520346679,1.0,1.0
SVR,71,3,False,KernelSHAP,electron_density_M,0.016064283400864063,13.0,0.0
SVR,71,3,False,KernelSHAP,oxide_bandgap,0.08810185987154,4.0,0.0
GBRT,71,4,False,PFI,electronegativity_M,0.0022936944732075463,9.0,0.0
GBRT,71,4,False,PFI,electronegativity_Mprime,0.022235627585128807,3.0,1.0
GBRT,71,4,False,PFI,ionization_M,0.006910955764654233,6.0,0.0
GBRT,71,4,False,PFI,ionization_Mprime,-0.0005069999458485478,11.0,0.0
GBRT,71,4,False,PFI,radius_M,0.0018243393148117848,10.0,0.0
GBRT,71,4,False,PFI,radius_Mprime,0.002584668115213386,8.0,0.0
GBRT,71,4,False,PFI,oxide_enthalpy_M,0.07175145973952107,2.0,1.0
GBRT,71,4,False,PFI,oxide_enthalpy_Mprime,-0.0015541582631154812,13.0,0.0
GBRT,71,4,False,PFI,mixing_enthalpy,-0.0041663938816158775,14.0,0.0
GBRT,71,4,False,PFI,sublimation_M,0.012714011638389611,5.0,0.0
GBRT,71,4,False,PFI,sublimation_Mprime,-0.0008983625254630599,12.0,0.0
GBRT,71,4,False,PFI,surface_energy_M,0.21997362399390993,1.0,1.0
GBRT,71,4,False,PFI,electron_density_M,0.006257369948247095,7.0,0.0
GBRT,71,4,False,PFI,oxide_bandgap,0.016907828637410815,4.0,0.0
GBRT,71,4,False,KernelSHAP,electronegativity_M,0.013645211361524141,12.0,0.0
GBRT,71,4,False,KernelSHAP,electronegativity_Mprime,0.09565989884013856,3.0,1.0
GBRT,71,4,False,KernelSHAP,ionization_M,0.025189390276831123,8.0,0.0
GBRT,71,4,False,KernelSHAP,ionization_Mprime,0.01759430382330608,9.0,0.0
GBRT,71,4,False,KernelSHAP,radius_M,0.015083651522274498,11.0,0.0
GBRT,71,4,False,KernelSHAP,radius_Mprime,0.009548075189341242,14.0,0.0
GBRT,71,4,False,KernelSHAP,oxide_enthalpy_M,0.10934754017561808,2.0,1.0
GBRT,71,4,False,KernelSHAP,oxide_enthalpy_Mprime,0.07230858715927536,6.0,0.0
GBRT,71,4,False,KernelSHAP,mixing_enthalpy,0.05174007524664629,7.0,0.0
GBRT,71,4,False,KernelSHAP,sublimation_M,0.0907654617322352,5.0,0.0
GBRT,71,4,False,KernelSHAP,sublimation_Mprime,0.011967385084810869,13.0,0.0
GBRT,71,4,False,KernelSHAP,surface_energy_M,0.2969608336465743,1.0,1.0
GBRT,71,4,False,KernelSHAP,electron_density_M,0.01743960778601619,10.0,0.0
GBRT,71,4,False,KernelSHAP,oxide_bandgap,0.09142661198415995,4.0,0.0
LR,71,4,False,PFI,electronegativity_M,0.03059928408387527,7.0,0.0
LR,71,4,False,PFI,electronegativity_Mprime,-0.007646373468142078,14.0,0.0
LR,71,4,False,PFI,ionization_M,0.04700672104867797,6.0,0.0
LR,71,4,False,PFI,ionization_Mprime,0.01457507132912324,9.0,0.0
LR,71,4,False,PFI,radius_M,0.015008127484312224,8.0,0.0
LR,71,4,False,PFI,radius_Mprime,0.0012291608449946708,13.0,0.0
LR,71,4,False,PFI,oxide_enthalpy_M,0.08648526284261125,3.0,1.0
LR,71,4,False,PFI,oxide_enthalpy_Mprime,0.06689394673800628,4.0,0.0
LR,71,4,False,PFI,mixing_enthalpy,0.05284204349345856,5.0,0.0
LR,71,4,False,PFI,sublimation_M,0.011056252723622845,12.0,0.0
LR,71,4,False,PFI,sublimation_Mprime,0.014552214301254451,10.0,0.0
LR,71,4,False,PFI,surface_energy_M,0.576403132977842,1.0,1.0
LR,71,4,False,PFI,electron_density_M,0.09126508131365865,2.0,1.0
LR,71,4,False,PFI,oxide_bandgap,0.012407359636720655,11.0,0.0
LR,71,4,False,KernelSHAP,electronegativity_M,0.10230964226843207,8.0,0.0
LR,71,4,False,KernelSHAP,electronegativity_Mprime,0.06998591305695707,11.0,0.0
LR,71,4,False,KernelSHAP,ionization_M,0.1535828456244419,5.0,0.0
LR,71,4,False,KernelSHAP,ionization_Mprime,0.04849057052838293,12.0,0.0
LR,71,4,False,KernelSHAP,radius_M,0.08793340009095701,10.0,0.0
LR,71,4,False,KernelSHAP,radius_Mprime,0.10488227178322079,7.0,0.0
LR,71,4,False,KernelSHAP,oxide_enthalpy_M,0.16709043541489849,4.0,0.0
LR,71,4,False,KernelSHAP,oxide_enthalpy_Mprime,0.17447374477970315,3.0,1.0
LR,71,4,False,KernelSHAP,mixing_enthalpy,0.09325890061659099,9.0,0.0
LR,71,4,False,KernelSHAP,sublimation_M,0.03799178218183088,14.0,0.0
LR,71,4,False,KernelSHAP,sublimation_Mprime,0.11710011156536831,6.0,0.0
LR,71,4,False,KernelSHAP,surface_energy_M,0.483941920413968,1.0,1.0
LR,71,4,False,KernelSHAP,electron_density_M,0.17853839693861132,2.0,1.0
LR,71,4,False,KernelSHAP,oxide_bandgap,0.039797470335731326,13.0,0.0
RF,71,4,False,PFI,electronegativity_M,0.005846064107350722,6.0,0.0
RF,71,4,False,PFI,electronegativity_Mprime,-0.005786336211451536,13.0,0.0
RF,71,4,False,PFI,ionization_M,0.0009493358200738024,9.0,0.0
RF,71,4,False,PFI,ionization_Mprime,-0.00437257172885388,12.0,0.0
RF,71,4,False,PFI,radius_M,0.021817461445970156,3.0,1.0
RF,71,4,False,PFI,radius_Mprime,-0.006491824706670146,14.0,0.0
RF,71,4,False,PFI,oxide_enthalpy_M,0.033353343943932474,2.0,1.0
RF,71,4,False,PFI,oxide_enthalpy_Mprime,-0.00122095593727708,11.0,0.0
RF,71,4,False,PFI,mixing_enthalpy,-0.0008151629027890022,10.0,0.0
RF,71,4,False,PFI,sublimation_M,0.020234588163301606,4.0,0.0
RF,71,4,False,PFI,sublimation_Mprime,0.001919340569562551,8.0,0.0
RF,71,4,False,PFI,surface_energy_M,0.059081715478321514,1.0,1.0
RF,71,4,False,PFI,electron_density_M,0.004743523318137535,7.0,0.0
RF,71,4,False,PFI,oxide_bandgap,0.010742970122274202,5.0,0.0
RF,71,4,False,KernelSHAP,electronegativity_M,0.02690949983293634,9.0,0.0
RF,71,4,False,KernelSHAP,electronegativity_Mprime,0.1091974176250773,2.0,1.0
RF,71,4,False,KernelSHAP,ionization_M,0.005317020075002555,14.0,0.0
RF,71,4,False,KernelSHAP,ionization_Mprime,0.016366189843009266,12.0,0.0
RF,71,4,False,KernelSHAP,radius_M,0.058656991022342404,5.0,0.0
RF,71,4,False,KernelSHAP,radius_Mprime,0.05402968999566385,6.0,0.0
RF,71,4,False,KernelSHAP,oxide_enthalpy_M,0.0765775163946065,3.0,1.0
RF,71,4,False,KernelSHAP,oxide_enthalpy_Mprime,0.025300709950507618,11.0,0.0
RF,71,4,False,KernelSHAP,mixing_enthalpy,0.026052798506357194,10.0,0.0
RF,71,4,False,KernelSHAP,sublimation_M,0.06218193274839642,4.0,0.0
RF,71,4,False,KernelSHAP,sublimation_Mprime,0.013568518818800732,13.0,0.0
RF,71,4,False,KernelSHAP,surface_energy_M,0.13901720453248884,1.0,1.0
RF,71,4,False,KernelSHAP,electron_density_M,0.032752768426913464,8.0,0.0
RF,71,4,False,KernelSHAP,oxide_bandgap,0.04394237184038956,7.0,0.0
SVR,71,4,False,PFI,electronegativity_M,0.03358441764535658,6.0,0.0
SVR,71,4,False,PFI,electronegativity_Mprime,0.006117526790934426,14.0,0.0
SVR,71,4,False,PFI,ionization_M,0.019256495795000952,11.0,0.0
SVR,71,4,False,PFI,ionization_Mprime,0.006799674741338426,13.0,0.0
SVR,71,4,False,PFI,radius_M,0.04555673234447666,3.0,1.0
SVR,71,4,False,PFI,radius_Mprime,0.03640951827430842,5.0,0.0
SVR,71,4,False,PFI,oxide_enthalpy_M,0.1252567930287058,2.0,1.0
SVR,71,4,False,PFI,oxide_enthalpy_Mprime,0.020851264976962228,9.0,0.0
SVR,71,4,False,PFI,mixing_enthalpy,0.014917112949954871,12.0,0.0
SVR,71,4,False,PFI,sublimation_M,0.043532893069936934,4.0,0.0
SVR,71,4,False,PFI,sublimation_Mprime,0.019809892868141377,10.0,0.0
SVR,71,4,False,PFI,surface_energy_M,0.3288087027343462,1.0,1.0
SVR,71,4,False,PFI,electron_density_M,0.020887987940350097,8.0,0.0
SVR,71,4,False,PFI,oxide_bandgap,0.024886855574976573,7.0,0.0
SVR,71,4,False,KernelSHAP,electronegativity_M,0.07741511094048305,9.0,0.0
SVR,71,4,False,KernelSHAP,electronegativity_Mprime,0.02975245497032019,13.0,0.0
SVR,71,4,False,KernelSHAP,ionization_M,0.11861964691576639,6.0,0.0
SVR,71,4,False,KernelSHAP,ionization_Mprime,0.02162355164193193,14.0,0.0
SVR,71,4,False,KernelSHAP,radius_M,0.13889604741557965,3.0,1.0
SVR,71,4,False,KernelSHAP,radius_Mprime,0.13001953780587835,4.0,0.0
SVR,71,4,False,KernelSHAP,oxide_enthalpy_M,0.19176567879416234,2.0,1.0
SVR,71,4,False,KernelSHAP,oxide_enthalpy_Mprime,0.1279699122655822,5.0,0.0
SVR,71,4,False,KernelSHAP,mixing_enthalpy,0.0405249310256946,12.0,0.0
SVR,71,4,False,KernelSHAP,sublimation_M,0.10561903313336954,7.0,0.0
SVR,71,4,False,KernelSHAP,sublimation_Mprime,0.0570252390924698,11.0,0.0
SVR,71,4,False,KernelSHAP,surface_energy_M,0.36458181602978335,1.0,1.0
SVR,71,4,False,KernelSHAP,electron_density_M,0.06266781977820274,10.0,0.0
SVR,71,4,False,KernelSHAP,oxide_bandgap,0.09775832098596397,8.0,0.0
GBRT,71,5,False,PFI,electronegativity_M,0.001450103486498411,11.0,0.0
GBRT,71,5,False,PFI,electronegativity_Mprime,4.763908892905291e-05,13.0,0.0
GBRT,71,5,False,PFI,ionization_M,0.005254223946066338,6.0,0.0
GBRT,71,5,False,PFI,ionization_Mprime,0.0018131380896537772,10.0,0.0
GBRT,71,5,False,PFI,radius_M,-0.0012588105944415498,14.0,0.0
GBRT,71,5,False,PFI,radius_Mprime,0.00041180825838837027,12.0,0.0
GBRT,71,5,False,PFI,oxide_enthalpy_M,0.031103408769856573,3.0,1.0
GBRT,71,5,False,PFI,oxide_enthalpy_Mprime,0.004362926683031448,7.0,0.0
GBRT,71,5,False,PFI,mixing_enthalpy,0.020381696435456433,4.0,0.0
GBRT,71,5,False,PFI,sublimation_M,0.16082405116572493,1.0,1.0
GBRT,71,5,False,PFI,sublimation_Mprime,0.0029211274484088673,9.0,0.0
GBRT,71,5,False,PFI,surface_energy_M,0.06237561088489117,2.0,1.0
GBRT,71,5,False,PFI,electron_density_M,0.0031691181096274354,8.0,0.0
GBRT,71,5,False,PFI,oxide_bandgap,0.017379638103912486,5.0,0.0
GBRT,71,5,False,KernelSHAP,electronegativity_M,0.032927681478086196,7.0,0.0
GBRT,71,5,False,KernelSHAP,electronegativity_Mprime,0.009950246474448584,13.0,0.0
GBRT,71,5,False,KernelSHAP,ionization_M,0.02898157892939775,8.0,0.0
GBRT,71,5,False,KernelSHAP,ionization_Mprime,0.009970095040700396,12.0,0.0
GBRT,71,5,False,KernelSHAP,radius_M,0.0058159423921697135,14.0,0.0
GBRT,71,5,False,KernelSHAP,radius_Mprime,0.01579955664015326,11.0,0.0
GBRT,71,5,False,KernelSHAP,oxide_enthalpy_M,0.07987598516018014,3.0,1.0
GBRT,71,5,False,KernelSHAP,oxide_enthalpy_Mprime,0.06928778767768588,5.0,0.0
GBRT,71,5,False,KernelSHAP,mixing_enthalpy,0.07057489266102494,4.0,0.0
GBRT,71,5,False,KernelSHAP,sublimation_M,0.22681209173960554,1.0,1.0
GBRT,71,5,False,KernelSHAP,sublimation_Mprime,0.02445882434226944,10.0,0.0
GBRT,71,5,False,KernelSHAP,surface_energy_M,0.13345201997105935,2.0,1.0
GBRT,71,5,False,KernelSHAP,electron_density_M,0.028979519521206913,9.0,0.0
GBRT,71,5,False,KernelSHAP,oxide_bandgap,0.06528211969002333,6.0,0.0
LR,71,5,False,PFI,electronegativity_M,0.004217957351336663,10.0,0.0
LR,71,5,False,PFI,electronegativity_Mprime,-0.0007636028104444854,13.0,0.0
LR,71,5,False,PFI,ionization_M,0.0038300184476275927,11.0,0.0
LR,71,5,False,PFI,ionization_Mprime,0.0005318139584765412,12.0,0.0
LR,71,5,False,PFI,radius_M,0.01323042952910314,9.0,0.0
LR,71,5,False,PFI,radius_Mprime,0.023396762909351065,6.0,0.0
LR,71,5,False,PFI,oxide_enthalpy_M,0.1532755158805753,2.0,1.0
LR,71,5,False,PFI,oxide_enthalpy_Mprime,0.03754318340297751,3.0,1.0
LR,71,5,False,PFI,mixing_enthalpy,0.01663113750958631,7.0,0.0
LR,71,5,False,PFI,sublimation_M,0.013472912196441362,8.0,0.0
LR,71,5,False,PFI,sublimation_Mprime,-0.0009936685919477311,14.0,0.0
LR,71,5,False,PFI,surface_energy_M,0.5831626654307674,1.0,1.0
LR,71,5,False,PFI,electron_density_M,0.0282102880797762,4.0,0.0
LR,71,5,False,PFI,oxide_bandgap,0.025488164262970247,5.0,0.0
LR,71,5,False,KernelSHAP,electronegativity_M,0.01902304943147821,12.0,0.0
LR,71,5,False,KernelSHAP,electronegativity_Mprime,0.007763625635644089,13.0,0.0
LR,71,5,False,KernelSHAP,ionization_M,0.04036196781401371,11.0,0.0
LR,71,5,False,KernelSHAP,ionization_Mprime,0.0031622835954776083,14.0,0.0
LR,71,5,False,KernelSHAP,radius_M,0.05427358304581079,9.0,0.0
LR,71,5,False,KernelSHAP,radius_Mprime,0.09717622430131949,5.0,0.0
LR,71,5,False,KernelSHAP,oxide_enthalpy_M,0.2222680610805311,2.0,1.0
LR,71,5,False,KernelSHAP,oxide_enthalpy_Mprime,0.11768156868071229,3.0,1.0
LR,71,5,False,KernelSHAP,mixing_enthalpy,0.04727336668464535,10.0,0.0
LR,71,5,False,KernelSHAP,sublimation_M,0.05717555093444298,8.0,0.0
LR,71,5,False,KernelSHAP,sublimation_Mprime,0.07198513064526595,6.0,0.0
LR,71,5,False,KernelSHAP,surface_energy_M,0.5363678769229271,1.0,1.0
LR,71,5,False,KernelSHAP,electron_density_M,0.0658595991402189,7.0,0.0
LR,71,5,False,KernelSHAP,oxide_bandgap,0.116010141179469,4.0,0.0
RF,71,5,False,PFI,electronegativity_M,-0.0004596345203134034,12.0,0.0
RF,71,5,False,PFI,electronegativity_Mprime,0.0017769792783321524,7.0,0.0
RF,71,5,False,PFI,ionization_M,0.0009553019332101518,9.0,0.0
RF,71,5,False,PFI,ionization_Mprime,-0.0008735603192125616,14.0,0.0
RF,71,5,False,PFI,radius_M,0.002817617898973231,6.0,0.0
RF,71,5,False,PFI,radius_Mprime,-0.0006378514965067387,13.0,0.0
RF,71,5,False,PFI,oxide_enthalpy_M,0.01903760522606235,3.0,1.0
RF,71,5,False,PFI,oxide_enthalpy_Mprime,5.316189517220414e-05,11.0,0.0
RF,71,5,False,PFI,mixing_enthalpy,0.00902807857880707,5.0,0.0
RF,71,5,False,PFI,sublimation_M,0.07358062759421051,1.0,1.0
RF,71,5,False,PFI,sublimation_Mprime,0.0011563945202988596,8.0,0.0
RF,71,5,False,PFI,surface_energy_M,0.036880325362348705,2.0,1.0
RF,71,5,False,PFI,electron_density_M,0.0009287602453072387,10.0,0.0
RF,71,5,False,PFI,oxide_bandgap,0.013545684314807934,4.0,0.0
RF,71,5,False,KernelSHAP,electronegativity_M,0.028797901757878178,6.0,0.0
RF,71,5,False,KernelSHAP,electronegativity_Mprime,0.01719722648747837,11.0,0.0
RF,71,5,False,KernelSHAP,ionization_M,0.006580540903721057,14.0,0.0
RF,71,5,False,KernelSHAP,ionization_Mprime,0.01838987952300758,10.0,0.0
RF,71,5,False,KernelSHAP,radius_M,0.024403420338136812,8.0,0.0
RF,71,5,False,KernelSHAP,radius_Mprime,0.00745772115955373,13.0,0.0
RF,71,5,False,KernelSHAP,oxide_enthalpy_M,0.05651241734108434,3.0,1.0
RF,71,5,False,KernelSHAP,oxide_enthalpy_Mprime,0.02210210116547681,9.0,0.0
RF,71,5,False,KernelSHAP,mixing_enthalpy,0.027055551481125,7.0,0.0
RF,71,5,False,KernelSHAP,sublimation_M,0.1795288580553448,1.0,1.0
RF,71,5,False,KernelSHAP,sublimation_Mprime,0.008195432214688363,12.0,0.0
RF,71,5,False,KernelSHAP,surface_energy_M,0.1064141743171465,2.0,1.0
RF,71,5,False,KernelSHAP,electron_density_M,0.030388440592708052,5.0,0.0
RF,71,5,False,KernelSHAP,oxide_bandgap,0.04382218672401492,4.0,0.0
SVR,71,5,False,PFI,electronegativity_M,0.004442104564174239,10.0,0.0
SVR,71,5,False,PFI,electronegativity_Mprime,0.005425752734435305,9.0,0.0
SVR,71,5,False,PFI,ionization_M,0.0032164601076793186,11.0,0.0
SVR,71,5,False,PFI,ionization_Mprime,-0.0012258825011033775,14.0,0.0
SVR,71,5,False,PFI,radius_M,0.014647192702191456,4.0,0.0
SVR,71,5,False,PFI,radius_Mprime,0.0023525858801442074,12.0,0.0
SVR,71,5,False,PFI,oxide_enthalpy_M,0.1217638563526633,2.0,1.0
SVR,71,5,False,PFI,oxide_enthalpy_Mprime,0.012275002390711135,5.0,0.0
SVR,71,5,False,PFI,mixing_enthalpy,0.011735879938240133,6.0,0.0
SVR,71,5,False,PFI,sublimation_M,0.006156215634444771,8.0,0.0
SVR,71,5,False,PFI,sublimation_Mprime,0.006620694989651533,7.0,0.0
SVR,71,5,False,PFI,surface_energy_M,0.19105491449761203,1.0,1.0
SVR,71,5,False,PFI,electron_density_M,0.00015361899560206634,13.0,0.0
SVR,71,5,False,PFI,oxide_bandgap,0.031131273157250384,3.0,1.0
SVR,71,5,False,KernelSHAP,electronegativity_M,0.03941490277794007,10.0,0.0
SVR,71,5,False,KernelSHAP,electronegativity_Mprime,0.05689490659788305,5.0,0.0
SVR,71,5,False,KernelSHAP,ionization_M,0.019463939035506535,14.0,0.0
SVR,71,5,False,KernelSHAP,ionization_Mprime,0.021908144552809396,13.0,0.0
SVR,71,5,False,KernelSHAP,radius_M,0.08114707981459034,4.0,0.0
SVR,71,5,False,KernelSHAP,radius_Mprime,0.023799219970150404,12.0,0.0
SVR,71,5,False,KernelSHAP,oxide_enthalpy_M,0.14914667927752548,2.0,1.0
SVR,71,5,False,KernelSHAP,oxide_enthalpy_Mprime,0.052196998084224594,6.0,0.0
SVR,71,5,False,KernelSHAP,mixing_enthalpy,0.04134141887684418,9.0,0.0
SVR,71,5,False,KernelSHAP,sublimation_M,0.04372668835882183,8.0,0.0
SVR,71,5,False,KernelSHAP,sublimation_Mprime,0.025131188624000995,11.0,0.0
SVR,71,5,False,KernelSHAP,surface_energy_M,0.293898073820263,1.0,1.0
SVR,71,5,False,KernelSHAP,electron_density_M,0.04857006439033971,7.0,0.0
SVR,71,5,False,KernelSHAP,oxide_bandgap,0.09498753647745806,3.0,1.0
GBRT,71,6,False,PFI,electronegativity_M,0.0037713415578895645,9.0,0.0
GBRT,71,6,False,PFI,electronegativity_Mprime,-0.0058506076034425016,13.0,0.0
GBRT,71,6,False,PFI,ionization_M,0.009107690320334776,7.0,0.0
GBRT,71,6,False,PFI,ionization_Mprime,-0.00017331645082463987,11.0,0.0
GBRT,71,6,False,PFI,radius_M,0.013902379578931886,5.0,0.0
GBRT,71,6,False,PFI,radius_Mprime,0.0014653627247172443,10.0,0.0
GBRT,71,6,False,PFI,oxide_enthalpy_M,0.01598112965255685,4.0,0.0
GBRT,71,6,False,PFI,oxide_enthalpy_Mprime,-0.0029465785974332258,12.0,0.0
GBRT,71,6,False,PFI,mixing_enthalpy,0.022766918704578237,3.0,1.0
GBRT,71,6,False,PFI,sublimation_M,0.043305350922877656,2.0,1.0
GBRT,71,6,False,PFI,sublimation_Mprime,-0.006544998332829532,14.0,0.0
GBRT,71,6,False,PFI,surface_energy_M,0.05857328736060411,1.0,1.0
GBRT,71,6,False,PFI,electron_density_M,0.009402919266900091,6.0,0.0
GBRT,71,6,False,PFI,oxide_bandgap,0.008420555344750056,8.0,0.0
GBRT,71,6,False,KernelSHAP,electronegativity_M,0.027233220265943194,11.0,0.0
GBRT,71,6,False,KernelSHAP,electronegativity_Mprime,0.05452052272024585,7.0,0.0
GBRT,71,6,False,KernelSHAP,ionization_M,0.0324165804498932,10.0,0.0
GBRT,71,6,False,KernelSHAP,ionization_Mprime,0.005924948393163294,14.0,0.0
GBRT,71,6,False,KernelSHAP,radius_M,0.0613052333071414,6.0,0.0
GBRT,71,6,False,KernelSHAP,radius_Mprime,0.04196120277279647,9.0,0.0
GBRT,71,6,False,KernelSHAP,oxide_enthalpy_M,0.04603048533581282,8.0,0.0
GBRT,71,6,False,KernelSHAP,oxide_enthalpy_Mprime,0.07909719903597784,4.0,0.0
GBRT,71,6,False,KernelSHAP,mixing_enthalpy,0.07044736295742032,5.0,0.0
GBRT,71,6,False,KernelSHAP,sublimation_M,0.1825784832132558,1.0,1.0
GBRT,71,6,False,KernelSHAP,sublimation_Mprime,0.012910620000531335,13.0,0.0
GBRT,71,6,False,KernelSHAP,surface_energy_M,0.16142948375184624,2.0,1.0
GBRT,71,6,False,KernelSHAP,electron_density_M,0.01356459368073649,12.0,0.0
GBRT,71,6,False,KernelSHAP,oxide_bandgap,0.08285258954628706,3.0,1.0
LR,71,6,False,PFI,electronegativity_M,-0.004157481544807987,13.0,0.0
LR,71,6,False,PFI,electronegativity_Mprime,-0.00645232577939557,14.0,0.0
LR,71,6,False,PFI,ionization_M,0.035993282478257456,6.0,0.0
LR,71,6,False,PFI,ionization_Mprime,0.0157511532579895,9.0,0.0
LR,71,6,False,PFI,radius_M,0.04283388556100519,5.0,0.0
LR,71,6,False,PFI,radius_Mprime,-0.0016527567956145905,12.0,0.0
LR,71,6,False,PFI,oxide_enthalpy_M,0.13893395582709664,3.0,1.0
LR,71,6,False,PFI,oxide_enthalpy_Mprime,0.11695481283422948,4.0,0.0
LR,71,6,False,PFI,mixing_enthalpy,0.024538405455790897,8.0,0.0
LR,71,6,False,PFI,sublimation_M,0.007769195685091611,10.0,0.0
LR,71,6,False,PFI,sublimation_Mprime,0.025377675025516723,7.0,0.0
LR,71,6,False,PFI,surface_energy_M,0.886325581220023,1.0,1.0
LR,71,6,False,PFI,electron_density_M,0.2061957807125249,2.0,1.0
LR,71,6,False,PFI,oxide_bandgap,0.003161090455893395,11.0,0.0
LR,71,6,False,KernelSHAP,electronegativity_M,0.041015715818064805,13.0,0.0
LR,71,6,False,KernelSHAP,electronegativity_Mprime,0.06961236553088795,8.0,0.0
LR,71,6,False,KernelSHAP,ionization_M,0.11404810484820144,6.0,0.0
LR,71,6,False,KernelSHAP,ionization_Mprime,0.0512404601857982,12.0,0.0
LR,71,6,False,KernelSHAP,radius_M,0.11120240655005637,7.0,0.0
LR,71,6,False,KernelSHAP,radius_Mprime,0.05969094411283455,10.0,0.0
LR,71,6,False,KernelSHAP,oxide_enthalpy_M,0.23145367985129373,3.0,1.0
LR,71,6,False,KernelSHAP,oxide_enthalpy_Mprime,0.22204803339650303,4.0,0.0
LR,71,6,False,KernelSHAP,mixing_enthalpy,0.05151328842870703,11.0,0.0
LR,71,6,False,KernelSHAP,sublimation_M,0.0600721306581421,9.0,0.0
LR,71,6,False,KernelSHAP,sublimation_Mprime,0.16891206868968575,5.0,0.0
LR,71,6,False,KernelSHAP,surface_energy_M,0.6501540675053428,1.0,1.0
LR,71,6,False,KernelSHAP,electron_density_M,0.24013200103703441,2.0,1.0
LR,71,6,False,KernelSHAP,oxide_bandgap,0.02730676003973733,14.0,0.0
RF,71,6,False,PFI,electronegativity_M,-0.0028916328846789463,13.0,0.0
RF,71,6,False,PFI,electronegativity_Mprime,0.0013905707609522813,7.0,0.0
RF,71,6,False,PFI,ionization_M,-0.0006113710720776419,10.0,0.0
RF,71,6,False,PFI,ionization_Mprime,-0.000278173164623489,9.0,0.0
RF,71,6,False,PFI,radius_M,0.014546331334875307,4.0,0.0
RF,71,6,False,PFI,radius_Mprime,-0.0020074629566344004,12.0,0.0
RF,71,6,False,PFI,oxide_enthalpy_M,0.015874157373705632,3.0,1.0
RF,71,6,False,PFI,oxide_enthalpy_Mprime,0.0005449080975446325,8.0,0.0
RF,71,6,False,PFI,mixing_enthalpy,0.007694529972897791,6.0,0.0
RF,71,6,False,PFI,sublimation_M,0.018120363449440957,2.0,1.0
RF,71,6,False,PFI,sublimation_Mprime,-0.0008912035957380132,11.0,0.0
RF,71,6,False,PFI,surface_energy_M,0.03513233128288871,1.0,1.0
RF,71,6,False,PFI,electron_density_M,-0.003778849795118689,14.0,0.0
RF,71,6,False,PFI,oxide_bandgap,0.008126227773878036,5.0,0.0
RF,71,6,False,KernelSHAP,electronegativity_M,0.020661971781032382,10.0,0.0
RF,71,6,False,KernelSHAP,electronegativity_Mprime,0.031033486024079127,8.0,0.0
RF,71,6,False,KernelSHAP,ionization_M,0.00604504929596959,13.0,0.0
RF,71,6,False,KernelSHAP,ionization_Mprime,0.006024400365511468,14.0,0.0
RF,71,6,False,KernelSHAP,radius_M,0.05761809911241118,4.0,0.0
RF,71,6,False,KernelSHAP,radius_Mprime,0.01814125074038883,11.0,0.0
RF,71,6,False,KernelSHAP,oxide_enthalpy_M,0.046581155361917904,5.0,0.0
RF,71,6,False,KernelSHAP,oxide_enthalpy_Mprime,0.03751099829063164,7.0,0.0
RF,71,6,False,KernelSHAP,mixing_enthalpy,0.028663130113448836,9.0,0.0
RF,71,6,False,KernelSHAP,sublimation_M,0.12007908374528685,1.0,1.0
RF,71,6,False,KernelSHAP,sublimation_Mprime,0.009116716346680435,12.0,0.0
RF,71,6,False,KernelSHAP,surface_energy_M,0.112062730620987,2.0,1.0
RF,71,6,False,KernelSHAP,electron_density_M,0.04124592695612701,6.0,0.0
RF,71,6,False,KernelSHAP,oxide_bandgap,0.06901860981300639,3.0,1.0
SVR,71,6,False,PFI,electronegativity_M,0.03797332434616671,5.0,0.0
SVR,71,6,False,PFI,electronegativity_Mprime,0.013956837003330301,9.0,0.0
SVR,71,6,False,PFI,ionization_M,0.019199465320557853,8.0,0.0
SVR,71,6,False,PFI,ionization_Mprime,0.006819290930647091,10.0,0.0
SVR,71,6,False,PFI,radius_M,0.05979464948609724,3.0,1.0
SVR,71,6,False,PFI,radius_Mprime,0.006538921410145912,11.0,0.0
SVR,71,6,False,PFI,oxide_enthalpy_M,0.160701356354681,2.0,1.0
SVR,71,6,False,PFI,oxide_enthalpy_Mprime,0.055259910264619586,4.0,0.0
SVR,71,6,False,PFI,mixing_enthalpy,0.003917907784635015,12.0,0.0
SVR,71,6,False,PFI,sublimation_M,0.023692903935283297,7.0,0.0
SVR,71,6,False,PFI,sublimation_Mprime,0.03686315384966723,6.0,0.0
SVR,71,6,False,PFI,surface_energy_M,0.1853183794565784,1.0,1.0
SVR,71,6,False,PFI,electron_density_M,0.0018168759827992705,14.0,0.0
SVR,71,6,False,PFI,oxide_bandgap,0.0025500411564051647,13.0,0.0
SVR,71,6,False,KernelSHAP,electronegativity_M,0.08600475848135342,8.0,0.0
SVR,71,6,False,KernelSHAP,electronegativity_Mprime,0.08156227326432754,9.0,0.0
SVR,71,6,False,KernelSHAP,ionization_M,0.08855729803659874,7.0,0.0
SVR,71,6,False,KernelSHAP,ionization_Mprime,0.0196714141015067,14.0,0.0
SVR,71,6,False,KernelSHAP,radius_M,0.15090137331824519,4.0,0.0
SVR,71,6,False,KernelSHAP,radius_Mprime,0.036231755245841483,11.0,0.0
SVR,71,6,False,KernelSHAP,oxide_enthalpy_M,0.2176979131614212,2.0,1.0
SVR,71,6,False,KernelSHAP,oxide_enthalpy_Mprime,0.16671507823718812,3.0,1.0
SVR,71,6,False,KernelSHAP,mixing_enthalpy,0.020981169241065342,13.0,0.0
SVR,71,6,False,KernelSHAP,sublimation_M,0.1048809605609051,5.0,0.0
SVR,71,6,False,KernelSHAP,sublimation_Mprime,0.10165879577725447,6.0,0.0
SVR,71,6,False,KernelSHAP,surface_energy_M,0.29463281016851345,1.0,1.0
SVR,71,6,False,KernelSHAP,electron_density_M,0.04428956776089226,10.0,0.0
SVR,71,6,False,KernelSHAP,oxide_bandgap,0.02345231194653186,12.0,0.0
GBRT,71,7,False,PFI,electronegativity_M,0.008597461090014698,5.0,0.0
GBRT,71,7,False,PFI,electronegativity_Mprime,-0.004173708816135422,13.0,0.0
GBRT,71,7,False,PFI,ionization_M,9.713826449217524e-05,9.0,0.0
GBRT,71,7,False,PFI,ionization_Mprime,-0.0011215153096071045,11.0,0.0
GBRT,71,7,False,PFI,radius_M,0.0058902341978716855,7.0,0.0
GBRT,71,7,False,PFI,radius_Mprime,0.0020710568078464386,8.0,0.0
GBRT,71,7,False,PFI,oxide_enthalpy_M,0.03564535645156265,3.0,1.0
GBRT,71,7,False,PFI,oxide_enthalpy_Mprime,-0.0019199984239869248,12.0,0.0
GBRT,71,7,False,PFI,mixing_enthalpy,0.007427026398518398,6.0,0.0
GBRT,71,7,False,PFI,sublimation_M,0.06301620962707483,2.0,1.0
GBRT,71,7,False,PFI,sublimation_Mprime,-0.016675468399086634,14.0,0.0
GBRT,71,7,False,PFI,surface_energy_M,0.07709625450991386,1.0,1.0
GBRT,71,7,False,PFI,electron_density_M,0.028214394397771934,4.0,0.0
GBRT,71,7,False,PFI,oxide_bandgap,-0.0008860299915879412,10.0,0.0
GBRT,71,7,False,KernelSHAP,electronegativity_M,0.04069966933127642,7.0,0.0
GBRT,71,7,False,KernelSHAP,electronegativity_Mprime,0.03451160749778366,9.0,0.0
GBRT,71,7,False,KernelSHAP,ionization_M,0.015476157838133204,12.0,0.0
GBRT,71,7,False,KernelSHAP,ionization_Mprime,0.021063975010848897,10.0,0.0
GBRT,71,7,False,KernelSHAP,radius_M,0.014331813616961777,13.0,0.0
GBRT,71,7,False,KernelSHAP,radius_Mprime,0.011745216033463683,14.0,0.0
GBRT,71,7,False,KernelSHAP,oxide_enthalpy_M,0.06449666671743903,5.0,0.0
GBRT,71,7,False,KernelSHAP,oxide_enthalpy_Mprime,0.11761775969657827,3.0,1.0
GBRT,71,7,False,KernelSHAP,mixing_enthalpy,0.05005468616912597,6.0,0.0
GBRT,71,7,False,KernelSHAP,sublimation_M,0.2260742870210676,2.0,1.0
GBRT,71,7,False,KernelSHAP,sublimation_Mprime,0.035094335089991366,8.0,0.0
GBRT,71,7,False,KernelSHAP,surface_energy_M,0.2553633552269358,1.0,1.0
GBRT,71,7,False,KernelSHAP,electron_density_M,0.018082103088968675,11.0,0.0
GBRT,71,7,False,KernelSHAP,oxide_bandgap,0.06716403476890778,4.0,0.0
LR,71,7,False,PFI,electronegativity_M,0.025806282068149163,8.0,0.0
LR,71,7,False,PFI,electronegativity_Mprime,-0.004023652645108627,14.0,0.0
LR,71,7,False,PFI,ionization_M,0.04049911837232293,7.0,0.0
LR,71,7,False,PFI,ionization_Mprime,0.014048372940664947,11.0,0.0
LR,71,7,False,PFI,radius_M,0.07206447106732258,5.0,0.0
LR,71,7,False,PFI,radius_Mprime,0.003914693410803753,12.0,0.0
LR,71,7,False,PFI,oxide_enthalpy_M,0.08590443948799258,4.0,0.0
LR,71,7,False,PFI,oxide_enthalpy_Mprime,0.13982134702479684,2.0,1.0
LR,71,7,False,PFI,mixing_enthalpy,0.05413543537318089,6.0,0.0
LR,71,7,False,PFI,sublimation_M,0.014204053036814074,10.0,0.0
LR,71,7,False,PFI,sublimation_Mprime,0.02407080252252624,9.0,0.0
LR,71,7,False,PFI,surface_energy_M,0.7049511015063943,1.0,1.0
LR,71,7,False,PFI,electron_density_M,0.1384157050516673,3.0,1.0
LR,71,7,False,PFI,oxide_bandgap,0.002789934184372592,13.0,0.0
LR,71,7,False,KernelSHAP,electronegativity_M,0.09957447514579891,9.0,0.0
LR,71,7,False,KernelSHAP,electronegativity_Mprime,0.03681062181836489,14.0,0.0
LR,71,7,False,KernelSHAP,ionization_M,0.13088222663708549,7.0,0.0
LR,71,7,False,KernelSHAP,ionization_Mprime,0.057225304477948,11.0,0.0
LR,71,7,False,KernelSHAP,radius_M,0.1552388452599787,6.0,0.0
LR,71,7,False,KernelSHAP,radius_Mprime,0.05399413858971938,12.0,0.0
LR,71,7,False,KernelSHAP,oxide_enthalpy_M,0.16073441862028243,5.0,0.0
LR,71,7,False,KernelSHAP,oxide_enthalpy_Mprime,0.22583273774646084,2.0,1.0
LR,71,7,False,KernelSHAP,mixing_enthalpy,0.10194910943026408,8.0,0.0
LR,71,7,False,KernelSHAP,sublimation_M,0.07657232290221473,10.0,0.0
LR,71,7,False,KernelSHAP,sublimation_Mprime,0.200735892204987,3.0,1.0
LR,71,7,False,KernelSHAP,surface_energy_M,0.5997902104853868,1.0,1.0
LR,71,7,False,KernelSHAP,electron_density_M,0.1771013821371465,4.0,0.0
LR,71,7,False,KernelSHAP,oxide_bandgap,0.04987149909837234,13.0,0.0
RF,71,7,False,PFI,electronegativity_M,-0.00919945789893019,13.0,0.0
RF,71,7,False,PFI,electronegativity_Mprime,-0.006209632722921347,12.0,0.0
RF,71,7,False,PFI,ionization_M,0.006170669279339806,6.0,0.0
RF,71,7,False,PFI,ionization_Mprime,-0.0026414486568068093,11.0,0.0
RF,71,7,False,PFI,radius_M,0.0026429396102781596,7.0,0.0
RF,71,7,False,PFI,radius_Mprime,0.0001349928449760752,8.0,0.0
RF,71,7,False,PFI,oxide_enthalpy_M,0.03240509659523047,2.0,1.0
RF,71,7,False,PFI,oxide_enthalpy_Mprime,-0.0010074272361845367,10.0,0.0
RF,71,7,False,PFI,mixing_enthalpy,0.008057610489762753,5.0,0.0
RF,71,7,False,PFI,sublimation_M,0.019935523654533337,3.0,1.0
RF,71,7,False,PFI,sublimation_Mprime,-0.015151296049953415,14.0,0.0
RF,71,7,False,PFI,surface_energy_M,0.045758890030747325,1.0,1.0
RF,71,7,False,PFI,electron_density_M,0.015074258481137056,4.0,0.0
RF,71,7,False,PFI,oxide_bandgap,9.700798551849956e-05,9.0,0.0
RF,71,7,False,KernelSHAP,electronegativity_M,0.04261989055391645,4.0,0.0
RF,71,7,False,KernelSHAP,electronegativity_Mprime,0.03342821533114642,8.0,0.0
RF,71,7,False,KernelSHAP,ionization_M,0.00987291043936906,12.0,0.0
RF,71,7,False,KernelSHAP,ionization_Mprime,0.007449231236358572,13.0,0.0
RF,71,7,False,KernelSHAP,radius_M,0.02440439099104449,10.0,0.0
RF,71,7,False,KernelSHAP,radius_Mprime,0.0043715536603523095,14.0,0.0
RF,71,7,False,KernelSHAP,oxide_enthalpy_M,0.058878214176603945,3.0,1.0
RF,71,7,False,KernelSHAP,oxide_enthalpy_Mprime,0.04093561469080773,5.0,0.0
RF,71,7,False,KernelSHAP,mixing_enthalpy,0.020005990139978103,11.0,0.0
RF,71,7,False,KernelSHAP,sublimation_M,0.16750591600691722,2.0,1.0
RF,71,7,False,KernelSHAP,sublimation_Mprime,0.027564042437467004,9.0,0.0
RF,71,7,False,KernelSHAP,surface_energy_M,0.20917935381760916,1.0,1.0
RF,71,7,False,KernelSHAP,electron_density_M,0.03388403807513396,7.0,0.0
RF,71,7,False,KernelSHAP,oxide_bandgap,0.03849586401199976,6.0,0.0
SVR,71,7,False,PFI,electronegativity_M,0.07077631296190315,3.0,1.0
SVR,71,7,False,PFI,electronegativity_Mprime,0.0082384541863612,10.0,0.0
SVR,71,7,False,PFI,ionization_M,0.011459611971223131,8.0,0.0
SVR,71,7,False,PFI,ionization_Mprime,0.010279809813177027,9.0,0.0
SVR,71,7,False,PFI,radius_M,0.059724166551034005,4.0,0.0
SVR,71,7,False,PFI,radius_Mprime,0.004785996525977016,11.0,0.0
SVR,71,7,False,PFI,oxide_enthalpy_M,0.10916888369520704,2.0,1.0
SVR,71,7,False,PFI,oxide_enthalpy_Mprime,0.04395036489182328,5.0,0.0
SVR,71,7,False,PFI,mixing_enthalpy,0.026982304547923806,6.0,0.0
SVR,71,7,False,PFI,sublimation_M,0.016072873872391744,7.0,0.0
SVR,71,7,False,PFI,sublimation_Mprime,0.0024881399746093697,12.0,0.0
SVR,71,7,False,PFI,surface_energy_M,0.12044815149321834,1.0,1.0
SVR,71,7,False,PFI,electron_density_M,-0.01130247104084661,14.0,0.0
SVR,71,7,False,PFI,oxide_bandgap,-0.00028327811584007574,13.0,0.0
SVR,71,7,False,KernelSHAP,electronegativity_M,0.13180657061755346,4.0,0.0
SVR,71,7,False,KernelSHAP,electronegativity_Mprime,0.05123230862915519,11.0,0.0
SVR,71,7,False,KernelSHAP,ionization_M,0.09181209230335433,7.0,0.0
SVR,71,7,False,KernelSHAP,ionization_Mprime,0.013090580881907213,13.0,0.0
SVR,71,7,False,KernelSHAP,radius_M,0.12858169823567964,5.0,0.0
SVR,71,7,False,KernelSHAP,radius_Mprime,0.012692272883647784,14.0,0.0
SVR,71,7,False,KernelSHAP,oxide_enthalpy_M,0.16111494374567464,2.0,1.0
SVR,71,7,False,KernelSHAP,oxide_enthalpy_Mprime,0.1435430551703599,3.0,1.0
SVR,71,7,False,KernelSHAP,mixing_enthalpy,0.06490622126030109,10.0,0.0
SVR,71,7,False,KernelSHAP,sublimation_M,0.09014030181968588,8.0,0.0
SVR,71,7,False,KernelSHAP,sublimation_Mprime,0.09351103250385441,6.0,0.0
SVR,71,7,False,KernelSHAP,surface_energy_M,0.2871870316917592,1.0,1.0
SVR,71,7,False,KernelSHAP,electron_density_M,0.08286605721559855,9.0,0.0
SVR,71,7,False,KernelSHAP,oxide_bandgap,0.04700331795661673,12.0,0.0
GBRT,71,8,False,PFI,electronegativity_M,0.00788129823767066,8.0,0.0
GBRT,71,8,False,PFI,electronegativity_Mprime,0.007329246978172432,9.0,0.0
GBRT,71,8,False,PFI,ionization_M,0.0020839590835532488,11.0,0.0
GBRT,71,8,False,PFI,ionization_Mprime,0.00022557097422244802,14.0,0.0
GBRT,71,8,False,PFI,radius_M,0.009463897647203278,7.0,0.0
GBRT,71,8,False,PFI,radius_Mprime,0.009982770668107939,6.0,0.0
GBRT,71,8,False,PFI,oxide_enthalpy_M,0.027667696250493926,3.0,1.0
GBRT,71,8,False,PFI,oxide_enthalpy_Mprime,0.0006385011481440631,12.0,0.0
GBRT,71,8,False,PFI,mixing_enthalpy,0.011030838605414432,5.0,0.0
GBRT,71,8,False,PFI,sublimation_M,0.039026718862457364,2.0,1.0
GBRT,71,8,False,PFI,sublimation_Mprime,0.0005386480489373636,13.0,0.0
GBRT,71,8,False,PFI,surface_energy_M,0.1729334902453604,1.0,1.0
GBRT,71,8,False,PFI,electron_density_M,0.006662257352965547,10.0,0.0
GBRT,71,8,False,PFI,oxide_bandgap,0.02637543980938455,4.0,0.0
GBRT,71,8,False,KernelSHAP,electronegativity_M,0.03732242660201974,8.0,0.0
GBRT,71,8,False,KernelSHAP,electronegativity_Mprime,0.03575573052967582,9.0,0.0
GBRT,71,8,False,KernelSHAP,ionization_M,0.018984771258665916,13.0,0.0
GBRT,71,8,False,KernelSHAP,ionization_Mprime,0.014666442557858848,14.0,0.0
GBRT,71,8,False,KernelSHAP,radius_M,0.03191839561845411,10.0,0.0
GBRT,71,8,False,KernelSHAP,radius_Mprime,0.03975227842570871,7.0,0.0
GBRT,71,8,False,KernelSHAP,oxide_enthalpy_M,0.07262336346172632,5.0,0.0
GBRT,71,8,False,KernelSHAP,oxide_enthalpy_Mprime,0.08663343432951803,3.0,1.0
GBRT,71,8,False,KernelSHAP,mixing_enthalpy,0.042337399462081114,6.0,0.0
GBRT,71,8,False,KernelSHAP,sublimation_M,0.13043936328594485,2.0,1.0
GBRT,71,8,False,KernelSHAP,sublimation_Mprime,0.02091237722496446,11.0,0.0
GBRT,71,8,False,KernelSHAP,surface_energy_M,0.2052454914385096,1.0,1.0
GBRT,71,8,False,KernelSHAP,electron_density_M,0.020597423286595137,12.0,0.0
GBRT,71,8,False,KernelSHAP,oxide_bandgap,0.08399364819725594,4.0,0.0
LR,71,8,False,PFI,electronegativity_M,0.006642690194195733,10.0,0.0
LR,71,8,False,PFI,electronegativity_Mprime,0.0049140835052187744,11.0,0.0
LR,71,8,False,PFI,ionization_M,0.019747489826514805,7.0,0.0
LR,71,8,False,PFI,ionization_Mprime,0.013738988398405438,8.0,0.0
LR,71,8,False,PFI,radius_M,0.002621807759518993,12.0,0.0
LR,71,8,False,PFI,radius_Mprime,0.06651128495859407,3.0,1.0
LR,71,8,False,PFI,oxide_enthalpy_M,0.1490474276238647,2.0,1.0
LR,71,8,False,PFI,oxide_enthalpy_Mprime,0.05219771768727745,4.0,0.0
LR,71,8,False,PFI,mixing_enthalpy,0.0319850358191235,6.0,0.0
LR,71,8,False,PFI,sublimation_M,0.006926378798231165,9.0,0.0
LR,71,8,False,PFI,sublimation_Mprime,0.0007965455861547387,14.0,0.0
LR,71,8,False,PFI,surface_energy_M,0.3747323872727874,1.0,1.0
LR,71,8,False,PFI,electron_density_M,0.0021036840770262974,13.0,0.0
LR,71,8,False,PFI,oxide_bandgap,0.051180071466291305,5.0,0.0
LR,71,8,False,KernelSHAP,electronegativity_M,0.05217601288568377,10.0,0.0
LR,71,8,False,KernelSHAP,electronegativity_Mprime,0.022051439181314143,12.0,0.0
LR,71,8,False,KernelSHAP,ionization_M,0.11481515841176372,6.0,0.0
LR,71,8,False,KernelSHAP,ionization_Mprime,0.046284885919837294,11.0,0.0
LR,71,8,False,KernelSHAP,radius_M,0.020365435835298075,13.0,0.0
LR,71,8,False,KernelSHAP,radius_Mprime,0.1830485191091037,3.0,1.0
LR,71,8,False,KernelSHAP,oxide_enthalpy_M,0.2214799985871584,2.0,1.0
LR,71,8,False,KernelSHAP,oxide_enthalpy_Mprime,0.1516130399120494,4.0,0.0
LR,71,8,False,KernelSHAP,mixing_enthalpy,0.07296915703631358,8.0,0.0
LR,71,8,False,KernelSHAP,sublimation_M,0.05982023163072544,9.0,0.0
LR,71,8,False,KernelSHAP,sublimation_Mprime,0.07309020021674718,7.0,0.0
LR,71,8,False,KernelSHAP,surface_energy_M,0.4161303660693561,1.0,1.0
LR,71,8,False,KernelSHAP,electron_density_M,0.01097601191283771,14.0,0.0
LR,71,8,False,KernelSHAP,oxide_bandgap,0.13023322412594168,5.0,0.0
RF,71,8,False,PFI,electronegativity_M,0.0032323987261190534,8.0,0.0
RF,71,8,False,PFI,electronegativity_Mprime,-0.0008482295328246859,13.0,0.0
RF,71,8,False,PFI,ionization_M,0.0004912571101746528,10.0,0.0
RF,71,8,False,PFI,ionization_Mprime,-0.000433194796213459,12.0,0.0
RF,71,8,False,PFI,radius_M,0.02704845966899908,2.0,1.0
RF,71,8,False,PFI,radius_Mprime,-0.00017322116676481055,11.0,0.0
RF,71,8,False,PFI,oxide_enthalpy_M,0.015178270970383333,4.0,0.0
RF,71,8,False,PFI,oxide_enthalpy_Mprime,0.003862450540785477,7.0,0.0
RF,71,8,False,PFI,mixing_enthalpy,0.004840387828679047,6.0,0.0
RF,71,8,False,PFI,sublimation_M,0.021960857831223705,3.0,1.0
RF,71,8,False,PFI,sublimation_Mprime,-0.0017069053882689462,14.0,0.0
RF,71,8,False,PFI,surface_energy_M,0.04355686068097642,1.0,1.0
RF,71,8,False,PFI,electron_density_M,0.00098669526588092,9.0,0.0
RF,71,8,False,PFI,oxide_bandgap,0.00930678537215241,5.0,0.0
RF,71,8,False,KernelSHAP,electronegativity_M,0.012564015543063429,10.0,0.0
RF,71,8,False,KernelSHAP,electronegativity_Mprime,0.025092182621242923,8.0,0.0
RF,71,8,False,KernelSHAP,ionization_M,0.00821319149277624,14.0,0.0
RF,71,8,False,KernelSHAP,ionization_Mprime,0.011169555896986275,12.0,0.0
RF,71,8,False,KernelSHAP,radius_M,0.08737338895278655,3.0,1.0
RF,71,8,False,KernelSHAP,radius_Mprime,0.009637124223934526,13.0,0.0
RF,71,8,False,KernelSHAP,oxide_enthalpy_M,0.04657690708704737,6.0,0.0
RF,71,8,False,KernelSHAP,oxide_enthalpy_Mprime,0.03250076596855309,7.0,0.0
RF,71,8,False,KernelSHAP,mixing_enthalpy,0.022477506543774572,9.0,0.0
RF,71,8,False,KernelSHAP,sublimation_M,0.09584742778783378,2.0,1.0
RF,71,8,False,KernelSHAP,sublimation_Mprime,0.012235537080215126,11.0,0.0
RF,71,8,False,KernelSHAP,surface_energy_M,0.12368258165746465,1.0,1.0
RF,71,8,False,KernelSHAP,electron_density_M,0.051649391207959916,4.0,0.0
RF,71,8,False,KernelSHAP,oxide_bandgap,0.048259059696872074,5.0,0.0
SVR,71,8,False,PFI,electronegativity_M,0.02884401394301753,4.0,0.0
SVR,71,8,False,PFI,electronegativity_Mprime,0.017714230755911668,6.0,0.0
SVR,71,8,False,PFI,ionization_M,0.006974913413200011,10.0,0.0
SVR,71,8,False,PFI,ionization_Mprime,0.0013431059204669121,13.0,0.0
SVR,71,8,False,PFI,radius_M,0.007227241034411362,9.0,0.0
SVR,71,8,False,PFI,radius_Mprime,0.01005157180233111,8.0,0.0
SVR,71,8,False,PFI,oxide_enthalpy_M,0.10541017057298283,2.0,1.0
SVR,71,8,False,PFI,oxide_enthalpy_Mprime,0.006787381336754667,11.0,0.0
SVR,71,8,False,PFI,mixing_enthalpy,0.01872934532249415,5.0,0.0
SVR,71,8,False,PFI,sublimation_M,0.001676758163277801,12.0,0.0
SVR,71,8,False,PFI,sublimation_Mprime,0.014594236632643974,7.0,0.0
SVR,71,8,False,PFI,surface_energy_M,0.18909525421376475,1.0,1.0
SVR,71,8,False,PFI,electron_density_M,9.582165071405034e-06,14.0,0.0
SVR,71,8,False,PFI,oxide_bandgap,0.047366846051158235,3.0,1.0
SVR,71,8,False,KernelSHAP,electronegativity_M,0.07422642579407879,5.0,0.0
SVR,71,8,False,KernelSHAP,electronegativity_Mprime,0.07959041832933106,4.0,0.0
SVR,71,8,False,KernelSHAP,ionization_M,0.06918811579966441,6.0,0.0
SVR,71,8,False,KernelSHAP,ionization_Mprime,0.011001112788921194,14.0,0.0
SVR,71,8,False,KernelSHAP,radius_M,0.0263859991314907,11.0,0.0
SVR,71,8,False,KernelSHAP,radius_Mprime,0.06397248634025131,7.0,0.0
SVR,71,8,False,KernelSHAP,oxide_enthalpy_M,0.16853894444570272,2.0,1.0
SVR,71,8,False,KernelSHAP,oxide_enthalpy_Mprime,0.04021770500481449,9.0,0.0
SVR,71,8,False,KernelSHAP,mixing_enthalpy,0.05747884961882556,8.0,0.0
SVR,71,8,False,KernelSHAP,sublimation_M,0.02581203995343199,12.0,0.0
SVR,71,8,False,KernelSHAP,sublimation_Mprime,0.03472280711396992,10.0,0.0
SVR,71,8,False,KernelSHAP,surface_energy_M,0.2771678927738145,1.0,1.0
SVR,71,8,False,KernelSHAP,electron_density_M,0.011839423896492,13.0,0.0
SVR,71,8,False,KernelSHAP,oxide_bandgap,0.10986095129892177,3.0,1.0
GBRT,71,9,False,PFI,electronegativity_M,-0.0004660011387747902,9.0,0.0
GBRT,71,9,False,PFI,electronegativity_Mprime,-0.0012869563256970298,11.0,0.0
GBRT,71,9,False,PFI,ionization_M,-0.0007936137479337631,10.0,0.0
GBRT,71,9,False,PFI,ionization_Mprime,-0.003822417623025971,12.0,0.0
GBRT,71,9,False,PFI,radius_M,8.67415468696305e-05,8.0,0.0
GBRT,71,9,False,PFI,radius_Mprime,0.003117725387426649,7.0,0.0
GBRT,71,9,False,PFI,oxide_enthalpy_M,0.02817689670567178,3.0,1.0
GBRT,71,9,False,PFI,oxide_enthalpy_Mprime,-0.004863413077746275,13.0,0.0
GBRT,71,9,False,PFI,mixing_enthalpy,0.015715378711248687,5.0,0.0
GBRT,71,9,False,PFI,sublimation_M,0.08371828467302574,1.0,1.0
GBRT,71,9,False,PFI,sublimation_Mprime,-0.005087383940938137,14.0,0.0
GBRT,71,9,False,PFI,surface_energy_M,0.06243602952286347,2.0,1.0
GBRT,71,9,False,PFI,electron_density_M,0.012250499616368078,6.0,0.0
GBRT,71,9,False,PFI,oxide_bandgap,0.022994308161251774,4.0,0.0
GBRT,71,9,False,KernelSHAP,electronegativity_M,0.016513850005479086,12.0,0.0
GBRT,71,9,False,KernelSHAP,electronegativity_Mprime,0.026364377148091023,10.0,0.0
GBRT,71,9,False,KernelSHAP,ionization_M,0.01533929543710743,13.0,0.0
GBRT,71,9,False,KernelSHAP,ionization_Mprime,0.01427638044049777,14.0,0.0
GBRT,71,9,False,KernelSHAP,radius_M,0.05211030158699369,7.0,0.0
GBRT,71,9,False,KernelSHAP,radius_Mprime,0.049460369833467716,8.0,0.0
GBRT,71,9,False,KernelSHAP,oxide_enthalpy_M,0.054557451677518826,6.0,0.0
GBRT,71,9,False,KernelSHAP,oxide_enthalpy_Mprime,0.0619054756100647,4.0,0.0
GBRT,71,9,False,KernelSHAP,mixing_enthalpy,0.056359951256594876,5.0,0.0
GBRT,71,9,False,KernelSHAP,sublimation_M,0.1742996970074055,1.0,1.0
GBRT,71,9,False,KernelSHAP,sublimation_Mprime,0.03386914153823779,9.0,0.0
GBRT,71,9,False,KernelSHAP,surface_energy_M,0.16210147856078602,2.0,1.0
GBRT,71,9,False,KernelSHAP,electron_density_M,0.020007025021945277,11.0,0.0
GBRT,71,9,False,KernelSHAP,oxide_bandgap,0.08669827403960949,3.0,1.0
LR,71,9,False,PFI,electronegativity_M,0.07402656875945895,5.0,0.0
LR,71,9,False,PFI,electronegativity_Mprime,0.0026240955284419936,14.0,0.0
LR,71,9,False,PFI,ionization_M,0.027954047994493015,12.0,0.0
LR,71,9,False,PFI,ionization_Mprime,0.02494166139715032,13.0,0.0
LR,71,9,False,PFI,radius_M,0.04433155566112061,7.0,0.0
LR,71,9,False,PFI,radius_Mprime,0.03812298203232564,8.0,0.0
LR,71,9,False,PFI,oxide_enthalpy_M,0.08250762986091299,3.0,1.0
LR,71,9,False,PFI,oxide_enthalpy_Mprime,0.1504461306046618,2.0,1.0
LR,71,9,False,PFI,mixing_enthalpy,0.07019775510107017,6.0,0.0
LR,71,9,False,PFI,sublimation_M,0.03669350762579399,10.0,0.0
LR,71,9,False,PFI,sublimation_Mprime,0.03778704939337132,9.0,0.0
LR,71,9,False,PFI,surface_energy_M,0.4233863906496922,1.0,1.0
LR,71,9,False,PFI,electron_density_M,0.07746444772833724,4.0,0.0
LR,71,9,False,PFI,oxide_bandgap,0.028124576823607965,11.0,0.0
LR,71,9,False,KernelSHAP,electronegativity_M,0.13499781038134923,6.0,0.0
LR,71,9,False,KernelSHAP,electronegativity_Mprime,0.0102523554153501,14.0,0.0
LR,71,9,False,KernelSHAP,ionization_M,0.11632505601318914,11.0,0.0
LR,71,9,False,KernelSHAP,ionization_Mprime,0.06157680300447172,13.0,0.0
LR,71,9,False,KernelSHAP,radius_M,0.12435242002122865,8.0,0.0
LR,71,9,False,KernelSHAP,radius_Mprime,0.15466397569743476,5.0,0.0
LR,71,9,False,KernelSHAP,oxide_enthalpy_M,0.15673664778912105,4.0,0.0
LR,71,9,False,KernelSHAP,oxide_enthalpy_Mprime,0.27466952070670037,2.0,1.0
LR,71,9,False,KernelSHAP,mixing_enthalpy,0.11732069044702371,10.0,0.0
LR,71,9,False,KernelSHAP,sublimation_M,0.11994178288430517,9.0,0.0
LR,71,9,False,KernelSHAP,sublimation_Mprime,0.18456699602446347,3.0,1.0
LR,71,9,False,KernelSHAP,surface_energy_M,0.461026603217871,1.0,1.0
LR,71,9,False,KernelSHAP,electron_density_M,0.13095210722934042,7.0,0.0
LR,71,9,False,KernelSHAP,oxide_bandgap,0.10494394816831154,12.0,0.0
RF,71,9,False,PFI,electronegativity_M,0.001642937749724077,10.0,0.0
RF,71,9,False,PFI,electronegativity_Mprime,-0.0028309080422713943,14.0,0.0
RF,71,9,False,PFI,ionization_M,0.00459995581932532,7.0,0.0
RF,71,9,False,PFI,ionization_Mprime,-0.0027365656392410865,13.0,0.0
RF,71,9,False,PFI,radius_M,0.01882960789388436,2.0,1.0
RF,71,9,False,PFI,radius_Mprime,0.0034449628237709726,8.0,0.0
RF,71,9,False,PFI,oxide_enthalpy_M,0.01809442437415772,3.0,1.0
RF,71,9,False,PFI,oxide_enthalpy_Mprime,0.0055051745980414036,6.0,0.0
RF,71,9,False,PFI,mixing_enthalpy,0.0028162652986607794,9.0,0.0
RF,71,9,False,PFI,sublimation_M,0.01494031193001046,4.0,0.0
RF,71,9,False,PFI,sublimation_Mprime,-0.0017225303933963154,11.0,0.0
RF,71,9,False,PFI,surface_energy_M,0.03275794955611391,1.0,1.0
RF,71,9,False,PFI,electron_density_M,-0.002259690565996547,12.0,0.0
RF,71,9,False,PFI,oxide_bandgap,0.013419855304288072,5.0,0.0
RF,71,9,False,KernelSHAP,electronegativity_M,0.014606710074643588,11.0,0.0
RF,71,9,False,KernelSHAP,electronegativity_Mprime,0.03674914097498859,8.0,0.0
RF,71,9,False,KernelSHAP,ionization_M,0.011976845127142319,12.0,0.0
RF,71,9,False,KernelSHAP,ionization_Mprime,0.019746573756772603,10.0,0.0
RF,71,9,False,KernelSHAP,radius_M,0.07599720946562195,4.0,0.0
RF,71,9,False,KernelSHAP,radius_Mprime,0.0060331065675720335,14.0,0.0
RF,71,9,False,KernelSHAP,oxide_enthalpy_M,0.03952371807328712,7.0,0.0
RF,71,9,False,KernelSHAP,oxide_enthalpy_Mprime,0.05692429134276179,5.0,0.0
RF,71,9,False,KernelSHAP,mixing_enthalpy,0.020852283822906385,9.0,0.0
RF,71,9,False,KernelSHAP,sublimation_M,0.08292791996128879,3.0,1.0
RF,71,9,False,KernelSHAP,sublimation_Mprime,0.008445346424965458,13.0,0.0
RF,71,9,False,KernelSHAP,surface_energy_M,0.11395849247763629,1.0,1.0
RF,71,9,False,KernelSHAP,electron_density_M,0.03959153286958658,6.0,0.0
RF,71,9,False,KernelSHAP,oxide_bandgap,0.0929254523108704,2.0,1.0
SVR,71,9,False,PFI,electronegativity_M,0.09100390844793192,2.0,1.0
SVR,71,9,False,PFI,electronegativity_Mprime,0.01010030404964896,10.0,0.0
SVR,71,9,False,PFI,ionization_M,0.01818318411686675,7.0,0.0
SVR,71,9,False,PFI,ionization_Mprime,0.00980874693967429,11.0,0.0
SVR,71,9,False,PFI,radius_M,0.02422912302199613,6.0,0.0
SVR,71,9,False,PFI,radius_Mprime,0.005961565644702479,13.0,0.0
SVR,71,9,False,PFI,oxide_enthalpy_M,0.14980782095647616,1.0,1.0
SVR,71,9,False,PFI,oxide_enthalpy_Mprime,0.04071796050919479,5.0,0.0
SVR,71,9,False,PFI,mixing_enthalpy,0.01133345089302779,9.0,0.0
SVR,71,9,False,PFI,sublimation_M,0.0036790563067487752,14.0,0.0
SVR,71,9,False,PFI,sublimation_Mprime,0.008268606940799596,12.0,0.0
SVR,71,9,False,PFI,surface_energy_M,0.042451964474429206,4.0,0.0
SVR,71,9,False,PFI,electron_density_M,0.06136463786601558,3.0,1.0
SVR,71,9,False,PFI,oxide_bandgap,0.013930243478465257,8.0,0.0
SVR,71,9,False,KernelSHAP,electronegativity_M,0.14231330206365259,4.0,0.0
SVR,71,9,False,KernelSHAP,electronegativity_Mprime,0.043724753042085146,11.0,0.0
SVR,71,9,False,KernelSHAP,ionization_M,0.10385762767247347,6.0,0.0
SVR,71,9,False,KernelSHAP,ionization_Mprime,0.022368058874473223,13.0,0.0
SVR,71,9,False,KernelSHAP,radius_M,0.08027763006806321,8.0,0.0
SVR,71,9,False,KernelSHAP,radius_Mprime,0.01812241219186437,14.0,0.0
SVR,71,9,False,KernelSHAP,oxide_enthalpy_M,0.21274372419975282,1.0,1.0
SVR,71,9,False,KernelSHAP,oxide_enthalpy_Mprime,0.13492547185878448,5.0,0.0
SVR,71,9,False,KernelSHAP,mixing_enthalpy,0.035912053826569215,12.0,0.0
SVR,71,9,False,KernelSHAP,sublimation_M,0.05294503772617207,10.0,0.0
SVR,71,9,False,KernelSHAP,sublimation_Mprime,0.09704296103439597,7.0,0.0
SVR,71,9,False,KernelSHAP,surface_energy_M,0.1507340462172195,3.0,1.0
SVR,71,9,False,KernelSHAP,electron_density_M,0.16710944930687385,2.0,1.0
SVR,71,9,False,KernelSHAP,oxide_bandgap,0.06881631056798719,9.0,0.0
