size,repeat,is_reference,row_index,sample_id
142,-1,True,0,Pb/MgO
142,-1,True,1,Cu/MgO
142,-1,True,2,Ag/MgO
142,-1,True,3,Au/MgO
142,-1,True,5,Pd/MgO
142,-1,True,6,Pt/MgO
142,-1,True,7,Ni/MgO
142,-1,True,8,Al/MgO
142,-1,True,10,Fe/MgO
142,-1,True,11,Bi/MgO
142,-1,True,12,Mg/MgO
142,-1,True,13,Rh/MgO
142,-1,True,14,Ir/MgO
142,-1,True,15,Cu/Fe3O4
142,-1,True,16,Sn/Fe3O4
142,-1,True,18,Ag/TiO2
142,-1,True,19,Au/TiO2
142,-1,True,20,Sn/TiO2
142,-1,True,21,Ge/TiO2
142,-1,True,23,Al/TiO2
142,-1,True,24,Si/TiO2
142,-1,True,25,Fe/TiO2
142,-1,True,26,Mg/TiO2
142,-1,True,27,Pb/Al2O3
142,-1,True,28,Cu/Al2O3
142,-1,True,29,Ag/Al2O3
142,-1,True,31,Sn/Al2O3
142,-1,True,33,Pd/Al2O3
142,-1,True,34,Pt/Al2O3
142,-1,True,36,In/Al2O3
142,-1,True,37,Ga/Al2O3
142,-1,True,38,Al/Al2O3
142,-1,True,39,Mn/Al2O3
142,-1,True,40,Si/Al2O3
142,-1,True,41,Fe/Al2O3
142,-1,True,42,Co/Al2O3
142,-1,True,43,Ti/Al2O3
142,-1,True,46,Zn/Al2O3
142,-1,True,47,Ag/CaO
142,-1,True,48,Sn/CaO
142,-1,True,49,Pd/CaO
142,-1,True,50,Pt/CaO
142,-1,True,51,Ni/CaO
142,-1,True,52,Fe/CaO
142,-1,True,53,Rh/CaO
142,-1,True,54,Pb/BeO
142,-1,True,55,Ag/BeO
142,-1,True,56,Sn/BeO
142,-1,True,57,Pd/BeO
142,-1,True,59,Ni/BeO
142,-1,True,60,Si/BeO
142,-1,True,61,Fe/BeO
142,-1,True,62,Cr/BeO
142,-1,True,63,V/BeO
142,-1,True,64,Rh/BeO
142,-1,True,65,Cu/UO2
142,-1,True,66,Sn/UO2
142,-1,True,68,Al/UO2
142,-1,True,70,Pb/ZrO2
142,-1,True,71,Cu/ZrO2
142,-1,True,72,Ag/ZrO2
142,-1,True,73,Au/ZrO2
142,-1,True,76,Pd/ZrO2
142,-1,True,77,Pt/ZrO2
142,-1,True,78,Ni/ZrO2
142,-1,True,79,In/ZrO2
142,-1,True,80,Al/ZrO2
142,-1,True,81,Si/ZrO2
142,-1,True,83,Co/ZrO2
142,-1,True,84,Bi/ZrO2
142,-1,True,85,Mg/ZrO2
142,-1,True,86,V/ZrO2
142,-1,True,87,Rh/ZrO2
142,-1,True,89,Fe/Cr2O3
142,-1,True,90,Au/CoO
142,-1,True,91,Sn/CoO
142,-1,True,92,Ni/CoO
142,-1,True,93,Al/CoO
142,-1,True,94,Co/CoO
142,-1,True,95,Cu/NiO
142,-1,True,96,Ag/NiO
142,-1,True,97,Sn/NiO
142,-1,True,98,Ni/NiO
142,-1,True,99,Al/NiO
142,-1,True,100,Pb/SiO2
142,-1,True,101,Cu/SiO2
142,-1,True,103,Au/SiO2
142,-1,True,104,Sn/SiO2
142,-1,True,105,Ni/SiO2
142,-1,True,106,In/SiO2
142,-1,True,107,Ga/SiO2
142,-1,True,108,Al/SiO2
142,-1,True,109,Si/SiO2
142,-1,True,110,Fe/SiO2
142,-1,True,111,Co/SiO2
142,-1,True,112,Mg/SiO2
142,-1,True,113,Sb/SiO2
142,-1,True,114,Cu/Ti2O3
142,-1,True,115,Au/Ti2O3
142,-1,True,118,Cu/Yb2O3
142,-1,True,119,Ag/Yb2O3
142,-1,True,120,Au/Yb2O3
142,-1,True,123,Cu/Y2O3
142,-1,True,124,Ag/Y2O3
142,-1,True,125,Au/Y2O3
142,-1,True,126,Sn/Y2O3
142,-1,True,127,Ge/Y2O3
142,-1,True,128,Ga/Y2O3
142,-1,True,129,Al/Y2O3
142,-1,True,131,Ag/ZnO
142,-1,True,133,Al/ZnO
142,-1,True,134,Cu/Gd2O3
142,-1,True,135,Ag/Gd2O3
142,-1,True,139,Cu/Tb2O3
142,-1,True,140,Ag/Tb2O3
142,-1,True,141,Au/Tb2O3
142,-1,True,143,Ge/Tb2O3
142,-1,True,144,Cu/Dy2O3
142,-1,True,145,Ag/Dy2O3
142,-1,True,146,Au/Dy2O3
142,-1,True,147,Sn/Dy2O3
142,-1,True,150,Ag/Ho2O3
142,-1,True,152,Sn/Ho2O3
142,-1,True,153,Ge/Ho2O3
142,-1,True,155,Al/Ho2O3
142,-1,True,157,Ag/Er2O3
142,-1,True,158,Au/Er2O3
142,-1,True,159,Sn/Er2O3
142,-1,True,160,Ge/Er2O3
142,-1,True,161,Ga/Er2O3
142,-1,True,162,Al/Er2O3
142,-1,True,163,Cu/Tm2O3
142,-1,True,165,Au/Tm2O3
142,-1,True,166,Sn/Tm2O3
142,-1,True,168,Cu/Lu2O3
142,-1,True,169,Ag/Lu2O3
142,-1,True,170,Au/Lu2O3
142,-1,True,172,Ge/Lu2O3
142,-1,True,173,Ni/ThO2
142,-1,True,174,Fe/ThO2
142,-1,True,175,Cr/ThO2
142,-1,True,176,Ag/CdO
36,0,False,0,Pb/MgO
36,0,False,6,Pt/MgO
36,0,False,10,Fe/MgO
36,0,False,11,Bi/MgO
36,0,False,13,Rh/MgO
36,0,False,19,Au/TiO2
36,0,False,24,Si/TiO2
36,0,False,27,Pb/Al2O3
36,0,False,34,Pt/Al2O3
36,0,False,39,Mn/Al2O3
36,0,False,46,Zn/Al2O3
36,0,False,56,Sn/BeO
36,0,False,60,Si/BeO
36,0,False,62,Cr/BeO
36,0,False,65,Cu/UO2
36,0,False,83,Co/ZrO2
36,0,False,89,Fe/Cr2O3
36,0,False,90,Au/CoO
36,0,False,92,Ni/CoO
36,0,False,93,Al/CoO
36,0,False,94,Co/CoO
36,0,False,110,Fe/SiO2
36,0,False,111,Co/SiO2
36,0,False,118,Cu/Yb2O3
36,0,False,127,Ge/Y2O3
36,0,False,131,Ag/ZnO
36,0,False,145,Ag/Dy2O3
36,0,False,146,Au/Dy2O3
36,0,False,150,Ag/Ho2O3
36,0,False,152,Sn/Ho2O3
36,0,False,158,Au/Er2O3
36,0,False,160,Ge/Er2O3
36,0,False,166,Sn/Tm2O3
36,0,False,170,Au/Lu2O3
36,0,False,174,Fe/ThO2
36,0,False,175,Cr/ThO2
71,0,False,0,Pb/MgO
71,0,False,2,Ag/MgO
71,0,False,6,Pt/MgO
71,0,False,10,Fe/MgO
71,0,False,11,Bi/MgO
71,0,False,12,Mg/MgO
71,0,False,13,Rh/MgO
71,0,False,14,Ir/MgO
71,0,False,19,Au/TiO2
71,0,False,23,Al/TiO2
71,0,False,24,Si/TiO2
71,0,False,27,Pb/Al2O3
71,0,False,28,Cu/Al2O3
71,0,False,31,Sn/Al2O3
71,0,False,34,Pt/Al2O3
71,0,False,38,Al/Al2O3
71,0,False,39,Mn/Al2O3
71,0,False,42,Co/Al2O3
71,0,False,43,Ti/Al2O3
71,0,False,46,Zn/Al2O3
71,0,False,50,Pt/CaO
71,0,False,53,Rh/CaO
71,0,False,55,Ag/BeO
71,0,False,56,Sn/BeO
71,0,False,57,Pd/BeO
71,0,False,60,Si/BeO
71,0,False,62,Cr/BeO
71,0,False,65,Cu/UO2
71,0,False,66,Sn/UO2
71,0,False,71,Cu/ZrO2
71,0,False,79,In/ZrO2
71,0,False,80,Al/ZrO2
71,0,False,83,Co/ZrO2
71,0,False,84,Bi/ZrO2
71,0,False,86,V/ZrO2
71,0,False,87,Rh/ZrO2
71,0,False,89,Fe/Cr2O3
71,0,False,90,Au/CoO
71,0,False,92,Ni/CoO
71,0,False,93,Al/CoO
71,0,False,94,Co/CoO
71,0,False,98,Ni/NiO
71,0,False,100,Pb/SiO2
71,0,False,101,Cu/SiO2
71,0,False,108,Al/SiO2
71,0,False,110,Fe/SiO2
71,0,False,111,Co/SiO2
71,0,False,118,Cu/Yb2O3
71,0,False,119,Ag/Yb2O3
71,0,False,126,Sn/Y2O3
71,0,False,127,Ge/Y2O3
71,0,False,129,Al/Y2O3
71,0,False,131,Ag/ZnO
71,0,False,134,Cu/Gd2O3
71,0,False,135,Ag/Gd2O3
71,0,False,139,Cu/Tb2O3
71,0,False,145,Ag/Dy2O3
71,0,False,146,Au/Dy2O3
71,0,False,150,Ag/Ho2O3
71,0,False,152,Sn/Ho2O3
71,0,False,158,Au/Er2O3
71,0,False,159,Sn/Er2O3
71,0,False,160,Ge/Er2O3
71,0,False,161,Ga/Er2O3
71,0,False,162,Al/Er2O3
71,0,False,165,Au/Tm2O3
71,0,False,166,Sn/Tm2O3
71,0,False,170,Au/Lu2O3
71,0,False,172,Ge/Lu2O3
71,0,False,174,Fe/ThO2
71,0,False,175,Cr/ThO2
107,0,False,0,Pb/MgO
107,0,False,1,Cu/MgO
107,0,False,2,Ag/MgO
107,0,False,6,Pt/MgO
107,0,False,10,Fe/MgO
107,0,False,11,Bi/MgO
107,0,False,12,Mg/MgO
107,0,False,13,Rh/MgO
107,0,False,14,Ir/MgO
107,0,False,18,Ag/TiO2
107,0,False,19,Au/TiO2
107,0,False,21,Ge/TiO2
107,0,False,23,Al/TiO2
107,0,False,24,Si/TiO2
107,0,False,26,Mg/TiO2
107,0,False,27,Pb/Al2O3
107,0,False,28,Cu/Al2O3
107,0,False,31,Sn/Al2O3
107,0,False,33,Pd/Al2O3
107,0,False,34,Pt/Al2O3
107,0,False,37,Ga/Al2O3
107,0,False,38,Al/Al2O3
107,0,False,39,Mn/Al2O3
107,0,False,41,Fe/Al2O3
107,0,False,42,Co/Al2O3
107,0,False,43,Ti/Al2O3
107,0,False,46,Zn/Al2O3
107,0,False,47,Ag/CaO
107,0,False,48,Sn/CaO
107,0,False,49,Pd/CaO
107,0,False,50,Pt/CaO
107,0,False,52,Fe/CaO
107,0,False,53,Rh/CaO
107,0,False,54,Pb/BeO
107,0,False,55,Ag/BeO
107,0,False,56,Sn/BeO
107,0,False,57,Pd/BeO
107,0,False,59,Ni/BeO
107,0,False,60,Si/BeO
107,0,False,62,Cr/BeO
107,0,False,63,V/BeO
107,0,False,64,Rh/BeO
107,0,False,65,Cu/UO2
107,0,False,66,Sn/UO2
107,0,False,71,Cu/ZrO2
107,0,False,72,Ag/ZrO2
107,0,False,73,Au/ZrO2
107,0,False,76,Pd/ZrO2
107,0,False,77,Pt/ZrO2
107,0,False,79,In/ZrO2
107,0,False,80,Al/ZrO2
107,0,False,83,Co/ZrO2
107,0,False,84,Bi/ZrO2
107,0,False,85,Mg/ZrO2
107,0,False,86,V/ZrO2
107,0,False,87,Rh/ZrO2
107,0,False,89,Fe/Cr2O3
107,0,False,90,Au/CoO
107,0,False,92,Ni/CoO
107,0,False,93,Al/CoO
107,0,False,94,Co/CoO
107,0,False,95,Cu/NiO
107,0,False,96,Ag/NiO
107,0,False,98,Ni/NiO
107,0,False,100,Pb/SiO2
107,0,False,101,Cu/SiO2
107,0,False,103,Au/SiO2
107,0,False,106,In/SiO2
107,0,False,107,Ga/SiO2
107,0,False,108,Al/SiO2
107,0,False,109,Si/SiO2
107,0,False,110,Fe/SiO2
107,0,False,111,Co/SiO2
107,0,False,118,Cu/Yb2O3
107,0,False,119,Ag/Yb2O3
107,0,False,124,Ag/Y2O3
107,0,False,125,Au/Y2O3
107,0,False,126,Sn/Y2O3
107,0,False,127,Ge/Y2O3
107,0,False,129,Al/Y2O3
107,0,False,131,Ag/ZnO
107,0,False,133,Al/ZnO
107,0,False,134,Cu/Gd2O3
107,0,False,135,Ag/Gd2O3
107,0,False,139,Cu/Tb2O3
107,0,False,140,Ag/Tb2O3
107,0,False,141,Au/Tb2O3
107,0,False,145,Ag/Dy2O3
107,0,False,146,Au/Dy2O3
107,0,False,147,Sn/Dy2O3
107,0,False,150,Ag/Ho2O3
107,0,False,152,Sn/Ho2O3
107,0,False,153,Ge/Ho2O3
107,0,False,158,Au/Er2O3
107,0,False,159,Sn/Er2O3
107,0,False,160,Ge/Er2O3
107,0,False,161,Ga/Er2O3
107,0,False,162,Al/Er2O3
107,0,False,163,Cu/Tm2O3
107,0,False,165,Au/Tm2O3
107,0,False,166,Sn/Tm2O3
107,0,False,168,Cu/Lu2O3
107,0,False,170,Au/Lu2O3
107,0,False,172,Ge/Lu2O3
107,0,False,174,Fe/ThO2
107,0,False,175,Cr/ThO2
107,0,False,176,Ag/CdO
36,1,False,1,Cu/MgO
36,1,False,5,Pd/MgO
36,1,False,8,Al/MgO
36,1,False,10,Fe/MgO
36,1,False,21,Ge/TiO2
36,1,False,27,Pb/Al2O3
36,1,False,31,Sn/Al2O3
36,1,False,34,Pt/Al2O3
36,1,False,36,In/Al2O3
36,1,False,46,Zn/Al2O3
36,1,False,56,Sn/BeO
36,1,False,59,Ni/BeO
36,1,False,60,Si/BeO
36,1,False,64,Rh/BeO
36,1,False,71,Cu/ZrO2
36,1,False,78,Ni/ZrO2
36,1,False,81,Si/ZrO2
36,1,False,84,Bi/ZrO2
36,1,False,87,Rh/ZrO2
36,1,False,92,Ni/CoO
36,1,False,105,Ni/SiO2
36,1,False,108,Al/SiO2
36,1,False,115,Au/Ti2O3
36,1,False,120,Au/Yb2O3
36,1,False,128,Ga/Y2O3
36,1,False,129,Al/Y2O3
36,1,False,133,Al/ZnO
36,1,False,135,Ag/Gd2O3
36,1,False,155,Al/Ho2O3
36,1,False,159,Sn/Er2O3
36,1,False,162,Al/Er2O3
36,1,False,163,Cu/Tm2O3
36,1,False,165,Au/Tm2O3
36,1,False,169,Ag/Lu2O3
36,1,False,170,Au/Lu2O3
36,1,False,174,Fe/ThO2
71,1,False,0,Pb/MgO
71,1,False,1,Cu/MgO
71,1,False,2,Ag/MgO
71,1,False,3,Au/MgO
71,1,False,5,Pd/MgO
71,1,False,8,Al/MgO
71,1,False,10,Fe/MgO
71,1,False,14,Ir/MgO
71,1,False,15,Cu/Fe3O4
71,1,False,16,Sn/Fe3O4
71,1,False,19,Au/TiO2
71,1,False,21,Ge/TiO2
71,1,False,27,Pb/Al2O3
71,1,False,31,Sn/Al2O3
71,1,False,33,Pd/Al2O3
71,1,False,34,Pt/Al2O3
71,1,False,36,In/Al2O3
71,1,False,38,Al/Al2O3
71,1,False,40,Si/Al2O3
71,1,False,41,Fe/Al2O3
71,1,False,43,Ti/Al2O3
71,1,False,46,Zn/Al2O3
71,1,False,47,Ag/CaO
71,1,False,50,Pt/CaO
71,1,False,52,Fe/CaO
71,1,False,56,Sn/BeO
71,1,False,57,Pd/BeO
71,1,False,59,Ni/BeO
71,1,False,60,Si/BeO
71,1,False,64,Rh/BeO
71,1,False,70,Pb/ZrO2
71,1,False,71,Cu/ZrO2
71,1,False,78,Ni/ZrO2
71,1,False,79,In/ZrO2
71,1,False,81,Si/ZrO2
71,1,False,84,Bi/ZrO2
71,1,False,87,Rh/ZrO2
71,1,False,89,Fe/Cr2O3
71,1,False,92,Ni/CoO
71,1,False,95,Cu/NiO
71,1,False,100,Pb/SiO2
71,1,False,101,Cu/SiO2
71,1,False,105,Ni/SiO2
71,1,False,106,In/SiO2
71,1,False,108,Al/SiO2
71,1,False,113,Sb/SiO2
71,1,False,114,Cu/Ti2O3
71,1,False,115,Au/Ti2O3
71,1,False,118,Cu/Yb2O3
71,1,False,119,Ag/Yb2O3
71,1,False,120,Au/Yb2O3
71,1,False,124,Ag/Y2O3
71,1,False,125,Au/Y2O3
71,1,False,127,Ge/Y2O3
71,1,False,128,Ga/Y2O3
71,1,False,129,Al/Y2O3
71,1,False,133,Al/ZnO
71,1,False,135,Ag/Gd2O3
71,1,False,141,Au/Tb2O3
71,1,False,143,Ge/Tb2O3
71,1,False,144,Cu/Dy2O3
71,1,False,145,Ag/Dy2O3
71,1,False,155,Al/Ho2O3
71,1,False,159,Sn/Er2O3
71,1,False,162,Al/Er2O3
71,1,False,163,Cu/Tm2O3
71,1,False,165,Au/Tm2O3
71,1,False,169,Ag/Lu2O3
71,1,False,170,Au/Lu2O3
71,1,False,173,Ni/ThO2
71,1,False,174,Fe/ThO2
107,1,False,0,Pb/MgO
107,1,False,1,Cu/MgO
107,1,False,2,Ag/MgO
107,1,False,3,Au/MgO
107,1,False,5,Pd/MgO
107,1,False,8,Al/MgO
107,1,False,10,Fe/MgO
107,1,False,13,Rh/MgO
107,1,False,14,Ir/MgO
107,1,False,15,Cu/Fe3O4
107,1,False,16,Sn/Fe3O4
107,1,False,18,Ag/TiO2
107,1,False,19,Au/TiO2
107,1,False,20,Sn/TiO2
107,1,False,21,Ge/TiO2
107,1,False,26,Mg/TiO2
107,1,False,27,Pb/Al2O3
107,1,False,28,Cu/Al2O3
107,1,False,29,Ag/Al2O3
107,1,False,31,Sn/Al2O3
107,1,False,33,Pd/Al2O3
107,1,False,34,Pt/Al2O3
107,1,False,36,In/Al2O3
107,1,False,37,Ga/Al2O3
107,1,False,38,Al/Al2O3
107,1,False,39,Mn/Al2O3
107,1,False,40,Si/Al2O3
107,1,False,41,Fe/Al2O3
107,1,False,43,Ti/Al2O3
107,1,False,46,Zn/Al2O3
107,1,False,47,Ag/CaO
107,1,False,48,Sn/CaO
107,1,False,50,Pt/CaO
107,1,False,52,Fe/CaO
107,1,False,53,Rh/CaO
107,1,False,54,Pb/BeO
107,1,False,55,Ag/BeO
107,1,False,56,Sn/BeO
107,1,False,57,Pd/BeO
107,1,False,59,Ni/BeO
107,1,False,60,Si/BeO
107,1,False,64,Rh/BeO
107,1,False,65,Cu/UO2
107,1,False,66,Sn/UO2
107,1,False,70,Pb/ZrO2
107,1,False,71,Cu/ZrO2
107,1,False,73,Au/ZrO2
107,1,False,77,Pt/ZrO2
107,1,False,78,Ni/ZrO2
107,1,False,79,In/ZrO2
107,1,False,80,Al/ZrO2
107,1,False,81,Si/ZrO2
107,1,False,83,Co/ZrO2
107,1,False,84,Bi/ZrO2
107,1,False,85,Mg/ZrO2
107,1,False,86,V/ZrO2
107,1,False,87,Rh/ZrO2
107,1,False,89,Fe/Cr2O3
107,1,False,91,Sn/CoO
107,1,False,92,Ni/CoO
107,1,False,94,Co/CoO
107,1,False,95,Cu/NiO
107,1,False,96,Ag/NiO
107,1,False,97,Sn/NiO
107,1,False,100,Pb/SiO2
107,1,False,101,Cu/SiO2
107,1,False,103,Au/SiO2
107,1,False,105,Ni/SiO2
107,1,False,106,In/SiO2
107,1,False,107,Ga/SiO2
107,1,False,108,Al/SiO2
107,1,False,110,Fe/SiO2
107,1,False,111,Co/SiO2
107,1,False,112,Mg/SiO2
107,1,False,113,Sb/SiO2
107,1,False,114,Cu/Ti2O3
107,1,False,115,Au/Ti2O3
107,1,False,118,Cu/Yb2O3
107,1,False,119,Ag/Yb2O3
107,1,False,120,Au/Yb2O3
107,1,False,123,Cu/Y2O3
107,1,False,124,Ag/Y2O3
107,1,False,125,Au/Y2O3
107,1,False,126,Sn/Y2O3
107,1,False,127,Ge/Y2O3
107,1,False,128,Ga/Y2O3
107,1,False,129,Al/Y2O3
107,1,False,133,Al/ZnO
107,1,False,134,Cu/Gd2O3
107,1,False,135,Ag/Gd2O3
107,1,False,141,Au/Tb2O3
107,1,False,143,Ge/Tb2O3
107,1,False,144,Cu/Dy2O3
107,1,False,145,Ag/Dy2O3
107,1,False,150,Ag/Ho2O3
107,1,False,153,Ge/Ho2O3
107,1,False,155,Al/Ho2O3
107,1,False,159,Sn/Er2O3
107,1,False,160,Ge/Er2O3
107,1,False,161,Ga/Er2O3
107,1,False,162,Al/Er2O3
107,1,False,163,Cu/Tm2O3
107,1,False,165,Au/Tm2O3
107,1,False,169,Ag/Lu2O3
107,1,False,170,Au/Lu2O3
107,1,False,173,Ni/ThO2
107,1,False,174,Fe/ThO2
36,2,False,1,Cu/MgO
36,2,False,6,Pt/MgO
36,2,False,10,Fe/MgO
36,2,False,13,Rh/MgO
36,2,False,19,Au/TiO2
36,2,False,27,Pb/Al2O3
36,2,False,36,In/Al2O3
36,2,False,51,Ni/CaO
36,2,False,52,Fe/CaO
36,2,False,54,Pb/BeO
36,2,False,61,Fe/BeO
36,2,False,63,V/BeO
36,2,False,64,Rh/BeO
36,2,False,66,Sn/UO2
36,2,False,71,Cu/ZrO2
36,2,False,79,In/ZrO2
36,2,False,83,Co/ZrO2
36,2,False,85,Mg/ZrO2
36,2,False,94,Co/CoO
36,2,False,95,Cu/NiO
36,2,False,98,Ni/NiO
36,2,False,99,Al/NiO
36,2,False,100,Pb/SiO2
36,2,False,103,Au/SiO2
36,2,False,110,Fe/SiO2
36,2,False,115,Au/Ti2O3
36,2,False,119,Ag/Yb2O3
36,2,False,124,Ag/Y2O3
36,2,False,125,Au/Y2O3
36,2,False,127,Ge/Y2O3
36,2,False,139,Cu/Tb2O3
36,2,False,140,Ag/Tb2O3
36,2,False,144,Cu/Dy2O3
36,2,False,165,Au/Tm2O3
36,2,False,166,Sn/Tm2O3
36,2,False,175,Cr/ThO2
71,2,False,1,Cu/MgO
71,2,False,3,Au/MgO
71,2,False,6,Pt/MgO
71,2,False,10,Fe/MgO
71,2,False,13,Rh/MgO
71,2,False,15,Cu/Fe3O4
71,2,False,19,Au/TiO2
71,2,False,20,Sn/TiO2
71,2,False,27,Pb/Al2O3
71,2,False,28,Cu/Al2O3
71,2,False,34,Pt/Al2O3
71,2,False,36,In/Al2O3
71,2,False,38,Al/Al2O3
71,2,False,39,Mn/Al2O3
71,2,False,40,Si/Al2O3
71,2,False,41,Fe/Al2O3
71,2,False,42,Co/Al2O3
71,2,False,47,Ag/CaO
71,2,False,51,Ni/CaO
71,2,False,52,Fe/CaO
71,2,False,53,Rh/CaO
71,2,False,54,Pb/BeO
71,2,False,61,Fe/BeO
71,2,False,63,V/BeO
71,2,False,64,Rh/BeO
71,2,False,65,Cu/UO2
71,2,False,66,Sn/UO2
71,2,False,68,Al/UO2
71,2,False,71,Cu/ZrO2
71,2,False,73,Au/ZrO2
71,2,False,77,Pt/ZrO2
71,2,False,79,In/ZrO2
71,2,False,83,Co/ZrO2
71,2,False,85,Mg/ZrO2
71,2,False,89,Fe/Cr2O3
71,2,False,91,Sn/CoO
71,2,False,94,Co/CoO
71,2,False,95,Cu/NiO
71,2,False,96,Ag/NiO
71,2,False,98,Ni/NiO
71,2,False,99,Al/NiO
71,2,False,100,Pb/SiO2
71,2,False,103,Au/SiO2
71,2,False,110,Fe/SiO2
71,2,False,112,Mg/SiO2
71,2,False,115,Au/Ti2O3
71,2,False,118,Cu/Yb2O3
71,2,False,119,Ag/Yb2O3
71,2,False,123,Cu/Y2O3
71,2,False,124,Ag/Y2O3
71,2,False,125,Au/Y2O3
71,2,False,126,Sn/Y2O3
71,2,False,127,Ge/Y2O3
71,2,False,128,Ga/Y2O3
71,2,False,129,Al/Y2O3
71,2,False,134,Cu/Gd2O3
71,2,False,135,Ag/Gd2O3
71,2,False,139,Cu/Tb2O3
71,2,False,140,Ag/Tb2O3
71,2,False,143,Ge/Tb2O3
71,2,False,144,Cu/Dy2O3
71,2,False,159,Sn/Er2O3
71,2,False,161,Ga/Er2O3
71,2,False,162,Al/Er2O3
71,2,False,163,Cu/Tm2O3
71,2,False,165,Au/Tm2O3
71,2,False,166,Sn/Tm2O3
71,2,False,169,Ag/Lu2O3
71,2,False,170,Au/Lu2O3
71,2,False,174,Fe/ThO2
71,2,False,175,Cr/ThO2
107,2,False,1,Cu/MgO
107,2,False,3,Au/MgO
107,2,False,5,Pd/MgO
107,2,False,6,Pt/MgO
107,2,False,10,Fe/MgO
107,2,False,12,Mg/MgO
107,2,False,13,Rh/MgO
107,2,False,15,Cu/Fe3O4
107,2,False,16,Sn/Fe3O4
107,2,False,18,Ag/TiO2
107,2,False,19,Au/TiO2
107,2,False,20,Sn/TiO2
107,2,False,21,Ge/TiO2
107,2,False,23,Al/TiO2
107,2,False,26,Mg/TiO2
107,2,False,27,Pb/Al2O3
107,2,False,28,Cu/Al2O3
107,2,False,33,Pd/Al2O3
107,2,False,34,Pt/Al2O3
107,2,False,36,In/Al2O3
107,2,False,38,Al/Al2O3
107,2,False,39,Mn/Al2O3
107,2,False,40,Si/Al2O3
107,2,False,41,Fe/Al2O3
107,2,False,42,Co/Al2O3
107,2,False,43,Ti/Al2O3
107,2,False,47,Ag/CaO
107,2,False,49,Pd/CaO
107,2,False,51,Ni/CaO
107,2,False,52,Fe/CaO
107,2,False,53,Rh/CaO
107,2,False,54,Pb/BeO
107,2,False,55,Ag/BeO
107,2,False,59,Ni/BeO
107,2,False,60,Si/BeO
107,2,False,61,Fe/BeO
107,2,False,63,V/BeO
107,2,False,64,Rh/BeO
107,2,False,65,Cu/UO2
107,2,False,66,Sn/UO2
107,2,False,68,Al/UO2
107,2,False,70,Pb/ZrO2
107,2,False,71,Cu/ZrO2
107,2,False,72,Ag/ZrO2
107,2,False,73,Au/ZrO2
107,2,False,76,Pd/ZrO2
107,2,False,77,Pt/ZrO2
107,2,False,78,Ni/ZrO2
107,2,False,79,In/ZrO2
107,2,False,83,Co/ZrO2
107,2,False,85,Mg/ZrO2
107,2,False,89,Fe/Cr2O3
107,2,False,90,Au/CoO
107,2,False,91,Sn/CoO
107,2,False,92,Ni/CoO
107,2,False,94,Co/CoO
107,2,False,95,Cu/NiO
107,2,False,96,Ag/NiO
107,2,False,97,Sn/NiO
107,2,False,98,Ni/NiO
107,2,False,99,Al/NiO
107,2,False,100,Pb/SiO2
107,2,False,103,Au/SiO2
107,2,False,107,Ga/SiO2
107,2,False,108,Al/SiO2
107,2,False,109,Si/SiO2
107,2,False,110,Fe/SiO2
107,2,False,111,Co/SiO2
107,2,False,112,Mg/SiO2
107,2,False,114,Cu/Ti2O3
107,2,False,115,Au/Ti2O3
107,2,False,118,Cu/Yb2O3
107,2,False,119,Ag/Yb2O3
107,2,False,123,Cu/Y2O3
107,2,False,124,Ag/Y2O3
107,2,False,125,Au/Y2O3
107,2,False,126,Sn/Y2O3
107,2,False,127,Ge/Y2O3
107,2,False,128,Ga/Y2O3
107,2,False,129,Al/Y2O3
107,2,False,131,Ag/ZnO
107,2,False,133,Al/ZnO
107,2,False,134,Cu/Gd2O3
107,2,False,135,Ag/Gd2O3
107,2,False,139,Cu/Tb2O3
107,2,False,140,Ag/Tb2O3
107,2,False,141,Au/Tb2O3
107,2,False,143,Ge/Tb2O3
107,2,False,144,Cu/Dy2O3
107,2,False,146,Au/Dy2O3
107,2,False,152,Sn/Ho2O3
107,2,False,155,Al/Ho2O3
107,2,False,157,Ag/Er2O3
107,2,False,158,Au/Er2O3
107,2,False,159,Sn/Er2O3
107,2,False,161,Ga/Er2O3
107,2,False,162,Al/Er2O3
107,2,False,163,Cu/Tm2O3
107,2,False,165,Au/Tm2O3
107,2,False,166,Sn/Tm2O3
107,2,False,168,Cu/Lu2O3
107,2,False,169,Ag/Lu2O3
107,2,False,170,Au/Lu2O3
107,2,False,172,Ge/Lu2O3
107,2,False,174,Fe/ThO2
107,2,False,175,Cr/ThO2
107,2,False,176,Ag/CdO
36,3,False,2,Ag/MgO
36,3,False,11,Bi/MgO
36,3,False,15,Cu/Fe3O4
36,3,False,16,Sn/Fe3O4
36,3,False,20,Sn/TiO2
36,3,False,26,Mg/TiO2
36,3,False,27,Pb/Al2O3
36,3,False,36,In/Al2O3
36,3,False,41,Fe/Al2O3
36,3,False,46,Zn/Al2O3
36,3,False,53,Rh/CaO
36,3,False,60,Si/BeO
36,3,False,71,Cu/ZrO2
36,3,False,72,Ag/ZrO2
36,3,False,80,Al/ZrO2
36,3,False,84,Bi/ZrO2
36,3,False,87,Rh/ZrO2
36,3,False,90,Au/CoO
36,3,False,94,Co/CoO
36,3,False,95,Cu/NiO
36,3,False,109,Si/SiO2
36,3,False,110,Fe/SiO2
36,3,False,118,Cu/Yb2O3
36,3,False,131,Ag/ZnO
36,3,False,133,Al/ZnO
36,3,False,134,Cu/Gd2O3
36,3,False,139,Cu/Tb2O3
36,3,False,140,Ag/Tb2O3
36,3,False,144,Cu/Dy2O3
36,3,False,145,Ag/Dy2O3
36,3,False,160,Ge/Er2O3
36,3,False,162,Al/Er2O3
36,3,False,165,Au/Tm2O3
36,3,False,168,Cu/Lu2O3
36,3,False,169,Ag/Lu2O3
36,3,False,170,Au/Lu2O3
71,3,False,1,Cu/MgO
71,3,False,2,Ag/MgO
71,3,False,5,Pd/MgO
71,3,False,8,Al/MgO
71,3,False,11,Bi/MgO
71,3,False,12,Mg/MgO
71,3,False,14,Ir/MgO
71,3,False,15,Cu/Fe3O4
71,3,False,16,Sn/Fe3O4
71,3,False,20,Sn/TiO2
71,3,False,21,Ge/TiO2
71,3,False,25,Fe/TiO2
71,3,False,26,Mg/TiO2
71,3,False,27,Pb/Al2O3
71,3,False,36,In/Al2O3
71,3,False,37,Ga/Al2O3
71,3,False,41,Fe/Al2O3
71,3,False,42,Co/Al2O3
71,3,False,46,Zn/Al2O3
71,3,False,47,Ag/CaO
71,3,False,53,Rh/CaO
71,3,False,54,Pb/BeO
71,3,False,60,Si/BeO
71,3,False,64,Rh/BeO
71,3,False,68,Al/UO2
71,3,False,71,Cu/ZrO2
71,3,False,72,Ag/ZrO2
71,3,False,73,Au/ZrO2
71,3,False,77,Pt/ZrO2
71,3,False,78,Ni/ZrO2
71,3,False,79,In/ZrO2
71,3,False,80,Al/ZrO2
71,3,False,83,Co/ZrO2
71,3,False,84,Bi/ZrO2
71,3,False,85,Mg/ZrO2
71,3,False,87,Rh/ZrO2
71,3,False,90,Au/CoO
71,3,False,93,Al/CoO
71,3,False,94,Co/CoO
71,3,False,95,Cu/NiO
71,3,False,96,Ag/NiO
71,3,False,100,Pb/SiO2
71,3,False,104,Sn/SiO2
71,3,False,105,Ni/SiO2
71,3,False,109,Si/SiO2
71,3,False,110,Fe/SiO2
71,3,False,118,Cu/Yb2O3
71,3,False,124,Ag/Y2O3
71,3,False,126,Sn/Y2O3
71,3,False,128,Ga/Y2O3
71,3,False,131,Ag/ZnO
71,3,False,133,Al/ZnO
71,3,False,134,Cu/Gd2O3
71,3,False,139,Cu/Tb2O3
71,3,False,140,Ag/Tb2O3
71,3,False,141,Au/Tb2O3
71,3,False,144,Cu/Dy2O3
71,3,False,145,Ag/Dy2O3
71,3,False,150,Ag/Ho2O3
71,3,False,152,Sn/Ho2O3
71,3,False,158,Au/Er2O3
71,3,False,159,Sn/Er2O3
71,3,False,160,Ge/Er2O3
71,3,False,161,Ga/Er2O3
71,3,False,162,Al/Er2O3
71,3,False,163,Cu/Tm2O3
71,3,False,165,Au/Tm2O3
71,3,False,168,Cu/Lu2O3
71,3,False,169,Ag/Lu2O3
71,3,False,170,Au/Lu2O3
71,3,False,173,Ni/ThO2
107,3,False,1,Cu/MgO
107,3,False,2,Ag/MgO
107,3,False,3,Au/MgO
107,3,False,5,Pd/MgO
107,3,False,6,Pt/MgO
107,3,False,8,Al/MgO
107,3,False,10,Fe/MgO
107,3,False,11,Bi/MgO
107,3,False,12,Mg/MgO
107,3,False,14,Ir/MgO
107,3,False,15,Cu/Fe3O4
107,3,False,16,Sn/Fe3O4
107,3,False,18,Ag/TiO2
107,3,False,20,Sn/TiO2
107,3,False,21,Ge/TiO2
107,3,False,23,Al/TiO2
107,3,False,25,Fe/TiO2
107,3,False,26,Mg/TiO2
107,3,False,27,Pb/Al2O3
107,3,False,28,Cu/Al2O3
107,3,False,31,Sn/Al2O3
107,3,False,34,Pt/Al2O3
107,3,False,36,In/Al2O3
107,3,False,37,Ga/Al2O3
107,3,False,41,Fe/Al2O3
107,3,False,42,Co/Al2O3
107,3,False,46,Zn/Al2O3
107,3,False,47,Ag/CaO
107,3,False,48,Sn/CaO
107,3,False,49,Pd/CaO
107,3,False,50,Pt/CaO
107,3,False,53,Rh/CaO
107,3,False,54,Pb/BeO
107,3,False,56,Sn/BeO
107,3,False,59,Ni/BeO
107,3,False,60,Si/BeO
107,3,False,61,Fe/BeO
107,3,False,62,Cr/BeO
107,3,False,64,Rh/BeO
107,3,False,66,Sn/UO2
107,3,False,68,Al/UO2
107,3,False,70,Pb/ZrO2
107,3,False,71,Cu/ZrO2
107,3,False,72,Ag/ZrO2
107,3,False,73,Au/ZrO2
107,3,False,77,Pt/ZrO2
107,3,False,78,Ni/ZrO2
107,3,False,79,In/ZrO2
107,3,False,80,Al/ZrO2
107,3,False,81,Si/ZrO2
107,3,False,83,Co/ZrO2
107,3,False,84,Bi/ZrO2
107,3,False,85,Mg/ZrO2
107,3,False,87,Rh/ZrO2
107,3,False,89,Fe/Cr2O3
107,3,False,90,Au/CoO
107,3,False,91,Sn/CoO
107,3,False,92,Ni/CoO
107,3,False,93,Al/CoO
107,3,False,94,Co/CoO
107,3,False,95,Cu/NiO
107,3,False,96,Ag/NiO
107,3,False,98,Ni/NiO
107,3,False,99,Al/NiO
107,3,False,100,Pb/SiO2
107,3,False,101,Cu/SiO2
107,3,False,104,Sn/SiO2
107,3,False,105,Ni/SiO2
107,3,False,106,In/SiO2
107,3,False,107,Ga/SiO2
107,3,False,108,Al/SiO2
107,3,False,109,Si/SiO2
107,3,False,110,Fe/SiO2
107,3,False,111,Co/SiO2
107,3,False,114,Cu/Ti2O3
107,3,False,118,Cu/Yb2O3
107,3,False,120,Au/Yb2O3
107,3,False,123,Cu/Y2O3
107,3,False,124,Ag/Y2O3
107,3,False,126,Sn/Y2O3
107,3,False,128,Ga/Y2O3
107,3,False,131,Ag/ZnO
107,3,False,133,Al/ZnO
107,3,False,134,Cu/Gd2O3
107,3,False,139,Cu/Tb2O3
107,3,False,140,Ag/Tb2O3
107,3,False,141,Au/Tb2O3
107,3,False,144,Cu/Dy2O3
107,3,False,145,Ag/Dy2O3
107,3,False,150,Ag/Ho2O3
107,3,False,152,Sn/Ho2O3
107,3,False,153,Ge/Ho2O3
107,3,False,155,Al/Ho2O3
107,3,False,158,Au/Er2O3
107,3,False,159,Sn/Er2O3
107,3,False,160,Ge/Er2O3
107,3,False,161,Ga/Er2O3
107,3,False,162,Al/Er2O3
107,3,False,163,Cu/Tm2O3
107,3,False,165,Au/Tm2O3
107,3,False,168,Cu/Lu2O3
107,3,False,169,Ag/Lu2O3
107,3,False,170,Au/Lu2O3
107,3,False,172,Ge/Lu2O3
107,3,False,173,Ni/ThO2
107,3,False,174,Fe/ThO2
107,3,False,176,Ag/CdO
36,4,False,0,Pb/MgO
36,4,False,7,Ni/MgO
36,4,False,8,Al/MgO
36,4,False,12,Mg/MgO
36,4,False,15,Cu/Fe3O4
36,4,False,21,Ge/TiO2
36,4,False,29,Ag/Al2O3
36,4,False,39,Mn/Al2O3
36,4,False,41,Fe/Al2O3
36,4,False,51,Ni/CaO
36,4,False,53,Rh/CaO
36,4,False,60,Si/BeO
36,4,False,62,Cr/BeO
36,4,False,73,Au/ZrO2
36,4,False,84,Bi/ZrO2
36,4,False,87,Rh/ZrO2
36,4,False,93,Al/CoO
36,4,False,95,Cu/NiO
36,4,False,97,Sn/NiO
36,4,False,98,Ni/NiO
36,4,False,99,Al/NiO
36,4,False,111,Co/SiO2
36,4,False,119,Ag/Yb2O3
36,4,False,120,Au/Yb2O3
36,4,False,125,Au/Y2O3
36,4,False,133,Al/ZnO
36,4,False,144,Cu/Dy2O3
36,4,False,145,Ag/Dy2O3
36,4,False,146,Au/Dy2O3
36,4,False,147,Sn/Dy2O3
36,4,False,152,Sn/Ho2O3
36,4,False,158,Au/Er2O3
36,4,False,160,Ge/Er2O3
36,4,False,170,Au/Lu2O3
36,4,False,173,Ni/ThO2
36,4,False,174,Fe/ThO2
71,4,False,0,Pb/MgO
71,4,False,1,Cu/MgO
71,4,False,2,Ag/MgO
71,4,False,3,Au/MgO
71,4,False,5,Pd/MgO
71,4,False,6,Pt/MgO
71,4,False,7,Ni/MgO
71,4,False,8,Al/MgO
71,4,False,12,Mg/MgO
71,4,False,13,Rh/MgO
71,4,False,14,Ir/MgO
71,4,False,15,Cu/Fe3O4
71,4,False,16,Sn/Fe3O4
71,4,False,20,Sn/TiO2
71,4,False,21,Ge/TiO2
71,4,False,24,Si/TiO2
71,4,False,29,Ag/Al2O3
71,4,False,36,In/Al2O3
71,4,False,37,Ga/Al2O3
71,4,False,39,Mn/Al2O3
71,4,False,41,Fe/Al2O3
71,4,False,43,Ti/Al2O3
71,4,False,47,Ag/CaO
71,4,False,48,Sn/CaO
71,4,False,50,Pt/CaO
71,4,False,51,Ni/CaO
71,4,False,53,Rh/CaO
71,4,False,54,Pb/BeO
71,4,False,59,Ni/BeO
71,4,False,60,Si/BeO
71,4,False,61,Fe/BeO
71,4,False,62,Cr/BeO
71,4,False,64,Rh/BeO
71,4,False,68,Al/UO2
71,4,False,71,Cu/ZrO2
71,4,False,73,Au/ZrO2
71,4,False,79,In/ZrO2
71,4,False,80,Al/ZrO2
71,4,False,84,Bi/ZrO2
71,4,False,87,Rh/ZrO2
71,4,False,89,Fe/Cr2O3
71,4,False,93,Al/CoO
71,4,False,95,Cu/NiO
71,4,False,97,Sn/NiO
71,4,False,98,Ni/NiO
71,4,False,99,Al/NiO
71,4,False,100,Pb/SiO2
71,4,False,111,Co/SiO2
71,4,False,119,Ag/Yb2O3
71,4,False,120,Au/Yb2O3
71,4,False,123,Cu/Y2O3
71,4,False,124,Ag/Y2O3
71,4,False,125,Au/Y2O3
71,4,False,131,Ag/ZnO
71,4,False,133,Al/ZnO
71,4,False,140,Ag/Tb2O3
71,4,False,141,Au/Tb2O3
71,4,False,143,Ge/Tb2O3
71,4,False,144,Cu/Dy2O3
71,4,False,145,Ag/Dy2O3
71,4,False,146,Au/Dy2O3
71,4,False,147,Sn/Dy2O3
71,4,False,152,Sn/Ho2O3
71,4,False,157,Ag/Er2O3
71,4,False,158,Au/Er2O3
71,4,False,159,Sn/Er2O3
71,4,False,160,Ge/Er2O3
71,4,False,162,Al/Er2O3
71,4,False,170,Au/Lu2O3
71,4,False,173,Ni/ThO2
71,4,False,174,Fe/ThO2
107,4,False,0,Pb/MgO
107,4,False,1,Cu/MgO
107,4,False,2,Ag/MgO
107,4,False,3,Au/MgO
107,4,False,5,Pd/MgO
107,4,False,6,Pt/MgO
107,4,False,7,Ni/MgO
107,4,False,8,Al/MgO
107,4,False,10,Fe/MgO
107,4,False,12,Mg/MgO
107,4,False,13,Rh/MgO
107,4,False,14,Ir/MgO
107,4,False,15,Cu/Fe3O4
107,4,False,16,Sn/Fe3O4
107,4,False,18,Ag/TiO2
107,4,False,20,Sn/TiO2
107,4,False,21,Ge/TiO2
107,4,False,23,Al/TiO2
107,4,False,24,Si/TiO2
107,4,False,25,Fe/TiO2
107,4,False,28,Cu/Al2O3
107,4,False,29,Ag/Al2O3
107,4,False,36,In/Al2O3
107,4,False,37,Ga/Al2O3
107,4,False,39,Mn/Al2O3
107,4,False,41,Fe/Al2O3
107,4,False,42,Co/Al2O3
107,4,False,43,Ti/Al2O3
107,4,False,46,Zn/Al2O3
107,4,False,47,Ag/CaO
107,4,False,48,Sn/CaO
107,4,False,49,Pd/CaO
107,4,False,50,Pt/CaO
107,4,False,51,Ni/CaO
107,4,False,52,Fe/CaO
107,4,False,53,Rh/CaO
107,4,False,54,Pb/BeO
107,4,False,55,Ag/BeO
107,4,False,57,Pd/BeO
107,4,False,59,Ni/BeO
107,4,False,60,Si/BeO
107,4,False,61,Fe/BeO
107,4,False,62,Cr/BeO
107,4,False,63,V/BeO
107,4,False,64,Rh/BeO
107,4,False,68,Al/UO2
107,4,False,71,Cu/ZrO2
107,4,False,72,Ag/ZrO2
107,4,False,73,Au/ZrO2
107,4,False,78,Ni/ZrO2
107,4,False,79,In/ZrO2
107,4,False,80,Al/ZrO2
107,4,False,83,Co/ZrO2
107,4,False,84,Bi/ZrO2
107,4,False,85,Mg/ZrO2
107,4,False,86,V/ZrO2
107,4,False,87,Rh/ZrO2
107,4,False,89,Fe/Cr2O3
107,4,False,90,Au/CoO
107,4,False,91,Sn/CoO
107,4,False,92,Ni/CoO
107,4,False,93,Al/CoO
107,4,False,95,Cu/NiO
107,4,False,97,Sn/NiO
107,4,False,98,Ni/NiO
107,4,False,99,Al/NiO
107,4,False,100,Pb/SiO2
107,4,False,101,Cu/SiO2
107,4,False,103,Au/SiO2
107,4,False,107,Ga/SiO2
107,4,False,108,Al/SiO2
107,4,False,109,Si/SiO2
107,4,False,110,Fe/SiO2
107,4,False,111,Co/SiO2
107,4,False,114,Cu/Ti2O3
107,4,False,119,Ag/Yb2O3
107,4,False,120,Au/Yb2O3
107,4,False,123,Cu/Y2O3
107,4,False,124,Ag/Y2O3
107,4,False,125,Au/Y2O3
107,4,False,127,Ge/Y2O3
107,4,False,131,Ag/ZnO
107,4,False,133,Al/ZnO
107,4,False,134,Cu/Gd2O3
107,4,False,140,Ag/Tb2O3
107,4,False,141,Au/Tb2O3
107,4,False,143,Ge/Tb2O3
107,4,False,144,Cu/Dy2O3
107,4,False,145,Ag/Dy2O3
107,4,False,146,Au/Dy2O3
107,4,False,147,Sn/Dy2O3
107,4,False,152,Sn/Ho2O3
107,4,False,155,Al/Ho2O3
107,4,False,157,Ag/Er2O3
107,4,False,158,Au/Er2O3
107,4,False,159,Sn/Er2O3
107,4,False,160,Ge/Er2O3
107,4,False,161,Ga/Er2O3
107,4,False,162,Al/Er2O3
107,4,False,163,Cu/Tm2O3
107,4,False,168,Cu/Lu2O3
107,4,False,170,Au/Lu2O3
107,4,False,172,Ge/Lu2O3
107,4,False,173,Ni/ThO2
107,4,False,174,Fe/ThO2
107,4,False,175,Cr/ThO2
107,4,False,176,Ag/CdO
36,5,False,1,Cu/MgO
36,5,False,6,Pt/MgO
36,5,False,21,Ge/TiO2
36,5,False,27,Pb/Al2O3
36,5,False,36,In/Al2O3
36,5,False,41,Fe/Al2O3
36,5,False,42,Co/Al2O3
36,5,False,47,Ag/CaO
36,5,False,51,Ni/CaO
36,5,False,57,Pd/BeO
36,5,False,62,Cr/BeO
36,5,False,65,Cu/UO2
36,5,False,66,Sn/UO2
36,5,False,70,Pb/ZrO2
36,5,False,73,Au/ZrO2
36,5,False,80,Al/ZrO2
36,5,False,92,Ni/CoO
36,5,False,96,Ag/NiO
36,5,False,99,Al/NiO
36,5,False,101,Cu/SiO2
36,5,False,103,Au/SiO2
36,5,False,104,Sn/SiO2
36,5,False,115,Au/Ti2O3
36,5,False,120,Au/Yb2O3
36,5,False,128,Ga/Y2O3
36,5,False,129,Al/Y2O3
36,5,False,135,Ag/Gd2O3
36,5,False,140,Ag/Tb2O3
36,5,False,146,Au/Dy2O3
36,5,False,150,Ag/Ho2O3
36,5,False,152,Sn/Ho2O3
36,5,False,157,Ag/Er2O3
36,5,False,161,Ga/Er2O3
36,5,False,162,Al/Er2O3
36,5,False,163,Cu/Tm2O3
36,5,False,174,Fe/ThO2
71,5,False,1,Cu/MgO
71,5,False,6,Pt/MgO
71,5,False,12,Mg/MgO
71,5,False,18,Ag/TiO2
71,5,False,21,Ge/TiO2
71,5,False,24,Si/TiO2
71,5,False,26,Mg/TiO2
71,5,False,27,Pb/Al2O3
71,5,False,29,Ag/Al2O3
71,5,False,31,Sn/Al2O3
71,5,False,36,In/Al2O3
71,5,False,38,Al/Al2O3
71,5,False,41,Fe/Al2O3
71,5,False,42,Co/Al2O3
71,5,False,47,Ag/CaO
71,5,False,48,Sn/CaO
71,5,False,49,Pd/CaO
71,5,False,51,Ni/CaO
71,5,False,55,Ag/BeO
71,5,False,57,Pd/BeO
71,5,False,61,Fe/BeO
71,5,False,62,Cr/BeO
71,5,False,65,Cu/UO2
71,5,False,66,Sn/UO2
71,5,False,70,Pb/ZrO2
71,5,False,73,Au/ZrO2
71,5,False,77,Pt/ZrO2
71,5,False,78,Ni/ZrO2
71,5,False,79,In/ZrO2
71,5,False,80,Al/ZrO2
71,5,False,84,Bi/ZrO2
71,5,False,85,Mg/ZrO2
71,5,False,87,Rh/ZrO2
71,5,False,91,Sn/CoO
71,5,False,92,Ni/CoO
71,5,False,96,Ag/NiO
71,5,False,99,Al/NiO
71,5,False,100,Pb/SiO2
71,5,False,101,Cu/SiO2
71,5,False,103,Au/SiO2
71,5,False,104,Sn/SiO2
71,5,False,106,In/SiO2
71,5,False,108,Al/SiO2
71,5,False,109,Si/SiO2
71,5,False,110,Fe/SiO2
71,5,False,111,Co/SiO2
71,5,False,112,Mg/SiO2
71,5,False,113,Sb/SiO2
71,5,False,115,Au/Ti2O3
71,5,False,120,Au/Yb2O3
71,5,False,124,Ag/Y2O3
71,5,False,126,Sn/Y2O3
71,5,False,128,Ga/Y2O3
71,5,False,129,Al/Y2O3
71,5,False,134,Cu/Gd2O3
71,5,False,135,Ag/Gd2O3
71,5,False,139,Cu/Tb2O3
71,5,False,140,Ag/Tb2O3
71,5,False,146,Au/Dy2O3
71,5,False,147,Sn/Dy2O3
71,5,False,150,Ag/Ho2O3
71,5,False,152,Sn/Ho2O3
71,5,False,157,Ag/Er2O3
71,5,False,161,Ga/Er2O3
71,5,False,162,Al/Er2O3
71,5,False,163,Cu/Tm2O3
71,5,False,165,Au/Tm2O3
71,5,False,168,Cu/Lu2O3
71,5,False,174,Fe/ThO2
71,5,False,175,Cr/ThO2
71,5,False,176,Ag/CdO
107,5,False,1,Cu/MgO
107,5,False,2,Ag/MgO
107,5,False,6,Pt/MgO
107,5,False,8,Al/MgO
107,5,False,10,Fe/MgO
107,5,False,12,Mg/MgO
107,5,False,15,Cu/Fe3O4
107,5,False,16,Sn/Fe3O4
107,5,False,18,Ag/TiO2
107,5,False,19,Au/TiO2
107,5,False,21,Ge/TiO2
107,5,False,23,Al/TiO2
107,5,False,24,Si/TiO2
107,5,False,25,Fe/TiO2
107,5,False,26,Mg/TiO2
107,5,False,27,Pb/Al2O3
107,5,False,29,Ag/Al2O3
107,5,False,31,Sn/Al2O3
107,5,False,36,In/Al2O3
107,5,False,38,Al/Al2O3
107,5,False,41,Fe/Al2O3
107,5,False,42,Co/Al2O3
107,5,False,46,Zn/Al2O3
107,5,False,47,Ag/CaO
107,5,False,48,Sn/CaO
107,5,False,49,Pd/CaO
107,5,False,50,Pt/CaO
107,5,False,51,Ni/CaO
107,5,False,53,Rh/CaO
107,5,False,54,Pb/BeO
107,5,False,55,Ag/BeO
107,5,False,56,Sn/BeO
107,5,False,57,Pd/BeO
107,5,False,59,Ni/BeO
107,5,False,61,Fe/BeO
107,5,False,62,Cr/BeO
107,5,False,64,Rh/BeO
107,5,False,65,Cu/UO2
107,5,False,66,Sn/UO2
107,5,False,70,Pb/ZrO2
107,5,False,71,Cu/ZrO2
107,5,False,72,Ag/ZrO2
107,5,False,73,Au/ZrO2
107,5,False,76,Pd/ZrO2
107,5,False,77,Pt/ZrO2
107,5,False,78,Ni/ZrO2
107,5,False,79,In/ZrO2
107,5,False,80,Al/ZrO2
107,5,False,81,Si/ZrO2
107,5,False,83,Co/ZrO2
107,5,False,84,Bi/ZrO2
107,5,False,85,Mg/ZrO2
107,5,False,87,Rh/ZrO2
107,5,False,91,Sn/CoO
107,5,False,92,Ni/CoO
107,5,False,93,Al/CoO
107,5,False,94,Co/CoO
107,5,False,95,Cu/NiO
107,5,False,96,Ag/NiO
107,5,False,98,Ni/NiO
107,5,False,99,Al/NiO
107,5,False,100,Pb/SiO2
107,5,False,101,Cu/SiO2
107,5,False,103,Au/SiO2
107,5,False,104,Sn/SiO2
107,5,False,106,In/SiO2
107,5,False,108,Al/SiO2
107,5,False,109,Si/SiO2
107,5,False,110,Fe/SiO2
107,5,False,111,Co/SiO2
107,5,False,112,Mg/SiO2
107,5,False,113,Sb/SiO2
107,5,False,115,Au/Ti2O3
107,5,False,119,Ag/Yb2O3
107,5,False,120,Au/Yb2O3
107,5,False,123,Cu/Y2O3
107,5,False,124,Ag/Y2O3
107,5,False,126,Sn/Y2O3
107,5,False,127,Ge/Y2O3
107,5,False,128,Ga/Y2O3
107,5,False,129,Al/Y2O3
107,5,False,133,Al/ZnO
107,5,False,134,Cu/Gd2O3
107,5,False,135,Ag/Gd2O3
107,5,False,139,Cu/Tb2O3
107,5,False,140,Ag/Tb2O3
107,5,False,143,Ge/Tb2O3
107,5,False,145,Ag/Dy2O3
107,5,False,146,Au/Dy2O3
107,5,False,147,Sn/Dy2O3
107,5,False,150,Ag/Ho2O3
107,5,False,152,Sn/Ho2O3
107,5,False,153,Ge/Ho2O3
107,5,False,155,Al/Ho2O3
107,5,False,157,Ag/Er2O3
107,5,False,158,Au/Er2O3
107,5,False,160,Ge/Er2O3
107,5,False,161,Ga/Er2O3
107,5,False,162,Al/Er2O3
107,5,False,163,Cu/Tm2O3
107,5,False,165,Au/Tm2O3
107,5,False,168,Cu/Lu2O3
107,5,False,170,Au/Lu2O3
107,5,False,173,Ni/ThO2
107,5,False,174,Fe/ThO2
107,5,False,175,Cr/ThO2
107,5,False,176,Ag/CdO
36,6,False,1,Cu/MgO
36,6,False,2,Ag/MgO
36,6,False,3,Au/MgO
36,6,False,7,Ni/MgO
36,6,False,13,Rh/MgO
36,6,False,14,Ir/MgO
36,6,False,24,Si/TiO2
36,6,False,33,Pd/Al2O3
36,6,False,40,Si/Al2O3
36,6,False,50,Pt/CaO
36,6,False,53,Rh/CaO
36,6,False,63,V/BeO
36,6,False,66,Sn/UO2
36,6,False,68,Al/UO2
36,6,False,72,Ag/ZrO2
36,6,False,81,Si/ZrO2
36,6,False,89,Fe/Cr2O3
36,6,False,93,Al/CoO
36,6,False,94,Co/CoO
36,6,False,98,Ni/NiO
36,6,False,100,Pb/SiO2
36,6,False,107,Ga/SiO2
36,6,False,109,Si/SiO2
36,6,False,111,Co/SiO2
36,6,False,113,Sb/SiO2
36,6,False,123,Cu/Y2O3
36,6,False,134,Cu/Gd2O3
36,6,False,139,Cu/Tb2O3
36,6,False,141,Au/Tb2O3
36,6,False,150,Ag/Ho2O3
36,6,False,157,Ag/Er2O3
36,6,False,163,Cu/Tm2O3
36,6,False,165,Au/Tm2O3
36,6,False,169,Ag/Lu2O3
36,6,False,170,Au/Lu2O3
36,6,False,176,Ag/CdO
71,6,False,1,Cu/MgO
71,6,False,2,Ag/MgO
71,6,False,3,Au/MgO
71,6,False,5,Pd/MgO
71,6,False,6,Pt/MgO
71,6,False,7,Ni/MgO
71,6,False,8,Al/MgO
71,6,False,10,Fe/MgO
71,6,False,13,Rh/MgO
71,6,False,14,Ir/MgO
71,6,False,16,Sn/Fe3O4
71,6,False,18,Ag/TiO2
71,6,False,24,Si/TiO2
71,6,False,25,Fe/TiO2
71,6,False,27,Pb/Al2O3
71,6,False,31,Sn/Al2O3
71,6,False,33,Pd/Al2O3
71,6,False,34,Pt/Al2O3
71,6,False,36,In/Al2O3
71,6,False,37,Ga/Al2O3
71,6,False,40,Si/Al2O3
71,6,False,42,Co/Al2O3
71,6,False,46,Zn/Al2O3
71,6,False,50,Pt/CaO
71,6,False,53,Rh/CaO
71,6,False,54,Pb/BeO
71,6,False,56,Sn/BeO
71,6,False,63,V/BeO
71,6,False,66,Sn/UO2
71,6,False,68,Al/UO2
71,6,False,71,Cu/ZrO2
71,6,False,72,Ag/ZrO2
71,6,False,77,Pt/ZrO2
71,6,False,80,Al/ZrO2
71,6,False,81,Si/ZrO2
71,6,False,84,Bi/ZrO2
71,6,False,85,Mg/ZrO2
71,6,False,86,V/ZrO2
71,6,False,89,Fe/Cr2O3
71,6,False,90,Au/CoO
71,6,False,93,Al/CoO
71,6,False,94,Co/CoO
71,6,False,96,Ag/NiO
71,6,False,97,Sn/NiO
71,6,False,98,Ni/NiO
71,6,False,100,Pb/SiO2
71,6,False,103,Au/SiO2
71,6,False,104,Sn/SiO2
71,6,False,107,Ga/SiO2
71,6,False,109,Si/SiO2
71,6,False,111,Co/SiO2
71,6,False,113,Sb/SiO2
71,6,False,114,Cu/Ti2O3
71,6,False,123,Cu/Y2O3
71,6,False,126,Sn/Y2O3
71,6,False,134,Cu/Gd2O3
71,6,False,139,Cu/Tb2O3
71,6,False,141,Au/Tb2O3
71,6,False,147,Sn/Dy2O3
71,6,False,150,Ag/Ho2O3
71,6,False,157,Ag/Er2O3
71,6,False,160,Ge/Er2O3
71,6,False,163,Cu/Tm2O3
71,6,False,165,Au/Tm2O3
71,6,False,166,Sn/Tm2O3
71,6,False,169,Ag/Lu2O3
71,6,False,170,Au/Lu2O3
71,6,False,172,Ge/Lu2O3
71,6,False,173,Ni/ThO2
71,6,False,174,Fe/ThO2
71,6,False,176,Ag/CdO
107,6,False,1,Cu/MgO
107,6,False,2,Ag/MgO
107,6,False,3,Au/MgO
107,6,False,5,Pd/MgO
107,6,False,6,Pt/MgO
107,6,False,7,Ni/MgO
107,6,False,8,Al/MgO
107,6,False,10,Fe/MgO
107,6,False,11,Bi/MgO
107,6,False,13,Rh/MgO
107,6,False,14,Ir/MgO
107,6,False,16,Sn/Fe3O4
107,6,False,18,Ag/TiO2
107,6,False,19,Au/TiO2
107,6,False,20,Sn/TiO2
107,6,False,23,Al/TiO2
107,6,False,24,Si/TiO2
107,6,False,25,Fe/TiO2
107,6,False,27,Pb/Al2O3
107,6,False,28,Cu/Al2O3
107,6,False,31,Sn/Al2O3
107,6,False,33,Pd/Al2O3
107,6,False,34,Pt/Al2O3
107,6,False,36,In/Al2O3
107,6,False,37,Ga/Al2O3
107,6,False,38,Al/Al2O3
107,6,False,39,Mn/Al2O3
107,6,False,40,Si/Al2O3
107,6,False,41,Fe/Al2O3
107,6,False,42,Co/Al2O3
107,6,False,46,Zn/Al2O3
107,6,False,48,Sn/CaO
107,6,False,50,Pt/CaO
107,6,False,51,Ni/CaO
107,6,False,52,Fe/CaO
107,6,False,53,Rh/CaO
107,6,False,54,Pb/BeO
107,6,False,55,Ag/BeO
107,6,False,56,Sn/BeO
107,6,False,59,Ni/BeO
107,6,False,60,Si/BeO
107,6,False,63,V/BeO
107,6,False,64,Rh/BeO
107,6,False,65,Cu/UO2
107,6,False,66,Sn/UO2
107,6,False,68,Al/UO2
107,6,False,70,Pb/ZrO2
107,6,False,71,Cu/ZrO2
107,6,False,72,Ag/ZrO2
107,6,False,73,Au/ZrO2
107,6,False,77,Pt/ZrO2
107,6,False,78,Ni/ZrO2
107,6,False,80,Al/ZrO2
107,6,False,81,Si/ZrO2
107,6,False,84,Bi/ZrO2
107,6,False,85,Mg/ZrO2
107,6,False,86,V/ZrO2
107,6,False,89,Fe/Cr2O3
107,6,False,90,Au/CoO
107,6,False,92,Ni/CoO
107,6,False,93,Al/CoO
107,6,False,94,Co/CoO
107,6,False,95,Cu/NiO
107,6,False,96,Ag/NiO
107,6,False,97,Sn/NiO
107,6,False,98,Ni/NiO
107,6,False,99,Al/NiO
107,6,False,100,Pb/SiO2
107,6,False,103,Au/SiO2
107,6,False,104,Sn/SiO2
107,6,False,105,Ni/SiO2
107,6,False,106,In/SiO2
107,6,False,107,Ga/SiO2
107,6,False,109,Si/SiO2
107,6,False,110,Fe/SiO2
107,6,False,111,Co/SiO2
107,6,False,113,Sb/SiO2
107,6,False,114,Cu/Ti2O3
107,6,False,123,Cu/Y2O3
107,6,False,124,Ag/Y2O3
107,6,False,126,Sn/Y2O3
107,6,False,127,Ge/Y2O3
107,6,False,128,Ga/Y2O3
107,6,False,129,Al/Y2O3
107,6,False,133,Al/ZnO
107,6,False,134,Cu/Gd2O3
107,6,False,139,Cu/Tb2O3
107,6,False,141,Au/Tb2O3
107,6,False,144,Cu/Dy2O3
107,6,False,145,Ag/Dy2O3
107,6,False,146,Au/Dy2O3
107,6,False,147,Sn/Dy2O3
107,6,False,150,Ag/Ho2O3
107,6,False,157,Ag/Er2O3
107,6,False,158,Au/Er2O3
107,6,False,160,Ge/Er2O3
107,6,False,162,Al/Er2O3
107,6,False,163,Cu/Tm2O3
107,6,False,165,Au/Tm2O3
107,6,False,166,Sn/Tm2O3
107,6,False,168,Cu/Lu2O3
107,6,False,169,Ag/Lu2O3
107,6,False,170,Au/Lu2O3
107,6,False,172,Ge/Lu2O3
107,6,False,173,Ni/ThO2
107,6,False,174,Fe/ThO2
107,6,False,176,Ag/CdO
36,7,False,2,Ag/MgO
36,7,False,6,Pt/MgO
36,7,False,7,Ni/MgO
36,7,False,26,Mg/TiO2
36,7,False,28,Cu/Al2O3
36,7,False,31,Sn/Al2O3
36,7,False,38,Al/Al2O3
36,7,False,41,Fe/Al2O3
36,7,False,51,Ni/CaO
36,7,False,55,Ag/BeO
36,7,False,57,Pd/BeO
36,7,False,60,Si/BeO
36,7,False,66,Sn/UO2
36,7,False,68,Al/UO2
36,7,False,70,Pb/ZrO2
36,7,False,76,Pd/ZrO2
36,7,False,79,In/ZrO2
36,7,False,80,Al/ZrO2
36,7,False,84,Bi/ZrO2
36,7,False,96,Ag/NiO
36,7,False,104,Sn/SiO2
36,7,False,105,Ni/SiO2
36,7,False,110,Fe/SiO2
36,7,False,112,Mg/SiO2
36,7,False,119,Ag/Yb2O3
36,7,False,123,Cu/Y2O3
36,7,False,124,Ag/Y2O3
36,7,False,125,Au/Y2O3
36,7,False,128,Ga/Y2O3
36,7,False,133,Al/ZnO
36,7,False,134,Cu/Gd2O3
36,7,False,141,Au/Tb2O3
36,7,False,144,Cu/Dy2O3
36,7,False,150,Ag/Ho2O3
36,7,False,155,Al/Ho2O3
36,7,False,172,Ge/Lu2O3
71,7,False,1,Cu/MgO
71,7,False,2,Ag/MgO
71,7,False,3,Au/MgO
71,7,False,6,Pt/MgO
71,7,False,7,Ni/MgO
71,7,False,10,Fe/MgO
71,7,False,12,Mg/MgO
71,7,False,13,Rh/MgO
71,7,False,15,Cu/Fe3O4
71,7,False,16,Sn/Fe3O4
71,7,False,25,Fe/TiO2
71,7,False,26,Mg/TiO2
71,7,False,28,Cu/Al2O3
71,7,False,31,Sn/Al2O3
71,7,False,34,Pt/Al2O3
71,7,False,38,Al/Al2O3
71,7,False,41,Fe/Al2O3
71,7,False,43,Ti/Al2O3
71,7,False,49,Pd/CaO
71,7,False,51,Ni/CaO
71,7,False,55,Ag/BeO
71,7,False,57,Pd/BeO
71,7,False,59,Ni/BeO
71,7,False,60,Si/BeO
71,7,False,61,Fe/BeO
71,7,False,64,Rh/BeO
71,7,False,65,Cu/UO2
71,7,False,66,Sn/UO2
71,7,False,68,Al/UO2
71,7,False,70,Pb/ZrO2
71,7,False,76,Pd/ZrO2
71,7,False,79,In/ZrO2
71,7,False,80,Al/ZrO2
71,7,False,84,Bi/ZrO2
71,7,False,86,V/ZrO2
71,7,False,87,Rh/ZrO2
71,7,False,93,Al/CoO
71,7,False,94,Co/CoO
71,7,False,96,Ag/NiO
71,7,False,97,Sn/NiO
71,7,False,98,Ni/NiO
71,7,False,103,Au/SiO2
71,7,False,104,Sn/SiO2
71,7,False,105,Ni/SiO2
71,7,False,106,In/SiO2
71,7,False,107,Ga/SiO2
71,7,False,108,Al/SiO2
71,7,False,110,Fe/SiO2
71,7,False,112,Mg/SiO2
71,7,False,113,Sb/SiO2
71,7,False,115,Au/Ti2O3
71,7,False,119,Ag/Yb2O3
71,7,False,120,Au/Yb2O3
71,7,False,123,Cu/Y2O3
71,7,False,124,Ag/Y2O3
71,7,False,125,Au/Y2O3
71,7,False,128,Ga/Y2O3
71,7,False,133,Al/ZnO
71,7,False,134,Cu/Gd2O3
71,7,False,135,Ag/Gd2O3
71,7,False,141,Au/Tb2O3
71,7,False,144,Cu/Dy2O3
71,7,False,145,Ag/Dy2O3
71,7,False,150,Ag/Ho2O3
71,7,False,152,Sn/Ho2O3
71,7,False,155,Al/Ho2O3
71,7,False,159,Sn/Er2O3
71,7,False,160,Ge/Er2O3
71,7,False,169,Ag/Lu2O3
71,7,False,172,Ge/Lu2O3
71,7,False,175,Cr/ThO2
107,7,False,0,Pb/MgO
107,7,False,1,Cu/MgO
107,7,False,2,Ag/MgO
107,7,False,3,Au/MgO
107,7,False,5,Pd/MgO
107,7,False,6,Pt/MgO
107,7,False,7,Ni/MgO
107,7,False,8,Al/MgO
107,7,False,10,Fe/MgO
107,7,False,11,Bi/MgO
107,7,False,12,Mg/MgO
107,7,False,13,Rh/MgO
107,7,False,15,Cu/Fe3O4
107,7,False,16,Sn/Fe3O4
107,7,False,20,Sn/TiO2
107,7,False,21,Ge/TiO2
107,7,False,23,Al/TiO2
107,7,False,25,Fe/TiO2
107,7,False,26,Mg/TiO2
107,7,False,28,Cu/Al2O3
107,7,False,31,Sn/Al2O3
107,7,False,34,Pt/Al2O3
107,7,False,36,In/Al2O3
107,7,False,37,Ga/Al2O3
107,7,False,38,Al/Al2O3
107,7,False,39,Mn/Al2O3
107,7,False,41,Fe/Al2O3
107,7,False,43,Ti/Al2O3
107,7,False,47,Ag/CaO
107,7,False,49,Pd/CaO
107,7,False,50,Pt/CaO
107,7,False,51,Ni/CaO
107,7,False,52,Fe/CaO
107,7,False,54,Pb/BeO
107,7,False,55,Ag/BeO
107,7,False,57,Pd/BeO
107,7,False,59,Ni/BeO
107,7,False,60,Si/BeO
107,7,False,61,Fe/BeO
107,7,False,62,Cr/BeO
107,7,False,63,V/BeO
107,7,False,64,Rh/BeO
107,7,False,65,Cu/UO2
107,7,False,66,Sn/UO2
107,7,False,68,Al/UO2
107,7,False,70,Pb/ZrO2
107,7,False,76,Pd/ZrO2
107,7,False,77,Pt/ZrO2
107,7,False,78,Ni/ZrO2
107,7,False,79,In/ZrO2
107,7,False,80,Al/ZrO2
107,7,False,81,Si/ZrO2
107,7,False,84,Bi/ZrO2
107,7,False,86,V/ZrO2
107,7,False,87,Rh/ZrO2
107,7,False,90,Au/CoO
107,7,False,92,Ni/CoO
107,7,False,93,Al/CoO
107,7,False,94,Co/CoO
107,7,False,95,Cu/NiO
107,7,False,96,Ag/NiO
107,7,False,97,Sn/NiO
107,7,False,98,Ni/NiO
107,7,False,99,Al/NiO
107,7,False,101,Cu/SiO2
107,7,False,103,Au/SiO2
107,7,False,104,Sn/SiO2
107,7,False,105,Ni/SiO2
107,7,False,106,In/SiO2
107,7,False,107,Ga/SiO2
107,7,False,108,Al/SiO2
107,7,False,110,Fe/SiO2
107,7,False,112,Mg/SiO2
107,7,False,113,Sb/SiO2
107,7,False,114,Cu/Ti2O3
107,7,False,115,Au/Ti2O3
107,7,False,119,Ag/Yb2O3
107,7,False,120,Au/Yb2O3
107,7,False,123,Cu/Y2O3
107,7,False,124,Ag/Y2O3
107,7,False,125,Au/Y2O3
107,7,False,126,Sn/Y2O3
107,7,False,128,Ga/Y2O3
107,7,False,129,Al/Y2O3
107,7,False,133,Al/ZnO
107,7,False,134,Cu/Gd2O3
107,7,False,135,Ag/Gd2O3
107,7,False,140,Ag/Tb2O3
107,7,False,141,Au/Tb2O3
107,7,False,143,Ge/Tb2O3
107,7,False,144,Cu/Dy2O3
107,7,False,145,Ag/Dy2O3
107,7,False,146,Au/Dy2O3
107,7,False,147,Sn/Dy2O3
107,7,False,150,Ag/Ho2O3
107,7,False,152,Sn/Ho2O3
107,7,False,153,Ge/Ho2O3
107,7,False,155,Al/Ho2O3
107,7,False,157,Ag/Er2O3
107,7,False,158,Au/Er2O3
107,7,False,159,Sn/Er2O3
107,7,False,160,Ge/Er2O3
107,7,False,163,Cu/Tm2O3
107,7,False,169,Ag/Lu2O3
107,7,False,172,Ge/Lu2O3
107,7,False,175,Cr/ThO2
107,7,False,176,Ag/CdO
36,8,False,7,Ni/MgO
36,8,False,11,Bi/MgO
36,8,False,13,Rh/MgO
36,8,False,19,Au/TiO2
36,8,False,21,Ge/TiO2
36,8,False,29,Ag/Al2O3
36,8,False,37,Ga/Al2O3
36,8,False,38,Al/Al2O3
36,8,False,39,Mn/Al2O3
36,8,False,42,Co/Al2O3
36,8,False,48,Sn/CaO
36,8,False,53,Rh/CaO
36,8,False,54,Pb/BeO
36,8,False,57,Pd/BeO
36,8,False,59,Ni/BeO
36,8,False,60,Si/BeO
36,8,False,85,Mg/ZrO2
36,8,False,87,Rh/ZrO2
36,8,False,92,Ni/CoO
36,8,False,93,Al/CoO
36,8,False,99,Al/NiO
36,8,False,100,Pb/SiO2
36,8,False,108,Al/SiO2
36,8,False,109,Si/SiO2
36,8,False,118,Cu/Yb2O3
36,8,False,119,Ag/Yb2O3
36,8,False,120,Au/Yb2O3
36,8,False,128,Ga/Y2O3
36,8,False,133,Al/ZnO
36,8,False,134,Cu/Gd2O3
36,8,False,141,Au/Tb2O3
36,8,False,158,Au/Er2O3
36,8,False,159,Sn/Er2O3
36,8,False,165,Au/Tm2O3
36,8,False,169,Ag/Lu2O3
36,8,False,174,Fe/ThO2
71,8,False,0,Pb/MgO
71,8,False,3,Au/MgO
71,8,False,5,Pd/MgO
71,8,False,7,Ni/MgO
71,8,False,8,Al/MgO
71,8,False,11,Bi/MgO
71,8,False,13,Rh/MgO
71,8,False,14,Ir/MgO
71,8,False,19,Au/TiO2
71,8,False,21,Ge/TiO2
71,8,False,23,Al/TiO2
71,8,False,24,Si/TiO2
71,8,False,28,Cu/Al2O3
71,8,False,29,Ag/Al2O3
71,8,False,36,In/Al2O3
71,8,False,37,Ga/Al2O3
71,8,False,38,Al/Al2O3
71,8,False,39,Mn/Al2O3
71,8,False,40,Si/Al2O3
71,8,False,42,Co/Al2O3
71,8,False,48,Sn/CaO
71,8,False,53,Rh/CaO
71,8,False,54,Pb/BeO
71,8,False,56,Sn/BeO
71,8,False,57,Pd/BeO
71,8,False,59,Ni/BeO
71,8,False,60,Si/BeO
71,8,False,61,Fe/BeO
71,8,False,62,Cr/BeO
71,8,False,73,Au/ZrO2
71,8,False,76,Pd/ZrO2
71,8,False,83,Co/ZrO2
71,8,False,84,Bi/ZrO2
71,8,False,85,Mg/ZrO2
71,8,False,87,Rh/ZrO2
71,8,False,92,Ni/CoO
71,8,False,93,Al/CoO
71,8,False,94,Co/CoO
71,8,False,96,Ag/NiO
71,8,False,99,Al/NiO
71,8,False,100,Pb/SiO2
71,8,False,104,Sn/SiO2
71,8,False,105,Ni/SiO2
71,8,False,108,Al/SiO2
71,8,False,109,Si/SiO2
71,8,False,115,Au/Ti2O3
71,8,False,118,Cu/Yb2O3
71,8,False,119,Ag/Yb2O3
71,8,False,120,Au/Yb2O3
71,8,False,123,Cu/Y2O3
71,8,False,125,Au/Y2O3
71,8,False,126,Sn/Y2O3
71,8,False,128,Ga/Y2O3
71,8,False,133,Al/ZnO
71,8,False,134,Cu/Gd2O3
71,8,False,139,Cu/Tb2O3
71,8,False,140,Ag/Tb2O3
71,8,False,141,Au/Tb2O3
71,8,False,145,Ag/Dy2O3
71,8,False,147,Sn/Dy2O3
71,8,False,153,Ge/Ho2O3
71,8,False,155,Al/Ho2O3
71,8,False,157,Ag/Er2O3
71,8,False,158,Au/Er2O3
71,8,False,159,Sn/Er2O3
71,8,False,161,Ga/Er2O3
71,8,False,165,Au/Tm2O3
71,8,False,166,Sn/Tm2O3
71,8,False,169,Ag/Lu2O3
71,8,False,174,Fe/ThO2
71,8,False,176,Ag/CdO
107,8,False,0,Pb/MgO
107,8,False,2,Ag/MgO
107,8,False,3,Au/MgO
107,8,False,5,Pd/MgO
107,8,False,6,Pt/MgO
107,8,False,7,Ni/MgO
107,8,False,8,Al/MgO
107,8,False,11,Bi/MgO
107,8,False,13,Rh/MgO
107,8,False,14,Ir/MgO
107,8,False,16,Sn/Fe3O4
107,8,False,19,Au/TiO2
107,8,False,21,Ge/TiO2
107,8,False,23,Al/TiO2
107,8,False,24,Si/TiO2
107,8,False,25,Fe/TiO2
107,8,False,27,Pb/Al2O3
107,8,False,28,Cu/Al2O3
107,8,False,29,Ag/Al2O3
107,8,False,31,Sn/Al2O3
107,8,False,36,In/Al2O3
107,8,False,37,Ga/Al2O3
107,8,False,38,Al/Al2O3
107,8,False,39,Mn/Al2O3
107,8,False,40,Si/Al2O3
107,8,False,41,Fe/Al2O3
107,8,False,42,Co/Al2O3
107,8,False,43,Ti/Al2O3
107,8,False,46,Zn/Al2O3
107,8,False,48,Sn/CaO
107,8,False,51,Ni/CaO
107,8,False,52,Fe/CaO
107,8,False,53,Rh/CaO
107,8,False,54,Pb/BeO
107,8,False,56,Sn/BeO
107,8,False,57,Pd/BeO
107,8,False,59,Ni/BeO
107,8,False,60,Si/BeO
107,8,False,61,Fe/BeO
107,8,False,62,Cr/BeO
107,8,False,65,Cu/UO2
107,8,False,68,Al/UO2
107,8,False,71,Cu/ZrO2
107,8,False,72,Ag/ZrO2
107,8,False,73,Au/ZrO2
107,8,False,76,Pd/ZrO2
107,8,False,77,Pt/ZrO2
107,8,False,81,Si/ZrO2
107,8,False,83,Co/ZrO2
107,8,False,84,Bi/ZrO2
107,8,False,85,Mg/ZrO2
107,8,False,86,V/ZrO2
107,8,False,87,Rh/ZrO2
107,8,False,90,Au/CoO
107,8,False,91,Sn/CoO
107,8,False,92,Ni/CoO
107,8,False,93,Al/CoO
107,8,False,94,Co/CoO
107,8,False,96,Ag/NiO
107,8,False,97,Sn/NiO
107,8,False,99,Al/NiO
107,8,False,100,Pb/SiO2
107,8,False,103,Au/SiO2
107,8,False,104,Sn/SiO2
107,8,False,105,Ni/SiO2
107,8,False,106,In/SiO2
107,8,False,107,Ga/SiO2
107,8,False,108,Al/SiO2
107,8,False,109,Si/SiO2
107,8,False,110,Fe/SiO2
107,8,False,111,Co/SiO2
107,8,False,113,Sb/SiO2
107,8,False,114,Cu/Ti2O3
107,8,False,115,Au/Ti2O3
107,8,False,118,Cu/Yb2O3
107,8,False,119,Ag/Yb2O3
107,8,False,120,Au/Yb2O3
107,8,False,123,Cu/Y2O3
107,8,False,125,Au/Y2O3
107,8,False,126,Sn/Y2O3
107,8,False,127,Ge/Y2O3
107,8,False,128,Ga/Y2O3
107,8,False,129,Al/Y2O3
107,8,False,133,Al/ZnO
107,8,False,134,Cu/Gd2O3
107,8,False,139,Cu/Tb2O3
107,8,False,140,Ag/Tb2O3
107,8,False,141,Au/Tb2O3
107,8,False,143,Ge/Tb2O3
107,8,False,144,Cu/Dy2O3
107,8,False,145,Ag/Dy2O3
107,8,False,147,Sn/Dy2O3
107,8,False,152,Sn/Ho2O3
107,8,False,153,Ge/Ho2O3
107,8,False,155,Al/Ho2O3
107,8,False,157,Ag/Er2O3
107,8,False,158,Au/Er2O3
107,8,False,159,Sn/Er2O3
107,8,False,161,Ga/Er2O3
107,8,False,163,Cu/Tm2O3
107,8,False,165,Au/Tm2O3
107,8,False,166,Sn/Tm2O3
107,8,False,169,Ag/Lu2O3
107,8,False,173,Ni/ThO2
107,8,False,174,Fe/ThO2
107,8,False,175,Cr/ThO2
107,8,False,176,Ag/CdO
36,9,False,2,Ag/MgO
36,9,False,3,Au/MgO
36,9,False,12,Mg/MgO
36,9,False,18,Ag/TiO2
36,9,False,26,Mg/TiO2
36,9,False,28,Cu/Al2O3
36,9,False,29,Ag/Al2O3
36,9,False,31,Sn/Al2O3
36,9,False,34,Pt/Al2O3
36,9,False,37,Ga/Al2O3
36,9,False,42,Co/Al2O3
36,9,False,49,Pd/CaO
36,9,False,65,Cu/UO2
36,9,False,70,Pb/ZrO2
36,9,False,71,Cu/ZrO2
36,9,False,73,Au/ZrO2
36,9,False,76,Pd/ZrO2
36,9,False,79,In/ZrO2
36,9,False,89,Fe/Cr2O3
36,9,False,95,Cu/NiO
36,9,False,97,Sn/NiO
36,9,False,100,Pb/SiO2
36,9,False,104,Sn/SiO2
36,9,False,107,Ga/SiO2
36,9,False,108,Al/SiO2
36,9,False,112,Mg/SiO2
36,9,False,127,Ge/Y2O3
36,9,False,129,Al/Y2O3
36,9,False,133,Al/ZnO
36,9,False,140,Ag/Tb2O3
36,9,False,144,Cu/Dy2O3
36,9,False,152,Sn/Ho2O3
36,9,False,153,Ge/Ho2O3
36,9,False,159,Sn/Er2O3
36,9,False,162,Al/Er2O3
36,9,False,176,Ag/CdO
71,9,False,2,Ag/MgO
71,9,False,3,Au/MgO
71,9,False,8,Al/MgO
71,9,False,12,Mg/MgO
71,9,False,13,Rh/MgO
71,9,False,15,Cu/Fe3O4
71,9,False,18,Ag/TiO2
71,9,False,19,Au/TiO2
71,9,False,20,Sn/TiO2
71,9,False,25,Fe/TiO2
71,9,False,26,Mg/TiO2
71,9,False,28,Cu/Al2O3
71,9,False,29,Ag/Al2O3
71,9,False,31,Sn/Al2O3
71,9,False,33,Pd/Al2O3
71,9,False,34,Pt/Al2O3
71,9,False,36,In/Al2O3
71,9,False,37,Ga/Al2O3
71,9,False,38,Al/Al2O3
71,9,False,40,Si/Al2O3
71,9,False,42,Co/Al2O3
71,9,False,47,Ag/CaO
71,9,False,49,Pd/CaO
71,9,False,52,Fe/CaO
71,9,False,53,Rh/CaO
71,9,False,56,Sn/BeO
71,9,False,61,Fe/BeO
71,9,False,63,V/BeO
71,9,False,64,Rh/BeO
71,9,False,65,Cu/UO2
71,9,False,70,Pb/ZrO2
71,9,False,71,Cu/ZrO2
71,9,False,73,Au/ZrO2
71,9,False,76,Pd/ZrO2
71,9,False,78,Ni/ZrO2
71,9,False,79,In/ZrO2
71,9,False,83,Co/ZrO2
71,9,False,89,Fe/Cr2O3
71,9,False,90,Au/CoO
71,9,False,92,Ni/CoO
71,9,False,95,Cu/NiO
71,9,False,96,Ag/NiO
71,9,False,97,Sn/NiO
71,9,False,98,Ni/NiO
71,9,False,100,Pb/SiO2
71,9,False,101,Cu/SiO2
71,9,False,104,Sn/SiO2
71,9,False,105,Ni/SiO2
71,9,False,107,Ga/SiO2
71,9,False,108,Al/SiO2
71,9,False,112,Mg/SiO2
71,9,False,113,Sb/SiO2
71,9,False,118,Cu/Yb2O3
71,9,False,120,Au/Yb2O3
71,9,False,127,Ge/Y2O3
71,9,False,129,Al/Y2O3
71,9,False,133,Al/ZnO
71,9,False,140,Ag/Tb2O3
71,9,False,143,Ge/Tb2O3
71,9,False,144,Cu/Dy2O3
71,9,False,152,Sn/Ho2O3
71,9,False,153,Ge/Ho2O3
71,9,False,159,Sn/Er2O3
71,9,False,160,Ge/Er2O3
71,9,False,162,Al/Er2O3
71,9,False,168,Cu/Lu2O3
71,9,False,169,Ag/Lu2O3
71,9,False,170,Au/Lu2O3
71,9,False,173,Ni/ThO2
71,9,False,174,Fe/ThO2
71,9,False,176,Ag/CdO
107,9,False,0,Pb/MgO
107,9,False,2,Ag/MgO
107,9,False,3,Au/MgO
107,9,False,5,Pd/MgO
107,9,False,6,Pt/MgO
107,9,False,7,Ni/MgO
107,9,False,8,Al/MgO
107,9,False,10,Fe/MgO
107,9,False,12,Mg/MgO
107,9,False,13,Rh/MgO
107,9,False,14,Ir/MgO
107,9,False,15,Cu/Fe3O4
107,9,False,18,Ag/TiO2
107,9,False,19,Au/TiO2
107,9,False,20,Sn/TiO2
107,9,False,23,Al/TiO2
107,9,False,25,Fe/TiO2
107,9,False,26,Mg/TiO2
107,9,False,28,Cu/Al2O3
107,9,False,29,Ag/Al2O3
107,9,False,31,Sn/Al2O3
107,9,False,33,Pd/Al2O3
107,9,False,34,Pt/Al2O3
107,9,False,36,In/Al2O3
107,9,False,37,Ga/Al2O3
107,9,False,38,Al/Al2O3
107,9,False,39,Mn/Al2O3
107,9,False,40,Si/Al2O3
107,9,False,41,Fe/Al2O3
107,9,False,42,Co/Al2O3
107,9,False,43,Ti/Al2O3
107,9,False,47,Ag/CaO
107,9,False,48,Sn/CaO
107,9,False,49,Pd/CaO
107,9,False,50,Pt/CaO
107,9,False,52,Fe/CaO
107,9,False,53,Rh/CaO
107,9,False,54,Pb/BeO
107,9,False,55,Ag/BeO
107,9,False,56,Sn/BeO
107,9,False,57,Pd/BeO
107,9,False,61,Fe/BeO
107,9,False,63,V/BeO
107,9,False,64,Rh/BeO
107,9,False,65,Cu/UO2
107,9,False,70,Pb/ZrO2
107,9,False,71,Cu/ZrO2
107,9,False,73,Au/ZrO2
107,9,False,76,Pd/ZrO2
107,9,False,78,Ni/ZrO2
107,9,False,79,In/ZrO2
107,9,False,81,Si/ZrO2
107,9,False,83,Co/ZrO2
107,9,False,84,Bi/ZrO2
107,9,False,86,V/ZrO2
107,9,False,87,Rh/ZrO2
107,9,False,89,Fe/Cr2O3
107,9,False,90,Au/CoO
107,9,False,92,Ni/CoO
107,9,False,94,Co/CoO
107,9,False,95,Cu/NiO
107,9,False,96,Ag/NiO
107,9,False,97,Sn/NiO
107,9,False,98,Ni/NiO
107,9,False,99,Al/NiO
107,9,False,100,Pb/SiO2
107,9,False,101,Cu/SiO2
107,9,False,103,Au/SiO2
107,9,False,104,Sn/SiO2
107,9,False,105,Ni/SiO2
107,9,False,107,Ga/SiO2
107,9,False,108,Al/SiO2
107,9,False,112,Mg/SiO2
107,9,False,113,Sb/SiO2
107,9,False,114,Cu/Ti2O3
107,9,False,115,Au/Ti2O3
107,9,False,118,Cu/Yb2O3
107,9,False,120,Au/Yb2O3
107,9,False,123,Cu/Y2O3
107,9,False,125,Au/Y2O3
107,9,False,127,Ge/Y2O3
107,9,False,128,Ga/Y2O3
107,9,False,129,Al/Y2O3
107,9,False,131,Ag/ZnO
107,9,False,133,Al/ZnO
107,9,False,134,Cu/Gd2O3
107,9,False,140,Ag/Tb2O3
107,9,False,141,Au/Tb2O3
107,9,False,143,Ge/Tb2O3
107,9,False,144,Cu/Dy2O3
107,9,False,145,Ag/Dy2O3
107,9,False,146,Au/Dy2O3
107,9,False,147,Sn/Dy2O3
107,9,False,152,Sn/Ho2O3
107,9,False,153,Ge/Ho2O3
107,9,False,158,Au/Er2O3
107,9,False,159,Sn/Er2O3
107,9,False,160,Ge/Er2O3
107,9,False,162,Al/Er2O3
107,9,False,163,Cu/Tm2O3
107,9,False,168,Cu/Lu2O3
107,9,False,169,Ag/Lu2O3
107,9,False,170,Au/Lu2O3
107,9,False,172,Ge/Lu2O3
107,9,False,173,Ni/ThO2
107,9,False,174,Fe/ThO2
107,9,False,176,Ag/CdO
36,10,False,6,Pt/MgO
36,10,False,12,Mg/MgO
36,10,False,24,Si/TiO2
36,10,False,31,Sn/Al2O3
36,10,False,33,Pd/Al2O3
36,10,False,36,In/Al2O3
36,10,False,39,Mn/Al2O3
36,10,False,40,Si/Al2O3
36,10,False,47,Ag/CaO
36,10,False,52,Fe/CaO
36,10,False,60,Si/BeO
36,10,False,61,Fe/BeO
36,10,False,62,Cr/BeO
36,10,False,64,Rh/BeO
36,10,False,65,Cu/UO2
36,10,False,71,Cu/ZrO2
36,10,False,72,Ag/ZrO2
36,10,False,76,Pd/ZrO2
36,10,False,77,Pt/ZrO2
36,10,False,83,Co/ZrO2
36,10,False,84,Bi/ZrO2
36,10,False,90,Au/CoO
36,10,False,93,Al/CoO
36,10,False,97,Sn/NiO
36,10,False,110,Fe/SiO2
36,10,False,111,Co/SiO2
36,10,False,124,Ag/Y2O3
36,10,False,126,Sn/Y2O3
36,10,False,131,Ag/ZnO
36,10,False,133,Al/ZnO
36,10,False,134,Cu/Gd2O3
36,10,False,143,Ge/Tb2O3
36,10,False,168,Cu/Lu2O3
36,10,False,169,Ag/Lu2O3
36,10,False,172,Ge/Lu2O3
36,10,False,174,Fe/ThO2
71,10,False,1,Cu/MgO
71,10,False,5,Pd/MgO
71,10,False,6,Pt/MgO
71,10,False,11,Bi/MgO
71,10,False,12,Mg/MgO
71,10,False,18,Ag/TiO2
71,10,False,19,Au/TiO2
71,10,False,24,Si/TiO2
71,10,False,31,Sn/Al2O3
71,10,False,33,Pd/Al2O3
71,10,False,34,Pt/Al2O3
71,10,False,36,In/Al2O3
71,10,False,37,Ga/Al2O3
71,10,False,39,Mn/Al2O3
71,10,False,40,Si/Al2O3
71,10,False,42,Co/Al2O3
71,10,False,47,Ag/CaO
71,10,False,49,Pd/CaO
71,10,False,52,Fe/CaO
71,10,False,55,Ag/BeO
71,10,False,56,Sn/BeO
71,10,False,60,Si/BeO
71,10,False,61,Fe/BeO
71,10,False,62,Cr/BeO
71,10,False,63,V/BeO
71,10,False,64,Rh/BeO
71,10,False,65,Cu/UO2
71,10,False,71,Cu/ZrO2
71,10,False,72,Ag/ZrO2
71,10,False,76,Pd/ZrO2
71,10,False,77,Pt/ZrO2
71,10,False,80,Al/ZrO2
71,10,False,83,Co/ZrO2
71,10,False,84,Bi/ZrO2
71,10,False,85,Mg/ZrO2
71,10,False,89,Fe/Cr2O3
71,10,False,90,Au/CoO
71,10,False,91,Sn/CoO
71,10,False,92,Ni/CoO
71,10,False,93,Al/CoO
71,10,False,94,Co/CoO
71,10,False,97,Sn/NiO
71,10,False,103,Au/SiO2
71,10,False,105,Ni/SiO2
71,10,False,106,In/SiO2
71,10,False,108,Al/SiO2
71,10,False,110,Fe/SiO2
71,10,False,111,Co/SiO2
71,10,False,112,Mg/SiO2
71,10,False,119,Ag/Yb2O3
71,10,False,124,Ag/Y2O3
71,10,False,125,Au/Y2O3
71,10,False,126,Sn/Y2O3
71,10,False,127,Ge/Y2O3
71,10,False,129,Al/Y2O3
71,10,False,131,Ag/ZnO
71,10,False,133,Al/ZnO
71,10,False,134,Cu/Gd2O3
71,10,False,139,Cu/Tb2O3
71,10,False,141,Au/Tb2O3
71,10,False,143,Ge/Tb2O3
71,10,False,153,Ge/Ho2O3
71,10,False,157,Ag/Er2O3
71,10,False,158,Au/Er2O3
71,10,False,160,Ge/Er2O3
71,10,False,168,Cu/Lu2O3
71,10,False,169,Ag/Lu2O3
71,10,False,170,Au/Lu2O3
71,10,False,172,Ge/Lu2O3
71,10,False,173,Ni/ThO2
71,10,False,174,Fe/ThO2
107,10,False,0,Pb/MgO
107,10,False,1,Cu/MgO
107,10,False,5,Pd/MgO
107,10,False,6,Pt/MgO
107,10,False,8,Al/MgO
107,10,False,10,Fe/MgO
107,10,False,11,Bi/MgO
107,10,False,12,Mg/MgO
107,10,False,13,Rh/MgO
107,10,False,18,Ag/TiO2
107,10,False,19,Au/TiO2
107,10,False,21,Ge/TiO2
107,10,False,23,Al/TiO2
107,10,False,24,Si/TiO2
107,10,False,25,Fe/TiO2
107,10,False,27,Pb/Al2O3
107,10,False,29,Ag/Al2O3
107,10,False,31,Sn/Al2O3
107,10,False,33,Pd/Al2O3
107,10,False,34,Pt/Al2O3
107,10,False,36,In/Al2O3
107,10,False,37,Ga/Al2O3
107,10,False,38,Al/Al2O3
107,10,False,39,Mn/Al2O3
107,10,False,40,Si/Al2O3
107,10,False,42,Co/Al2O3
107,10,False,46,Zn/Al2O3
107,10,False,47,Ag/CaO
107,10,False,49,Pd/CaO
107,10,False,50,Pt/CaO
107,10,False,52,Fe/CaO
107,10,False,54,Pb/BeO
107,10,False,55,Ag/BeO
107,10,False,56,Sn/BeO
107,10,False,57,Pd/BeO
107,10,False,60,Si/BeO
107,10,False,61,Fe/BeO
107,10,False,62,Cr/BeO
107,10,False,63,V/BeO
107,10,False,64,Rh/BeO
107,10,False,65,Cu/UO2
107,10,False,71,Cu/ZrO2
107,10,False,72,Ag/ZrO2
107,10,False,76,Pd/ZrO2
107,10,False,77,Pt/ZrO2
107,10,False,80,Al/ZrO2
107,10,False,83,Co/ZrO2
107,10,False,84,Bi/ZrO2
107,10,False,85,Mg/ZrO2
107,10,False,89,Fe/Cr2O3
107,10,False,90,Au/CoO
107,10,False,91,Sn/CoO
107,10,False,92,Ni/CoO
107,10,False,93,Al/CoO
107,10,False,94,Co/CoO
107,10,False,95,Cu/NiO
107,10,False,96,Ag/NiO
107,10,False,97,Sn/NiO
107,10,False,100,Pb/SiO2
107,10,False,101,Cu/SiO2
107,10,False,103,Au/SiO2
107,10,False,105,Ni/SiO2
107,10,False,106,In/SiO2
107,10,False,107,Ga/SiO2
107,10,False,108,Al/SiO2
107,10,False,110,Fe/SiO2
107,10,False,111,Co/SiO2
107,10,False,112,Mg/SiO2
107,10,False,113,Sb/SiO2
107,10,False,114,Cu/Ti2O3
107,10,False,115,Au/Ti2O3
107,10,False,119,Ag/Yb2O3
107,10,False,124,Ag/Y2O3
107,10,False,125,Au/Y2O3
107,10,False,126,Sn/Y2O3
107,10,False,127,Ge/Y2O3
107,10,False,129,Al/Y2O3
107,10,False,131,Ag/ZnO
107,10,False,133,Al/ZnO
107,10,False,134,Cu/Gd2O3
107,10,False,139,Cu/Tb2O3
107,10,False,140,Ag/Tb2O3
107,10,False,141,Au/Tb2O3
107,10,False,143,Ge/Tb2O3
107,10,False,144,Cu/Dy2O3
107,10,False,145,Ag/Dy2O3
107,10,False,146,Au/Dy2O3
107,10,False,147,Sn/Dy2O3
107,10,False,150,Ag/Ho2O3
107,10,False,152,Sn/Ho2O3
107,10,False,153,Ge/Ho2O3
107,10,False,155,Al/Ho2O3
107,10,False,157,Ag/Er2O3
107,10,False,158,Au/Er2O3
107,10,False,159,Sn/Er2O3
107,10,False,160,Ge/Er2O3
107,10,False,161,Ga/Er2O3
107,10,False,162,Al/Er2O3
107,10,False,165,Au/Tm2O3
107,10,False,166,Sn/Tm2O3
107,10,False,168,Cu/Lu2O3
107,10,False,169,Ag/Lu2O3
107,10,False,170,Au/Lu2O3
107,10,False,172,Ge/Lu2O3
107,10,False,173,Ni/ThO2
107,10,False,174,Fe/ThO2
107,10,False,176,Ag/CdO
36,11,False,3,Au/MgO
36,11,False,6,Pt/MgO
36,11,False,15,Cu/Fe3O4
36,11,False,23,Al/TiO2
36,11,False,37,Ga/Al2O3
36,11,False,38,Al/Al2O3
36,11,False,39,Mn/Al2O3
36,11,False,42,Co/Al2O3
36,11,False,43,Ti/Al2O3
36,11,False,46,Zn/Al2O3
36,11,False,51,Ni/CaO
36,11,False,59,Ni/BeO
36,11,False,61,Fe/BeO
36,11,False,62,Cr/BeO
36,11,False,63,V/BeO
36,11,False,65,Cu/UO2
36,11,False,79,In/ZrO2
36,11,False,87,Rh/ZrO2
36,11,False,94,Co/CoO
36,11,False,96,Ag/NiO
36,11,False,97,Sn/NiO
36,11,False,99,Al/NiO
36,11,False,100,Pb/SiO2
36,11,False,101,Cu/SiO2
36,11,False,104,Sn/SiO2
36,11,False,107,Ga/SiO2
36,11,False,108,Al/SiO2
36,11,False,109,Si/SiO2
36,11,False,112,Mg/SiO2
36,11,False,114,Cu/Ti2O3
36,11,False,133,Al/ZnO
36,11,False,145,Ag/Dy2O3
36,11,False,155,Al/Ho2O3
36,11,False,166,Sn/Tm2O3
36,11,False,172,Ge/Lu2O3
36,11,False,176,Ag/CdO
71,11,False,0,Pb/MgO
71,11,False,1,Cu/MgO
71,11,False,3,Au/MgO
71,11,False,6,Pt/MgO
71,11,False,14,Ir/MgO
71,11,False,15,Cu/Fe3O4
71,11,False,16,Sn/Fe3O4
71,11,False,18,Ag/TiO2
71,11,False,23,Al/TiO2
71,11,False,26,Mg/TiO2
71,11,False,31,Sn/Al2O3
71,11,False,33,Pd/Al2O3
71,11,False,34,Pt/Al2O3
71,11,False,36,In/Al2O3
71,11,False,37,Ga/Al2O3
71,11,False,38,Al/Al2O3
71,11,False,39,Mn/Al2O3
71,11,False,42,Co/Al2O3
71,11,False,43,Ti/Al2O3
71,11,False,46,Zn/Al2O3
71,11,False,51,Ni/CaO
71,11,False,59,Ni/BeO
71,11,False,61,Fe/BeO
71,11,False,62,Cr/BeO
71,11,False,63,V/BeO
71,11,False,64,Rh/BeO
71,11,False,65,Cu/UO2
71,11,False,66,Sn/UO2
71,11,False,72,Ag/ZrO2
71,11,False,79,In/ZrO2
71,11,False,81,Si/ZrO2
71,11,False,87,Rh/ZrO2
71,11,False,89,Fe/Cr2O3
71,11,False,90,Au/CoO
71,11,False,94,Co/CoO
71,11,False,96,Ag/NiO
71,11,False,97,Sn/NiO
71,11,False,99,Al/NiO
71,11,False,100,Pb/SiO2
71,11,False,101,Cu/SiO2
71,11,False,104,Sn/SiO2
71,11,False,105,Ni/SiO2
71,11,False,106,In/SiO2
71,11,False,107,Ga/SiO2
71,11,False,108,Al/SiO2
71,11,False,109,Si/SiO2
71,11,False,111,Co/SiO2
71,11,False,112,Mg/SiO2
71,11,False,113,Sb/SiO2
71,11,False,114,Cu/Ti2O3
71,11,False,115,Au/Ti2O3
71,11,False,118,Cu/Yb2O3
71,11,False,119,Ag/Yb2O3
71,11,False,124,Ag/Y2O3
71,11,False,125,Au/Y2O3
71,11,False,127,Ge/Y2O3
71,11,False,133,Al/ZnO
71,11,False,139,Cu/Tb2O3
71,11,False,143,Ge/Tb2O3
71,11,False,144,Cu/Dy2O3
71,11,False,145,Ag/Dy2O3
71,11,False,146,Au/Dy2O3
71,11,False,150,Ag/Ho2O3
71,11,False,153,Ge/Ho2O3
71,11,False,155,Al/Ho2O3
71,11,False,162,Al/Er2O3
71,11,False,165,Au/Tm2O3
71,11,False,166,Sn/Tm2O3
71,11,False,172,Ge/Lu2O3
71,11,False,174,Fe/ThO2
71,11,False,176,Ag/CdO
107,11,False,0,Pb/MgO
107,11,False,1,Cu/MgO
107,11,False,2,Ag/MgO
107,11,False,3,Au/MgO
107,11,False,6,Pt/MgO
107,11,False,7,Ni/MgO
107,11,False,10,Fe/MgO
107,11,False,11,Bi/MgO
107,11,False,12,Mg/MgO
107,11,False,13,Rh/MgO
107,11,False,14,Ir/MgO
107,11,False,15,Cu/Fe3O4
107,11,False,16,Sn/Fe3O4
107,11,False,18,Ag/TiO2
107,11,False,20,Sn/TiO2
107,11,False,23,Al/TiO2
107,11,False,24,Si/TiO2
107,11,False,26,Mg/TiO2
107,11,False,27,Pb/Al2O3
107,11,False,31,Sn/Al2O3
107,11,False,33,Pd/Al2O3
107,11,False,34,Pt/Al2O3
107,11,False,36,In/Al2O3
107,11,False,37,Ga/Al2O3
107,11,False,38,Al/Al2O3
107,11,False,39,Mn/Al2O3
107,11,False,40,Si/Al2O3
107,11,False,41,Fe/Al2O3
107,11,False,42,Co/Al2O3
107,11,False,43,Ti/Al2O3
107,11,False,46,Zn/Al2O3
107,11,False,48,Sn/CaO
107,11,False,50,Pt/CaO
107,11,False,51,Ni/CaO
107,11,False,53,Rh/CaO
107,11,False,55,Ag/BeO
107,11,False,59,Ni/BeO
107,11,False,61,Fe/BeO
107,11,False,62,Cr/BeO
107,11,False,63,V/BeO
107,11,False,64,Rh/BeO
107,11,False,65,Cu/UO2
107,11,False,66,Sn/UO2
107,11,False,68,Al/UO2
107,11,False,70,Pb/ZrO2
107,11,False,71,Cu/ZrO2
107,11,False,72,Ag/ZrO2
107,11,False,73,Au/ZrO2
107,11,False,76,Pd/ZrO2
107,11,False,79,In/ZrO2
107,11,False,80,Al/ZrO2
107,11,False,81,Si/ZrO2
107,11,False,86,V/ZrO2
107,11,False,87,Rh/ZrO2
107,11,False,89,Fe/Cr2O3
107,11,False,90,Au/CoO
107,11,False,91,Sn/CoO
107,11,False,93,Al/CoO
107,11,False,94,Co/CoO
107,11,False,95,Cu/NiO
107,11,False,96,Ag/NiO
107,11,False,97,Sn/NiO
107,11,False,99,Al/NiO
107,11,False,100,Pb/SiO2
107,11,False,101,Cu/SiO2
107,11,False,104,Sn/SiO2
107,11,False,105,Ni/SiO2
107,11,False,106,In/SiO2
107,11,False,107,Ga/SiO2
107,11,False,108,Al/SiO2
107,11,False,109,Si/SiO2
107,11,False,110,Fe/SiO2
107,11,False,111,Co/SiO2
107,11,False,112,Mg/SiO2
107,11,False,113,Sb/SiO2
107,11,False,114,Cu/Ti2O3
107,11,False,115,Au/Ti2O3
107,11,False,118,Cu/Yb2O3
107,11,False,119,Ag/Yb2O3
107,11,False,120,Au/Yb2O3
107,11,False,124,Ag/Y2O3
107,11,False,125,Au/Y2O3
107,11,False,126,Sn/Y2O3
107,11,False,127,Ge/Y2O3
107,11,False,129,Al/Y2O3
107,11,False,133,Al/ZnO
107,11,False,134,Cu/Gd2O3
107,11,False,139,Cu/Tb2O3
107,11,False,141,Au/Tb2O3
107,11,False,143,Ge/Tb2O3
107,11,False,144,Cu/Dy2O3
107,11,False,145,Ag/Dy2O3
107,11,False,146,Au/Dy2O3
107,11,False,150,Ag/Ho2O3
107,11,False,153,Ge/Ho2O3
107,11,False,155,Al/Ho2O3
107,11,False,160,Ge/Er2O3
107,11,False,162,Al/Er2O3
107,11,False,163,Cu/Tm2O3
107,11,False,165,Au/Tm2O3
107,11,False,166,Sn/Tm2O3
107,11,False,170,Au/Lu2O3
107,11,False,172,Ge/Lu2O3
107,11,False,173,Ni/ThO2
107,11,False,174,Fe/ThO2
107,11,False,175,Cr/ThO2
107,11,False,176,Ag/CdO
36,12,False,1,Cu/MgO
36,12,False,2,Ag/MgO
36,12,False,3,Au/MgO
36,12,False,12,Mg/MgO
36,12,False,33,Pd/Al2O3
36,12,False,34,Pt/Al2O3
36,12,False,39,Mn/Al2O3
36,12,False,49,Pd/CaO
36,12,False,54,Pb/BeO
36,12,False,59,Ni/BeO
36,12,False,63,V/BeO
36,12,False,70,Pb/ZrO2
36,12,False,76,Pd/ZrO2
36,12,False,77,Pt/ZrO2
36,12,False,83,Co/ZrO2
36,12,False,85,Mg/ZrO2
36,12,False,91,Sn/CoO
36,12,False,92,Ni/CoO
36,12,False,94,Co/CoO
36,12,False,95,Cu/NiO
36,12,False,100,Pb/SiO2
36,12,False,106,In/SiO2
36,12,False,112,Mg/SiO2
36,12,False,114,Cu/Ti2O3
36,12,False,120,Au/Yb2O3
36,12,False,123,Cu/Y2O3
36,12,False,127,Ge/Y2O3
36,12,False,133,Al/ZnO
36,12,False,134,Cu/Gd2O3
36,12,False,143,Ge/Tb2O3
36,12,False,145,Ag/Dy2O3
36,12,False,159,Sn/Er2O3
36,12,False,163,Cu/Tm2O3
36,12,False,168,Cu/Lu2O3
36,12,False,174,Fe/ThO2
36,12,False,176,Ag/CdO
71,12,False,1,Cu/MgO
71,12,False,2,Ag/MgO
71,12,False,3,Au/MgO
71,12,False,6,Pt/MgO
71,12,False,11,Bi/MgO
71,12,False,12,Mg/MgO
71,12,False,13,Rh/MgO
71,12,False,14,Ir/MgO
71,12,False,16,Sn/Fe3O4
71,12,False,20,Sn/TiO2
71,12,False,33,Pd/Al2O3
71,12,False,34,Pt/Al2O3
71,12,False,36,In/Al2O3
71,12,False,38,Al/Al2O3
71,12,False,39,Mn/Al2O3
71,12,False,42,Co/Al2O3
71,12,False,43,Ti/Al2O3
71,12,False,49,Pd/CaO
71,12,False,50,Pt/CaO
71,12,False,51,Ni/CaO
71,12,False,53,Rh/CaO
71,12,False,54,Pb/BeO
71,12,False,56,Sn/BeO
71,12,False,59,Ni/BeO
71,12,False,62,Cr/BeO
71,12,False,63,V/BeO
71,12,False,70,Pb/ZrO2
71,12,False,73,Au/ZrO2
71,12,False,76,Pd/ZrO2
71,12,False,77,Pt/ZrO2
71,12,False,78,Ni/ZrO2
71,12,False,81,Si/ZrO2
71,12,False,83,Co/ZrO2
71,12,False,85,Mg/ZrO2
71,12,False,86,V/ZrO2
71,12,False,91,Sn/CoO
71,12,False,92,Ni/CoO
71,12,False,94,Co/CoO
71,12,False,95,Cu/NiO
71,12,False,96,Ag/NiO
71,12,False,97,Sn/NiO
71,12,False,98,Ni/NiO
71,12,False,100,Pb/SiO2
71,12,False,103,Au/SiO2
71,12,False,106,In/SiO2
71,12,False,107,Ga/SiO2
71,12,False,111,Co/SiO2
71,12,False,112,Mg/SiO2
71,12,False,113,Sb/SiO2
71,12,False,114,Cu/Ti2O3
71,12,False,118,Cu/Yb2O3
71,12,False,120,Au/Yb2O3
71,12,False,123,Cu/Y2O3
71,12,False,125,Au/Y2O3
71,12,False,127,Ge/Y2O3
71,12,False,128,Ga/Y2O3
71,12,False,129,Al/Y2O3
71,12,False,133,Al/ZnO
71,12,False,134,Cu/Gd2O3
71,12,False,143,Ge/Tb2O3
71,12,False,145,Ag/Dy2O3
71,12,False,150,Ag/Ho2O3
71,12,False,152,Sn/Ho2O3
71,12,False,155,Al/Ho2O3
71,12,False,159,Sn/Er2O3
71,12,False,162,Al/Er2O3
71,12,False,163,Cu/Tm2O3
71,12,False,168,Cu/Lu2O3
71,12,False,172,Ge/Lu2O3
71,12,False,174,Fe/ThO2
71,12,False,176,Ag/CdO
107,12,False,0,Pb/MgO
107,12,False,1,Cu/MgO
107,12,False,2,Ag/MgO
107,12,False,3,Au/MgO
107,12,False,6,Pt/MgO
107,12,False,7,Ni/MgO
107,12,False,10,Fe/MgO
107,12,False,11,Bi/MgO
107,12,False,12,Mg/MgO
107,12,False,13,Rh/MgO
107,12,False,14,Ir/MgO
107,12,False,15,Cu/Fe3O4
107,12,False,16,Sn/Fe3O4
107,12,False,20,Sn/TiO2
107,12,False,21,Ge/TiO2
107,12,False,23,Al/TiO2
107,12,False,26,Mg/TiO2
107,12,False,28,Cu/Al2O3
107,12,False,29,Ag/Al2O3
107,12,False,31,Sn/Al2O3
107,12,False,33,Pd/Al2O3
107,12,False,34,Pt/Al2O3
107,12,False,36,In/Al2O3
107,12,False,38,Al/Al2O3
107,12,False,39,Mn/Al2O3
107,12,False,40,Si/Al2O3
107,12,False,41,Fe/Al2O3
107,12,False,42,Co/Al2O3
107,12,False,43,Ti/Al2O3
107,12,False,48,Sn/CaO
107,12,False,49,Pd/CaO
107,12,False,50,Pt/CaO
107,12,False,51,Ni/CaO
107,12,False,53,Rh/CaO
107,12,False,54,Pb/BeO
107,12,False,56,Sn/BeO
107,12,False,59,Ni/BeO
107,12,False,61,Fe/BeO
107,12,False,62,Cr/BeO
107,12,False,63,V/BeO
107,12,False,64,Rh/BeO
107,12,False,65,Cu/UO2
107,12,False,70,Pb/ZrO2
107,12,False,72,Ag/ZrO2
107,12,False,73,Au/ZrO2
107,12,False,76,Pd/ZrO2
107,12,False,77,Pt/ZrO2
107,12,False,78,Ni/ZrO2
107,12,False,80,Al/ZrO2
107,12,False,81,Si/ZrO2
107,12,False,83,Co/ZrO2
107,12,False,85,Mg/ZrO2
107,12,False,86,V/ZrO2
107,12,False,91,Sn/CoO
107,12,False,92,Ni/CoO
107,12,False,93,Al/CoO
107,12,False,94,Co/CoO
107,12,False,95,Cu/NiO
107,12,False,96,Ag/NiO
107,12,False,97,Sn/NiO
107,12,False,98,Ni/NiO
107,12,False,99,Al/NiO
107,12,False,100,Pb/SiO2
107,12,False,103,Au/SiO2
107,12,False,105,Ni/SiO2
107,12,False,106,In/SiO2
107,12,False,107,Ga/SiO2
107,12,False,108,Al/SiO2
107,12,False,110,Fe/SiO2
107,12,False,111,Co/SiO2
107,12,False,112,Mg/SiO2
107,12,False,113,Sb/SiO2
107,12,False,114,Cu/Ti2O3
107,12,False,115,Au/Ti2O3
107,12,False,118,Cu/Yb2O3
107,12,False,120,Au/Yb2O3
107,12,False,123,Cu/Y2O3
107,12,False,124,Ag/Y2O3
107,12,False,125,Au/Y2O3
107,12,False,127,Ge/Y2O3
107,12,False,128,Ga/Y2O3
107,12,False,129,Al/Y2O3
107,12,False,131,Ag/ZnO
107,12,False,133,Al/ZnO
107,12,False,134,Cu/Gd2O3
107,12,False,135,Ag/Gd2O3
107,12,False,140,Ag/Tb2O3
107,12,False,143,Ge/Tb2O3
107,12,False,144,Cu/Dy2O3
107,12,False,145,Ag/Dy2O3
107,12,False,146,Au/Dy2O3
107,12,False,147,Sn/Dy2O3
107,12,False,150,Ag/Ho2O3
107,12,False,152,Sn/Ho2O3
107,12,False,153,Ge/Ho2O3
107,12,False,155,Al/Ho2O3
107,12,False,157,Ag/Er2O3
107,12,False,158,Au/Er2O3
107,12,False,159,Sn/Er2O3
107,12,False,162,Al/Er2O3
107,12,False,163,Cu/Tm2O3
107,12,False,168,Cu/Lu2O3
107,12,False,172,Ge/Lu2O3
107,12,False,173,Ni/ThO2
107,12,False,174,Fe/ThO2
107,12,False,175,Cr/ThO2
107,12,False,176,Ag/CdO
36,13,False,18,Ag/TiO2
36,13,False,20,Sn/TiO2
36,13,False,25,Fe/TiO2
36,13,False,26,Mg/TiO2
36,13,False,36,In/Al2O3
36,13,False,37,Ga/Al2O3
36,13,False,52,Fe/CaO
36,13,False,54,Pb/BeO
36,13,False,62,Cr/BeO
36,13,False,70,Pb/ZrO2
36,13,False,71,Cu/ZrO2
36,13,False,76,Pd/ZrO2
36,13,False,84,Bi/ZrO2
36,13,False,86,V/ZrO2
36,13,False,87,Rh/ZrO2
36,13,False,93,Al/CoO
36,13,False,94,Co/CoO
36,13,False,95,Cu/NiO
36,13,False,96,Ag/NiO
36,13,False,97,Sn/NiO
36,13,False,98,Ni/NiO
36,13,False,115,Au/Ti2O3
36,13,False,125,Au/Y2O3
36,13,False,126,Sn/Y2O3
36,13,False,128,Ga/Y2O3
36,13,False,129,Al/Y2O3
36,13,False,141,Au/Tb2O3
36,13,False,143,Ge/Tb2O3
36,13,False,146,Au/Dy2O3
36,13,False,157,Ag/Er2O3
36,13,False,158,Au/Er2O3
36,13,False,160,Ge/Er2O3
36,13,False,169,Ag/Lu2O3
36,13,False,172,Ge/Lu2O3
36,13,False,173,Ni/ThO2
36,13,False,174,Fe/ThO2
71,13,False,0,Pb/MgO
71,13,False,2,Ag/MgO
71,13,False,7,Ni/MgO
71,13,False,12,Mg/MgO
71,13,False,13,Rh/MgO
71,13,False,18,Ag/TiO2
71,13,False,20,Sn/TiO2
71,13,False,23,Al/TiO2
71,13,False,24,Si/TiO2
71,13,False,25,Fe/TiO2
71,13,False,26,Mg/TiO2
71,13,False,33,Pd/Al2O3
71,13,False,36,In/Al2O3
71,13,False,37,Ga/Al2O3
71,13,False,38,Al/Al2O3
71,13,False,40,Si/Al2O3
71,13,False,46,Zn/Al2O3
71,13,False,49,Pd/CaO
71,13,False,52,Fe/CaO
71,13,False,54,Pb/BeO
71,13,False,62,Cr/BeO
71,13,False,63,V/BeO
71,13,False,66,Sn/UO2
71,13,False,70,Pb/ZrO2
71,13,False,71,Cu/ZrO2
71,13,False,72,Ag/ZrO2
71,13,False,76,Pd/ZrO2
71,13,False,78,Ni/ZrO2
71,13,False,79,In/ZrO2
71,13,False,80,Al/ZrO2
71,13,False,84,Bi/ZrO2
71,13,False,85,Mg/ZrO2
71,13,False,86,V/ZrO2
71,13,False,87,Rh/ZrO2
71,13,False,93,Al/CoO
71,13,False,94,Co/CoO
71,13,False,95,Cu/NiO
71,13,False,96,Ag/NiO
71,13,False,97,Sn/NiO
71,13,False,98,Ni/NiO
71,13,False,106,In/SiO2
71,13,False,110,Fe/SiO2
71,13,False,113,Sb/SiO2
71,13,False,115,Au/Ti2O3
71,13,False,118,Cu/Yb2O3
71,13,False,119,Ag/Yb2O3
71,13,False,123,Cu/Y2O3
71,13,False,124,Ag/Y2O3
71,13,False,125,Au/Y2O3
71,13,False,126,Sn/Y2O3
71,13,False,128,Ga/Y2O3
71,13,False,129,Al/Y2O3
71,13,False,131,Ag/ZnO
71,13,False,134,Cu/Gd2O3
71,13,False,135,Ag/Gd2O3
71,13,False,141,Au/Tb2O3
71,13,False,143,Ge/Tb2O3
71,13,False,144,Cu/Dy2O3
71,13,False,145,Ag/Dy2O3
71,13,False,146,Au/Dy2O3
71,13,False,147,Sn/Dy2O3
71,13,False,150,Ag/Ho2O3
71,13,False,157,Ag/Er2O3
71,13,False,158,Au/Er2O3
71,13,False,160,Ge/Er2O3
71,13,False,166,Sn/Tm2O3
71,13,False,168,Cu/Lu2O3
71,13,False,169,Ag/Lu2O3
71,13,False,172,Ge/Lu2O3
71,13,False,173,Ni/ThO2
71,13,False,174,Fe/ThO2
107,13,False,0,Pb/MgO
107,13,False,2,Ag/MgO
107,13,False,5,Pd/MgO
107,13,False,7,Ni/MgO
107,13,False,11,Bi/MgO
107,13,False,12,Mg/MgO
107,13,False,13,Rh/MgO
107,13,False,14,Ir/MgO
107,13,False,15,Cu/Fe3O4
107,13,False,16,Sn/Fe3O4
107,13,False,18,Ag/TiO2
107,13,False,20,Sn/TiO2
107,13,False,21,Ge/TiO2
107,13,False,23,Al/TiO2
107,13,False,24,Si/TiO2
107,13,False,25,Fe/TiO2
107,13,False,26,Mg/TiO2
107,13,False,27,Pb/Al2O3
107,13,False,29,Ag/Al2O3
107,13,False,31,Sn/Al2O3
107,13,False,33,Pd/Al2O3
107,13,False,36,In/Al2O3
107,13,False,37,Ga/Al2O3
107,13,False,38,Al/Al2O3
107,13,False,39,Mn/Al2O3
107,13,False,40,Si/Al2O3
107,13,False,41,Fe/Al2O3
107,13,False,43,Ti/Al2O3
107,13,False,46,Zn/Al2O3
107,13,False,48,Sn/CaO
107,13,False,49,Pd/CaO
107,13,False,50,Pt/CaO
107,13,False,51,Ni/CaO
107,13,False,52,Fe/CaO
107,13,False,53,Rh/CaO
107,13,False,54,Pb/BeO
107,13,False,62,Cr/BeO
107,13,False,63,V/BeO
107,13,False,66,Sn/UO2
107,13,False,68,Al/UO2
107,13,False,70,Pb/ZrO2
107,13,False,71,Cu/ZrO2
107,13,False,72,Ag/ZrO2
107,13,False,73,Au/ZrO2
107,13,False,76,Pd/ZrO2
107,13,False,77,Pt/ZrO2
107,13,False,78,Ni/ZrO2
107,13,False,79,In/ZrO2
107,13,False,80,Al/ZrO2
107,13,False,83,Co/ZrO2
107,13,False,84,Bi/ZrO2
107,13,False,85,Mg/ZrO2
107,13,False,86,V/ZrO2
107,13,False,87,Rh/ZrO2
107,13,False,91,Sn/CoO
107,13,False,92,Ni/CoO
107,13,False,93,Al/CoO
107,13,False,94,Co/CoO
107,13,False,95,Cu/NiO
107,13,False,96,Ag/NiO
107,13,False,97,Sn/NiO
107,13,False,98,Ni/NiO
107,13,False,100,Pb/SiO2
107,13,False,104,Sn/SiO2
107,13,False,106,In/SiO2
107,13,False,107,Ga/SiO2
107,13,False,108,Al/SiO2
107,13,False,109,Si/SiO2
107,13,False,110,Fe/SiO2
107,13,False,111,Co/SiO2
107,13,False,112,Mg/SiO2
107,13,False,113,Sb/SiO2
107,13,False,115,Au/Ti2O3
107,13,False,118,Cu/Yb2O3
107,13,False,119,Ag/Yb2O3
107,13,False,120,Au/Yb2O3
107,13,False,123,Cu/Y2O3
107,13,False,124,Ag/Y2O3
107,13,False,125,Au/Y2O3
107,13,False,126,Sn/Y2O3
107,13,False,127,Ge/Y2O3
107,13,False,128,Ga/Y2O3
107,13,False,129,Al/Y2O3
107,13,False,131,Ag/ZnO
107,13,False,134,Cu/Gd2O3
107,13,False,135,Ag/Gd2O3
107,13,False,140,Ag/Tb2O3
107,13,False,141,Au/Tb2O3
107,13,False,143,Ge/Tb2O3
107,13,False,144,Cu/Dy2O3
107,13,False,145,Ag/Dy2O3
107,13,False,146,Au/Dy2O3
107,13,False,147,Sn/Dy2O3
107,13,False,150,Ag/Ho2O3
107,13,False,155,Al/Ho2O3
107,13,False,157,Ag/Er2O3
107,13,False,158,Au/Er2O3
107,13,False,160,Ge/Er2O3
107,13,False,163,Cu/Tm2O3
107,13,False,165,Au/Tm2O3
107,13,False,166,Sn/Tm2O3
107,13,False,168,Cu/Lu2O3
107,13,False,169,Ag/Lu2O3
107,13,False,172,Ge/Lu2O3
107,13,False,173,Ni/ThO2
107,13,False,174,Fe/ThO2
107,13,False,176,Ag/CdO
36,14,False,14,Ir/MgO
36,14,False,15,Cu/Fe3O4
36,14,False,18,Ag/TiO2
36,14,False,19,Au/TiO2
36,14,False,25,Fe/TiO2
36,14,False,29,Ag/Al2O3
36,14,False,37,Ga/Al2O3
36,14,False,39,Mn/Al2O3
36,14,False,50,Pt/CaO
36,14,False,54,Pb/BeO
36,14,False,56,Sn/BeO
36,14,False,57,Pd/BeO
36,14,False,64,Rh/BeO
36,14,False,70,Pb/ZrO2
36,14,False,72,Ag/ZrO2
36,14,False,73,Au/ZrO2
36,14,False,86,V/ZrO2
36,14,False,91,Sn/CoO
36,14,False,94,Co/CoO
36,14,False,97,Sn/NiO
36,14,False,99,Al/NiO
36,14,False,100,Pb/SiO2
36,14,False,103,Au/SiO2
36,14,False,105,Ni/SiO2
36,14,False,112,Mg/SiO2
36,14,False,127,Ge/Y2O3
36,14,False,128,Ga/Y2O3
36,14,False,135,Ag/Gd2O3
36,14,False,139,Cu/Tb2O3
36,14,False,140,Ag/Tb2O3
36,14,False,143,Ge/Tb2O3
36,14,False,153,Ge/Ho2O3
36,14,False,157,Ag/Er2O3
36,14,False,170,Au/Lu2O3
36,14,False,175,Cr/ThO2
36,14,False,176,Ag/CdO
71,14,False,0,Pb/MgO
71,14,False,6,Pt/MgO
71,14,False,11,Bi/MgO
71,14,False,12,Mg/MgO
71,14,False,14,Ir/MgO
71,14,False,15,Cu/Fe3O4
71,14,False,18,Ag/TiO2
71,14,False,19,Au/TiO2
71,14,False,23,Al/TiO2
71,14,False,25,Fe/TiO2
71,14,False,29,Ag/Al2O3
71,14,False,34,Pt/Al2O3
71,14,False,36,In/Al2O3
71,14,False,37,Ga/Al2O3
71,14,False,38,Al/Al2O3
71,14,False,39,Mn/Al2O3
71,14,False,50,Pt/CaO
71,14,False,54,Pb/BeO
71,14,False,56,Sn/BeO
71,14,False,57,Pd/BeO
71,14,False,59,Ni/BeO
71,14,False,62,Cr/BeO
71,14,False,63,V/BeO
71,14,False,64,Rh/BeO
71,14,False,65,Cu/UO2
71,14,False,70,Pb/ZrO2
71,14,False,72,Ag/ZrO2
71,14,False,73,Au/ZrO2
71,14,False,76,Pd/ZrO2
71,14,False,79,In/ZrO2
71,14,False,81,Si/ZrO2
71,14,False,84,Bi/ZrO2
71,14,False,86,V/ZrO2
71,14,False,90,Au/CoO
71,14,False,91,Sn/CoO
71,14,False,94,Co/CoO
71,14,False,96,Ag/NiO
71,14,False,97,Sn/NiO
71,14,False,99,Al/NiO
71,14,False,100,Pb/SiO2
71,14,False,101,Cu/SiO2
71,14,False,103,Au/SiO2
71,14,False,104,Sn/SiO2
71,14,False,105,Ni/SiO2
71,14,False,108,Al/SiO2
71,14,False,109,Si/SiO2
71,14,False,111,Co/SiO2
71,14,False,112,Mg/SiO2
71,14,False,119,Ag/Yb2O3
71,14,False,123,Cu/Y2O3
71,14,False,124,Ag/Y2O3
71,14,False,127,Ge/Y2O3
71,14,False,128,Ga/Y2O3
71,14,False,131,Ag/ZnO
71,14,False,134,Cu/Gd2O3
71,14,False,135,Ag/Gd2O3
71,14,False,139,Cu/Tb2O3
71,14,False,140,Ag/Tb2O3
71,14,False,143,Ge/Tb2O3
71,14,False,145,Ag/Dy2O3
71,14,False,147,Sn/Dy2O3
71,14,False,150,Ag/Ho2O3
71,14,False,153,Ge/Ho2O3
71,14,False,157,Ag/Er2O3
71,14,False,158,Au/Er2O3
71,14,False,161,Ga/Er2O3
71,14,False,169,Ag/Lu2O3
71,14,False,170,Au/Lu2O3
71,14,False,174,Fe/ThO2
71,14,False,175,Cr/ThO2
71,14,False,176,Ag/CdO
107,14,False,0,Pb/MgO
107,14,False,3,Au/MgO
107,14,False,6,Pt/MgO
107,14,False,7,Ni/MgO
107,14,False,11,Bi/MgO
107,14,False,12,Mg/MgO
107,14,False,14,Ir/MgO
107,14,False,15,Cu/Fe3O4
107,14,False,18,Ag/TiO2
107,14,False,19,Au/TiO2
107,14,False,23,Al/TiO2
107,14,False,24,Si/TiO2
107,14,False,25,Fe/TiO2
107,14,False,27,Pb/Al2O3
107,14,False,29,Ag/Al2O3
107,14,False,34,Pt/Al2O3
107,14,False,36,In/Al2O3
107,14,False,37,Ga/Al2O3
107,14,False,38,Al/Al2O3
107,14,False,39,Mn/Al2O3
107,14,False,40,Si/Al2O3
107,14,False,41,Fe/Al2O3
107,14,False,42,Co/Al2O3
107,14,False,46,Zn/Al2O3
107,14,False,47,Ag/CaO
107,14,False,49,Pd/CaO
107,14,False,50,Pt/CaO
107,14,False,52,Fe/CaO
107,14,False,53,Rh/CaO
107,14,False,54,Pb/BeO
107,14,False,55,Ag/BeO
107,14,False,56,Sn/BeO
107,14,False,57,Pd/BeO
107,14,False,59,Ni/BeO
107,14,False,62,Cr/BeO
107,14,False,63,V/BeO
107,14,False,64,Rh/BeO
107,14,False,65,Cu/UO2
107,14,False,66,Sn/UO2
107,14,False,68,Al/UO2
107,14,False,70,Pb/ZrO2
107,14,False,71,Cu/ZrO2
107,14,False,72,Ag/ZrO2
107,14,False,73,Au/ZrO2
107,14,False,76,Pd/ZrO2
107,14,False,77,Pt/ZrO2
107,14,False,78,Ni/ZrO2
107,14,False,79,In/ZrO2
107,14,False,80,Al/ZrO2
107,14,False,81,Si/ZrO2
107,14,False,83,Co/ZrO2
107,14,False,84,Bi/ZrO2
107,14,False,86,V/ZrO2
107,14,False,87,Rh/ZrO2
107,14,False,89,Fe/Cr2O3
107,14,False,90,Au/CoO
107,14,False,91,Sn/CoO
107,14,False,94,Co/CoO
107,14,False,96,Ag/NiO
107,14,False,97,Sn/NiO
107,14,False,99,Al/NiO
107,14,False,100,Pb/SiO2
107,14,False,101,Cu/SiO2
107,14,False,103,Au/SiO2
107,14,False,104,Sn/SiO2
107,14,False,105,Ni/SiO2
107,14,False,106,In/SiO2
107,14,False,108,Al/SiO2
107,14,False,109,Si/SiO2
107,14,False,110,Fe/SiO2
107,14,False,111,Co/SiO2
107,14,False,112,Mg/SiO2
107,14,False,114,Cu/Ti2O3
107,14,False,115,Au/Ti2O3
107,14,False,119,Ag/Yb2O3
107,14,False,123,Cu/Y2O3
107,14,False,124,Ag/Y2O3
107,14,False,126,Sn/Y2O3
107,14,False,127,Ge/Y2O3
107,14,False,128,Ga/Y2O3
107,14,False,129,Al/Y2O3
107,14,False,131,Ag/ZnO
107,14,False,134,Cu/Gd2O3
107,14,False,135,Ag/Gd2O3
107,14,False,139,Cu/Tb2O3
107,14,False,140,Ag/Tb2O3
107,14,False,143,Ge/Tb2O3
107,14,False,145,Ag/Dy2O3
107,14,False,146,Au/Dy2O3
107,14,False,147,Sn/Dy2O3
107,14,False,150,Ag/Ho2O3
107,14,False,153,Ge/Ho2O3
107,14,False,155,Al/Ho2O3
107,14,False,157,Ag/Er2O3
107,14,False,158,Au/Er2O3
107,14,False,159,Sn/Er2O3
107,14,False,160,Ge/Er2O3
107,14,False,161,Ga/Er2O3
107,14,False,162,Al/Er2O3
107,14,False,163,Cu/Tm2O3
107,14,False,168,Cu/Lu2O3
107,14,False,169,Ag/Lu2O3
107,14,False,170,Au/Lu2O3
107,14,False,173,Ni/ThO2
107,14,False,174,Fe/ThO2
107,14,False,175,Cr/ThO2
107,14,False,176,Ag/CdO
36,15,False,0,Pb/MgO
36,15,False,1,Cu/MgO
36,15,False,10,Fe/MgO
36,15,False,12,Mg/MgO
36,15,False,13,Rh/MgO
36,15,False,14,Ir/MgO
36,15,False,20,Sn/TiO2
36,15,False,23,Al/TiO2
36,15,False,24,Si/TiO2
36,15,False,26,Mg/TiO2
36,15,False,31,Sn/Al2O3
36,15,False,36,In/Al2O3
36,15,False,38,Al/Al2O3
36,15,False,41,Fe/Al2O3
36,15,False,46,Zn/Al2O3
36,15,False,59,Ni/BeO
36,15,False,60,Si/BeO
36,15,False,62,Cr/BeO
36,15,False,70,Pb/ZrO2
36,15,False,72,Ag/ZrO2
36,15,False,79,In/ZrO2
36,15,False,90,Au/CoO
36,15,False,97,Sn/NiO
36,15,False,98,Ni/NiO
36,15,False,99,Al/NiO
36,15,False,106,In/SiO2
36,15,False,108,Al/SiO2
36,15,False,112,Mg/SiO2
36,15,False,114,Cu/Ti2O3
36,15,False,128,Ga/Y2O3
36,15,False,144,Cu/Dy2O3
36,15,False,152,Sn/Ho2O3
36,15,False,166,Sn/Tm2O3
36,15,False,169,Ag/Lu2O3
36,15,False,170,Au/Lu2O3
36,15,False,172,Ge/Lu2O3
71,15,False,0,Pb/MgO
71,15,False,1,Cu/MgO
71,15,False,5,Pd/MgO
71,15,False,7,Ni/MgO
71,15,False,8,Al/MgO
71,15,False,10,Fe/MgO
71,15,False,12,Mg/MgO
71,15,False,13,Rh/MgO
71,15,False,14,Ir/MgO
71,15,False,18,Ag/TiO2
71,15,False,20,Sn/TiO2
71,15,False,23,Al/TiO2
71,15,False,24,Si/TiO2
71,15,False,25,Fe/TiO2
71,15,False,26,Mg/TiO2
71,15,False,27,Pb/Al2O3
71,15,False,31,Sn/Al2O3
71,15,False,34,Pt/Al2O3
71,15,False,36,In/Al2O3
71,15,False,38,Al/Al2O3
71,15,False,41,Fe/Al2O3
71,15,False,46,Zn/Al2O3
71,15,False,47,Ag/CaO
71,15,False,50,Pt/CaO
71,15,False,55,Ag/BeO
71,15,False,56,Sn/BeO
71,15,False,59,Ni/BeO
71,15,False,60,Si/BeO
71,15,False,62,Cr/BeO
71,15,False,70,Pb/ZrO2
71,15,False,72,Ag/ZrO2
71,15,False,73,Au/ZrO2
71,15,False,76,Pd/ZrO2
71,15,False,79,In/ZrO2
71,15,False,83,Co/ZrO2
71,15,False,85,Mg/ZrO2
71,15,False,87,Rh/ZrO2
71,15,False,90,Au/CoO
71,15,False,91,Sn/CoO
71,15,False,94,Co/CoO
71,15,False,97,Sn/NiO
71,15,False,98,Ni/NiO
71,15,False,99,Al/NiO
71,15,False,100,Pb/SiO2
71,15,False,101,Cu/SiO2
71,15,False,105,Ni/SiO2
71,15,False,106,In/SiO2
71,15,False,108,Al/SiO2
71,15,False,112,Mg/SiO2
71,15,False,114,Cu/Ti2O3
71,15,False,115,Au/Ti2O3
71,15,False,119,Ag/Yb2O3
71,15,False,123,Cu/Y2O3
71,15,False,124,Ag/Y2O3
71,15,False,125,Au/Y2O3
71,15,False,128,Ga/Y2O3
71,15,False,129,Al/Y2O3
71,15,False,134,Cu/Gd2O3
71,15,False,141,Au/Tb2O3
71,15,False,144,Cu/Dy2O3
71,15,False,146,Au/Dy2O3
71,15,False,152,Sn/Ho2O3
71,15,False,157,Ag/Er2O3
71,15,False,161,Ga/Er2O3
71,15,False,162,Al/Er2O3
71,15,False,165,Au/Tm2O3
71,15,False,166,Sn/Tm2O3
71,15,False,168,Cu/Lu2O3
71,15,False,169,Ag/Lu2O3
71,15,False,170,Au/Lu2O3
71,15,False,172,Ge/Lu2O3
107,15,False,0,Pb/MgO
107,15,False,1,Cu/MgO
107,15,False,3,Au/MgO
107,15,False,5,Pd/MgO
107,15,False,7,Ni/MgO
107,15,False,8,Al/MgO
107,15,False,10,Fe/MgO
107,15,False,12,Mg/MgO
107,15,False,13,Rh/MgO
107,15,False,14,Ir/MgO
107,15,False,15,Cu/Fe3O4
107,15,False,16,Sn/Fe3O4
107,15,False,18,Ag/TiO2
107,15,False,19,Au/TiO2
107,15,False,20,Sn/TiO2
107,15,False,21,Ge/TiO2
107,15,False,23,Al/TiO2
107,15,False,24,Si/TiO2
107,15,False,25,Fe/TiO2
107,15,False,26,Mg/TiO2
107,15,False,27,Pb/Al2O3
107,15,False,28,Cu/Al2O3
107,15,False,31,Sn/Al2O3
107,15,False,33,Pd/Al2O3
107,15,False,34,Pt/Al2O3
107,15,False,36,In/Al2O3
107,15,False,38,Al/Al2O3
107,15,False,40,Si/Al2O3
107,15,False,41,Fe/Al2O3
107,15,False,43,Ti/Al2O3
107,15,False,46,Zn/Al2O3
107,15,False,47,Ag/CaO
107,15,False,48,Sn/CaO
107,15,False,49,Pd/CaO
107,15,False,50,Pt/CaO
107,15,False,54,Pb/BeO
107,15,False,55,Ag/BeO
107,15,False,56,Sn/BeO
107,15,False,57,Pd/BeO
107,15,False,59,Ni/BeO
107,15,False,60,Si/BeO
107,15,False,61,Fe/BeO
107,15,False,62,Cr/BeO
107,15,False,63,V/BeO
107,15,False,65,Cu/UO2
107,15,False,66,Sn/UO2
107,15,False,70,Pb/ZrO2
107,15,False,71,Cu/ZrO2
107,15,False,72,Ag/ZrO2
107,15,False,73,Au/ZrO2
107,15,False,76,Pd/ZrO2
107,15,False,78,Ni/ZrO2
107,15,False,79,In/ZrO2
107,15,False,81,Si/ZrO2
107,15,False,83,Co/ZrO2
107,15,False,85,Mg/ZrO2
107,15,False,87,Rh/ZrO2
107,15,False,90,Au/CoO
107,15,False,91,Sn/CoO
107,15,False,92,Ni/CoO
107,15,False,94,Co/CoO
107,15,False,95,Cu/NiO
107,15,False,97,Sn/NiO
107,15,False,98,Ni/NiO
107,15,False,99,Al/NiO
107,15,False,100,Pb/SiO2
107,15,False,101,Cu/SiO2
107,15,False,103,Au/SiO2
107,15,False,105,Ni/SiO2
107,15,False,106,In/SiO2
107,15,False,108,Al/SiO2
107,15,False,109,Si/SiO2
107,15,False,111,Co/SiO2
107,15,False,112,Mg/SiO2
107,15,False,114,Cu/Ti2O3
107,15,False,115,Au/Ti2O3
107,15,False,119,Ag/Yb2O3
107,15,False,120,Au/Yb2O3
107,15,False,123,Cu/Y2O3
107,15,False,124,Ag/Y2O3
107,15,False,125,Au/Y2O3
107,15,False,128,Ga/Y2O3
107,15,False,129,Al/Y2O3
107,15,False,134,Cu/Gd2O3
107,15,False,135,Ag/Gd2O3
107,15,False,139,Cu/Tb2O3
107,15,False,141,Au/Tb2O3
107,15,False,143,Ge/Tb2O3
107,15,False,144,Cu/Dy2O3
107,15,False,145,Ag/Dy2O3
107,15,False,146,Au/Dy2O3
107,15,False,147,Sn/Dy2O3
107,15,False,152,Sn/Ho2O3
107,15,False,153,Ge/Ho2O3
107,15,False,155,Al/Ho2O3
107,15,False,157,Ag/Er2O3
107,15,False,159,Sn/Er2O3
107,15,False,160,Ge/Er2O3
107,15,False,161,Ga/Er2O3
107,15,False,162,Al/Er2O3
107,15,False,165,Au/Tm2O3
107,15,False,166,Sn/Tm2O3
107,15,False,168,Cu/Lu2O3
107,15,False,169,Ag/Lu2O3
107,15,False,170,Au/Lu2O3
107,15,False,172,Ge/Lu2O3
107,15,False,176,Ag/CdO
36,16,False,5,Pd/MgO
36,16,False,7,Ni/MgO
36,16,False,15,Cu/Fe3O4
36,16,False,20,Sn/TiO2
36,16,False,23,Al/TiO2
36,16,False,25,Fe/TiO2
36,16,False,27,Pb/Al2O3
36,16,False,28,Cu/Al2O3
36,16,False,29,Ag/Al2O3
36,16,False,36,In/Al2O3
36,16,False,42,Co/Al2O3
36,16,False,47,Ag/CaO
36,16,False,57,Pd/BeO
36,16,False,64,Rh/BeO
36,16,False,68,Al/UO2
36,16,False,73,Au/ZrO2
36,16,False,78,Ni/ZrO2
36,16,False,80,Al/ZrO2
36,16,False,85,Mg/ZrO2
36,16,False,86,V/ZrO2
36,16,False,89,Fe/Cr2O3
36,16,False,95,Cu/NiO
36,16,False,106,In/SiO2
36,16,False,109,Si/SiO2
36,16,False,119,Ag/Yb2O3
36,16,False,126,Sn/Y2O3
36,16,False,127,Ge/Y2O3
36,16,False,146,Au/Dy2O3
36,16,False,152,Sn/Ho2O3
36,16,False,159,Sn/Er2O3
36,16,False,162,Al/Er2O3
36,16,False,163,Cu/Tm2O3
36,16,False,166,Sn/Tm2O3
36,16,False,168,Cu/Lu2O3
36,16,False,169,Ag/Lu2O3
36,16,False,175,Cr/ThO2
71,16,False,5,Pd/MgO
71,16,False,7,Ni/MgO
71,16,False,8,Al/MgO
71,16,False,10,Fe/MgO
71,16,False,13,Rh/MgO
71,16,False,15,Cu/Fe3O4
71,16,False,16,Sn/Fe3O4
71,16,False,20,Sn/TiO2
71,16,False,23,Al/TiO2
71,16,False,25,Fe/TiO2
71,16,False,26,Mg/TiO2
71,16,False,27,Pb/Al2O3
71,16,False,28,Cu/Al2O3
71,16,False,29,Ag/Al2O3
71,16,False,31,Sn/Al2O3
71,16,False,33,Pd/Al2O3
71,16,False,36,In/Al2O3
71,16,False,41,Fe/Al2O3
71,16,False,42,Co/Al2O3
71,16,False,47,Ag/CaO
71,16,False,51,Ni/CaO
71,16,False,52,Fe/CaO
71,16,False,54,Pb/BeO
71,16,False,56,Sn/BeO
71,16,False,57,Pd/BeO
71,16,False,59,Ni/BeO
71,16,False,63,V/BeO
71,16,False,64,Rh/BeO
71,16,False,66,Sn/UO2
71,16,False,68,Al/UO2
71,16,False,70,Pb/ZrO2
71,16,False,72,Ag/ZrO2
71,16,False,73,Au/ZrO2
71,16,False,76,Pd/ZrO2
71,16,False,77,Pt/ZrO2
71,16,False,78,Ni/ZrO2
71,16,False,79,In/ZrO2
71,16,False,80,Al/ZrO2
71,16,False,85,Mg/ZrO2
71,16,False,86,V/ZrO2
71,16,False,89,Fe/Cr2O3
71,16,False,92,Ni/CoO
71,16,False,93,Al/CoO
71,16,False,95,Cu/NiO
71,16,False,96,Ag/NiO
71,16,False,97,Sn/NiO
71,16,False,99,Al/NiO
71,16,False,103,Au/SiO2
71,16,False,106,In/SiO2
71,16,False,109,Si/SiO2
71,16,False,112,Mg/SiO2
71,16,False,119,Ag/Yb2O3
71,16,False,126,Sn/Y2O3
71,16,False,127,Ge/Y2O3
71,16,False,134,Cu/Gd2O3
71,16,False,140,Ag/Tb2O3
71,16,False,141,Au/Tb2O3
71,16,False,143,Ge/Tb2O3
71,16,False,146,Au/Dy2O3
71,16,False,150,Ag/Ho2O3
71,16,False,152,Sn/Ho2O3
71,16,False,158,Au/Er2O3
71,16,False,159,Sn/Er2O3
71,16,False,161,Ga/Er2O3
71,16,False,162,Al/Er2O3
71,16,False,163,Cu/Tm2O3
71,16,False,166,Sn/Tm2O3
71,16,False,168,Cu/Lu2O3
71,16,False,169,Ag/Lu2O3
71,16,False,175,Cr/ThO2
71,16,False,176,Ag/CdO
107,16,False,3,Au/MgO
107,16,False,5,Pd/MgO
107,16,False,7,Ni/MgO
107,16,False,8,Al/MgO
107,16,False,10,Fe/MgO
107,16,False,12,Mg/MgO
107,16,False,13,Rh/MgO
107,16,False,14,Ir/MgO
107,16,False,15,Cu/Fe3O4
107,16,False,16,Sn/Fe3O4
107,16,False,18,Ag/TiO2
107,16,False,20,Sn/TiO2
107,16,False,23,Al/TiO2
107,16,False,25,Fe/TiO2
107,16,False,26,Mg/TiO2
107,16,False,27,Pb/Al2O3
107,16,False,28,Cu/Al2O3
107,16,False,29,Ag/Al2O3
107,16,False,31,Sn/Al2O3
107,16,False,33,Pd/Al2O3
107,16,False,36,In/Al2O3
107,16,False,39,Mn/Al2O3
107,16,False,40,Si/Al2O3
107,16,False,41,Fe/Al2O3
107,16,False,42,Co/Al2O3
107,16,False,47,Ag/CaO
107,16,False,48,Sn/CaO
107,16,False,49,Pd/CaO
107,16,False,50,Pt/CaO
107,16,False,51,Ni/CaO
107,16,False,52,Fe/CaO
107,16,False,54,Pb/BeO
107,16,False,56,Sn/BeO
107,16,False,57,Pd/BeO
107,16,False,59,Ni/BeO
107,16,False,60,Si/BeO
107,16,False,62,Cr/BeO
107,16,False,63,V/BeO
107,16,False,64,Rh/BeO
107,16,False,65,Cu/UO2
107,16,False,66,Sn/UO2
107,16,False,68,Al/UO2
107,16,False,70,Pb/ZrO2
107,16,False,71,Cu/ZrO2
107,16,False,72,Ag/ZrO2
107,16,False,73,Au/ZrO2
107,16,False,76,Pd/ZrO2
107,16,False,77,Pt/ZrO2
107,16,False,78,Ni/ZrO2
107,16,False,79,In/ZrO2
107,16,False,80,Al/ZrO2
107,16,False,83,Co/ZrO2
107,16,False,84,Bi/ZrO2
107,16,False,85,Mg/ZrO2
107,16,False,86,V/ZrO2
107,16,False,89,Fe/Cr2O3
107,16,False,90,Au/CoO
107,16,False,91,Sn/CoO
107,16,False,92,Ni/CoO
107,16,False,93,Al/CoO
107,16,False,94,Co/CoO
107,16,False,95,Cu/NiO
107,16,False,96,Ag/NiO
107,16,False,97,Sn/NiO
107,16,False,98,Ni/NiO
107,16,False,99,Al/NiO
107,16,False,100,Pb/SiO2
107,16,False,101,Cu/SiO2
107,16,False,103,Au/SiO2
107,16,False,104,Sn/SiO2
107,16,False,106,In/SiO2
107,16,False,108,Al/SiO2
107,16,False,109,Si/SiO2
107,16,False,110,Fe/SiO2
107,16,False,111,Co/SiO2
107,16,False,112,Mg/SiO2
107,16,False,113,Sb/SiO2
107,16,False,119,Ag/Yb2O3
107,16,False,120,Au/Yb2O3
107,16,False,123,Cu/Y2O3
107,16,False,124,Ag/Y2O3
107,16,False,126,Sn/Y2O3
107,16,False,127,Ge/Y2O3
107,16,False,133,Al/ZnO
107,16,False,134,Cu/Gd2O3
107,16,False,135,Ag/Gd2O3
107,16,False,140,Ag/Tb2O3
107,16,False,141,Au/Tb2O3
107,16,False,143,Ge/Tb2O3
107,16,False,145,Ag/Dy2O3
107,16,False,146,Au/Dy2O3
107,16,False,150,Ag/Ho2O3
107,16,False,152,Sn/Ho2O3
107,16,False,158,Au/Er2O3
107,16,False,159,Sn/Er2O3
107,16,False,160,Ge/Er2O3
107,16,False,161,Ga/Er2O3
107,16,False,162,Al/Er2O3
107,16,False,163,Cu/Tm2O3
107,16,False,165,Au/Tm2O3
107,16,False,166,Sn/Tm2O3
107,16,False,168,Cu/Lu2O3
107,16,False,169,Ag/Lu2O3
107,16,False,170,Au/Lu2O3
107,16,False,172,Ge/Lu2O3
107,16,False,175,Cr/ThO2
107,16,False,176,Ag/CdO
36,17,False,2,Ag/MgO
36,17,False,10,Fe/MgO
36,17,False,15,Cu/Fe3O4
36,17,False,18,Ag/TiO2
36,17,False,21,Ge/TiO2
36,17,False,26,Mg/TiO2
36,17,False,28,Cu/Al2O3
36,17,False,29,Ag/Al2O3
36,17,False,36,In/Al2O3
36,17,False,37,Ga/Al2O3
36,17,False,41,Fe/Al2O3
36,17,False,42,Co/Al2O3
36,17,False,46,Zn/Al2O3
36,17,False,47,Ag/CaO
36,17,False,50,Pt/CaO
36,17,False,53,Rh/CaO
36,17,False,56,Sn/BeO
36,17,False,62,Cr/BeO
36,17,False,63,V/BeO
36,17,False,66,Sn/UO2
36,17,False,71,Cu/ZrO2
36,17,False,79,In/ZrO2
36,17,False,89,Fe/Cr2O3
36,17,False,90,Au/CoO
36,17,False,95,Cu/NiO
36,17,False,106,In/SiO2
36,17,False,123,Cu/Y2O3
36,17,False,124,Ag/Y2O3
36,17,False,127,Ge/Y2O3
36,17,False,131,Ag/ZnO
36,17,False,139,Cu/Tb2O3
36,17,False,144,Cu/Dy2O3
36,17,False,152,Sn/Ho2O3
36,17,False,155,Al/Ho2O3
36,17,False,173,Ni/ThO2
36,17,False,176,Ag/CdO
71,17,False,1,Cu/MgO
71,17,False,2,Ag/MgO
71,17,False,5,Pd/MgO
71,17,False,6,Pt/MgO
71,17,False,10,Fe/MgO
71,17,False,11,Bi/MgO
71,17,False,12,Mg/MgO
71,17,False,14,Ir/MgO
71,17,False,15,Cu/Fe3O4
71,17,False,16,Sn/Fe3O4
71,17,False,18,Ag/TiO2
71,17,False,21,Ge/TiO2
71,17,False,26,Mg/TiO2
71,17,False,28,Cu/Al2O3
71,17,False,29,Ag/Al2O3
71,17,False,31,Sn/Al2O3
71,17,False,36,In/Al2O3
71,17,False,37,Ga/Al2O3
71,17,False,40,Si/Al2O3
71,17,False,41,Fe/Al2O3
71,17,False,42,Co/Al2O3
71,17,False,46,Zn/Al2O3
71,17,False,47,Ag/CaO
71,17,False,50,Pt/CaO
71,17,False,52,Fe/CaO
71,17,False,53,Rh/CaO
71,17,False,56,Sn/BeO
71,17,False,57,Pd/BeO
71,17,False,62,Cr/BeO
71,17,False,63,V/BeO
71,17,False,64,Rh/BeO
71,17,False,65,Cu/UO2
71,17,False,66,Sn/UO2
71,17,False,71,Cu/ZrO2
71,17,False,72,Ag/ZrO2
71,17,False,73,Au/ZrO2
71,17,False,78,Ni/ZrO2
71,17,False,79,In/ZrO2
71,17,False,81,Si/ZrO2
71,17,False,85,Mg/ZrO2
71,17,False,89,Fe/Cr2O3
71,17,False,90,Au/CoO
71,17,False,91,Sn/CoO
71,17,False,92,Ni/CoO
71,17,False,94,Co/CoO
71,17,False,95,Cu/NiO
71,17,False,98,Ni/NiO
71,17,False,105,Ni/SiO2
71,17,False,106,In/SiO2
71,17,False,110,Fe/SiO2
71,17,False,111,Co/SiO2
71,17,False,112,Mg/SiO2
71,17,False,113,Sb/SiO2
71,17,False,115,Au/Ti2O3
71,17,False,119,Ag/Yb2O3
71,17,False,123,Cu/Y2O3
71,17,False,124,Ag/Y2O3
71,17,False,127,Ge/Y2O3
71,17,False,128,Ga/Y2O3
71,17,False,131,Ag/ZnO
71,17,False,133,Al/ZnO
71,17,False,135,Ag/Gd2O3
71,17,False,139,Cu/Tb2O3
71,17,False,143,Ge/Tb2O3
71,17,False,144,Cu/Dy2O3
71,17,False,152,Sn/Ho2O3
71,17,False,155,Al/Ho2O3
71,17,False,161,Ga/Er2O3
71,17,False,165,Au/Tm2O3
71,17,False,173,Ni/ThO2
71,17,False,176,Ag/CdO
107,17,False,0,Pb/MgO
107,17,False,1,Cu/MgO
107,17,False,2,Ag/MgO
107,17,False,5,Pd/MgO
107,17,False,6,Pt/MgO
107,17,False,8,Al/MgO
107,17,False,10,Fe/MgO
107,17,False,11,Bi/MgO
107,17,False,12,Mg/MgO
107,17,False,14,Ir/MgO
107,17,False,15,Cu/Fe3O4
107,17,False,16,Sn/Fe3O4
107,17,False,18,Ag/TiO2
107,17,False,21,Ge/TiO2
107,17,False,23,Al/TiO2
107,17,False,25,Fe/TiO2
107,17,False,26,Mg/TiO2
107,17,False,27,Pb/Al2O3
107,17,False,28,Cu/Al2O3
107,17,False,29,Ag/Al2O3
107,17,False,31,Sn/Al2O3
107,17,False,36,In/Al2O3
107,17,False,37,Ga/Al2O3
107,17,False,40,Si/Al2O3
107,17,False,41,Fe/Al2O3
107,17,False,42,Co/Al2O3
107,17,False,43,Ti/Al2O3
107,17,False,46,Zn/Al2O3
107,17,False,47,Ag/CaO
107,17,False,50,Pt/CaO
107,17,False,51,Ni/CaO
107,17,False,52,Fe/CaO
107,17,False,53,Rh/CaO
107,17,False,55,Ag/BeO
107,17,False,56,Sn/BeO
107,17,False,57,Pd/BeO
107,17,False,60,Si/BeO
107,17,False,62,Cr/BeO
107,17,False,63,V/BeO
107,17,False,64,Rh/BeO
107,17,False,65,Cu/UO2
107,17,False,66,Sn/UO2
107,17,False,68,Al/UO2
107,17,False,71,Cu/ZrO2
107,17,False,72,Ag/ZrO2
107,17,False,73,Au/ZrO2
107,17,False,76,Pd/ZrO2
107,17,False,77,Pt/ZrO2
107,17,False,78,Ni/ZrO2
107,17,False,79,In/ZrO2
107,17,False,80,Al/ZrO2
107,17,False,81,Si/ZrO2
107,17,False,83,Co/ZrO2
107,17,False,84,Bi/ZrO2
107,17,False,85,Mg/ZrO2
107,17,False,87,Rh/ZrO2
107,17,False,89,Fe/Cr2O3
107,17,False,90,Au/CoO
107,17,False,91,Sn/CoO
107,17,False,92,Ni/CoO
107,17,False,93,Al/CoO
107,17,False,94,Co/CoO
107,17,False,95,Cu/NiO
107,17,False,96,Ag/NiO
107,17,False,97,Sn/NiO
107,17,False,98,Ni/NiO
107,17,False,100,Pb/SiO2
107,17,False,101,Cu/SiO2
107,17,False,103,Au/SiO2
107,17,False,104,Sn/SiO2
107,17,False,105,Ni/SiO2
107,17,False,106,In/SiO2
107,17,False,109,Si/SiO2
107,17,False,110,Fe/SiO2
107,17,False,111,Co/SiO2
107,17,False,112,Mg/SiO2
107,17,False,113,Sb/SiO2
107,17,False,114,Cu/Ti2O3
107,17,False,115,Au/Ti2O3
107,17,False,118,Cu/Yb2O3
107,17,False,119,Ag/Yb2O3
107,17,False,123,Cu/Y2O3
107,17,False,124,Ag/Y2O3
107,17,False,127,Ge/Y2O3
107,17,False,128,Ga/Y2O3
107,17,False,129,Al/Y2O3
107,17,False,131,Ag/ZnO
107,17,False,133,Al/ZnO
107,17,False,135,Ag/Gd2O3
107,17,False,139,Cu/Tb2O3
107,17,False,141,Au/Tb2O3
107,17,False,143,Ge/Tb2O3
107,17,False,144,Cu/Dy2O3
107,17,False,146,Au/Dy2O3
107,17,False,152,Sn/Ho2O3
107,17,False,155,Al/Ho2O3
107,17,False,157,Ag/Er2O3
107,17,False,158,Au/Er2O3
107,17,False,161,Ga/Er2O3
107,17,False,162,Al/Er2O3
107,17,False,163,Cu/Tm2O3
107,17,False,165,Au/Tm2O3
107,17,False,170,Au/Lu2O3
107,17,False,172,Ge/Lu2O3
107,17,False,173,Ni/ThO2
107,17,False,175,Cr/ThO2
107,17,False,176,Ag/CdO
36,18,False,11,Bi/MgO
36,18,False,24,Si/TiO2
36,18,False,27,Pb/Al2O3
36,18,False,36,In/Al2O3
36,18,False,49,Pd/CaO
36,18,False,50,Pt/CaO
36,18,False,51,Ni/CaO
36,18,False,55,Ag/BeO
36,18,False,57,Pd/BeO
36,18,False,64,Rh/BeO
36,18,False,66,Sn/UO2
36,18,False,83,Co/ZrO2
36,18,False,84,Bi/ZrO2
36,18,False,86,V/ZrO2
36,18,False,87,Rh/ZrO2
36,18,False,94,Co/CoO
36,18,False,97,Sn/NiO
36,18,False,99,Al/NiO
36,18,False,101,Cu/SiO2
36,18,False,108,Al/SiO2
36,18,False,120,Au/Yb2O3
36,18,False,123,Cu/Y2O3
36,18,False,125,Au/Y2O3
36,18,False,128,Ga/Y2O3
36,18,False,129,Al/Y2O3
36,18,False,133,Al/ZnO
36,18,False,135,Ag/Gd2O3
36,18,False,139,Cu/Tb2O3
36,18,False,141,Au/Tb2O3
36,18,False,143,Ge/Tb2O3
36,18,False,146,Au/Dy2O3
36,18,False,153,Ge/Ho2O3
36,18,False,157,Ag/Er2O3
36,18,False,159,Sn/Er2O3
36,18,False,165,Au/Tm2O3
36,18,False,169,Ag/Lu2O3
71,18,False,1,Cu/MgO
71,18,False,2,Ag/MgO
71,18,False,6,Pt/MgO
71,18,False,8,Al/MgO
71,18,False,11,Bi/MgO
71,18,False,12,Mg/MgO
71,18,False,14,Ir/MgO
71,18,False,20,Sn/TiO2
71,18,False,21,Ge/TiO2
71,18,False,23,Al/TiO2
71,18,False,24,Si/TiO2
71,18,False,25,Fe/TiO2
71,18,False,26,Mg/TiO2
71,18,False,27,Pb/Al2O3
71,18,False,36,In/Al2O3
71,18,False,40,Si/Al2O3
71,18,False,49,Pd/CaO
71,18,False,50,Pt/CaO
71,18,False,51,Ni/CaO
71,18,False,53,Rh/CaO
71,18,False,55,Ag/BeO
71,18,False,56,Sn/BeO
71,18,False,57,Pd/BeO
71,18,False,59,Ni/BeO
71,18,False,60,Si/BeO
71,18,False,61,Fe/BeO
71,18,False,64,Rh/BeO
71,18,False,66,Sn/UO2
71,18,False,77,Pt/ZrO2
71,18,False,80,Al/ZrO2
71,18,False,83,Co/ZrO2
71,18,False,84,Bi/ZrO2
71,18,False,86,V/ZrO2
71,18,False,87,Rh/ZrO2
71,18,False,89,Fe/Cr2O3
71,18,False,92,Ni/CoO
71,18,False,94,Co/CoO
71,18,False,96,Ag/NiO
71,18,False,97,Sn/NiO
71,18,False,99,Al/NiO
71,18,False,101,Cu/SiO2
71,18,False,103,Au/SiO2
71,18,False,108,Al/SiO2
71,18,False,113,Sb/SiO2
71,18,False,114,Cu/Ti2O3
71,18,False,115,Au/Ti2O3
71,18,False,120,Au/Yb2O3
71,18,False,123,Cu/Y2O3
71,18,False,125,Au/Y2O3
71,18,False,127,Ge/Y2O3
71,18,False,128,Ga/Y2O3
71,18,False,129,Al/Y2O3
71,18,False,133,Al/ZnO
71,18,False,134,Cu/Gd2O3
71,18,False,135,Ag/Gd2O3
71,18,False,139,Cu/Tb2O3
71,18,False,141,Au/Tb2O3
71,18,False,143,Ge/Tb2O3
71,18,False,144,Cu/Dy2O3
71,18,False,146,Au/Dy2O3
71,18,False,153,Ge/Ho2O3
71,18,False,155,Al/Ho2O3
71,18,False,157,Ag/Er2O3
71,18,False,158,Au/Er2O3
71,18,False,159,Sn/Er2O3
71,18,False,160,Ge/Er2O3
71,18,False,162,Al/Er2O3
71,18,False,165,Au/Tm2O3
71,18,False,166,Sn/Tm2O3
71,18,False,169,Ag/Lu2O3
71,18,False,173,Ni/ThO2
107,18,False,1,Cu/MgO
107,18,False,2,Ag/MgO
107,18,False,3,Au/MgO
107,18,False,5,Pd/MgO
107,18,False,6,Pt/MgO
107,18,False,7,Ni/MgO
107,18,False,8,Al/MgO
107,18,False,11,Bi/MgO
107,18,False,12,Mg/MgO
107,18,False,13,Rh/MgO
107,18,False,14,Ir/MgO
107,18,False,15,Cu/Fe3O4
107,18,False,16,Sn/Fe3O4
107,18,False,20,Sn/TiO2
107,18,False,21,Ge/TiO2
107,18,False,23,Al/TiO2
107,18,False,24,Si/TiO2
107,18,False,25,Fe/TiO2
107,18,False,26,Mg/TiO2
107,18,False,27,Pb/Al2O3
107,18,False,28,Cu/Al2O3
107,18,False,29,Ag/Al2O3
107,18,False,31,Sn/Al2O3
107,18,False,33,Pd/Al2O3
107,18,False,36,In/Al2O3
107,18,False,38,Al/Al2O3
107,18,False,39,Mn/Al2O3
107,18,False,40,Si/Al2O3
107,18,False,46,Zn/Al2O3
107,18,False,49,Pd/CaO
107,18,False,50,Pt/CaO
107,18,False,51,Ni/CaO
107,18,False,53,Rh/CaO
107,18,False,55,Ag/BeO
107,18,False,56,Sn/BeO
107,18,False,57,Pd/BeO
107,18,False,59,Ni/BeO
107,18,False,60,Si/BeO
107,18,False,61,Fe/BeO
107,18,False,62,Cr/BeO
107,18,False,64,Rh/BeO
107,18,False,65,Cu/UO2
107,18,False,66,Sn/UO2
107,18,False,68,Al/UO2
107,18,False,77,Pt/ZrO2
107,18,False,80,Al/ZrO2
107,18,False,81,Si/ZrO2
107,18,False,83,Co/ZrO2
107,18,False,84,Bi/ZrO2
107,18,False,86,V/ZrO2
107,18,False,87,Rh/ZrO2
107,18,False,89,Fe/Cr2O3
107,18,False,91,Sn/CoO
107,18,False,92,Ni/CoO
107,18,False,94,Co/CoO
107,18,False,96,Ag/NiO
107,18,False,97,Sn/NiO
107,18,False,99,Al/NiO
107,18,False,101,Cu/SiO2
107,18,False,103,Au/SiO2
107,18,False,104,Sn/SiO2
107,18,False,105,Ni/SiO2
107,18,False,106,In/SiO2
107,18,False,108,Al/SiO2
107,18,False,110,Fe/SiO2
107,18,False,111,Co/SiO2
107,18,False,113,Sb/SiO2
107,18,False,114,Cu/Ti2O3
107,18,False,115,Au/Ti2O3
107,18,False,118,Cu/Yb2O3
107,18,False,119,Ag/Yb2O3
107,18,False,120,Au/Yb2O3
107,18,False,123,Cu/Y2O3
107,18,False,125,Au/Y2O3
107,18,False,127,Ge/Y2O3
107,18,False,128,Ga/Y2O3
107,18,False,129,Al/Y2O3
107,18,False,131,Ag/ZnO
107,18,False,133,Al/ZnO
107,18,False,134,Cu/Gd2O3
107,18,False,135,Ag/Gd2O3
107,18,False,139,Cu/Tb2O3
107,18,False,140,Ag/Tb2O3
107,18,False,141,Au/Tb2O3
107,18,False,143,Ge/Tb2O3
107,18,False,144,Cu/Dy2O3
107,18,False,145,Ag/Dy2O3
107,18,False,146,Au/Dy2O3
107,18,False,147,Sn/Dy2O3
107,18,False,150,Ag/Ho2O3
107,18,False,153,Ge/Ho2O3
107,18,False,155,Al/Ho2O3
107,18,False,157,Ag/Er2O3
107,18,False,158,Au/Er2O3
107,18,False,159,Sn/Er2O3
107,18,False,160,Ge/Er2O3
107,18,False,162,Al/Er2O3
107,18,False,163,Cu/Tm2O3
107,18,False,165,Au/Tm2O3
107,18,False,166,Sn/Tm2O3
107,18,False,168,Cu/Lu2O3
107,18,False,169,Ag/Lu2O3
107,18,False,170,Au/Lu2O3
107,18,False,172,Ge/Lu2O3
107,18,False,173,Ni/ThO2
107,18,False,174,Fe/ThO2
107,18,False,175,Cr/ThO2
36,19,False,0,Pb/MgO
36,19,False,1,Cu/MgO
36,19,False,5,Pd/MgO
36,19,False,11,Bi/MgO
36,19,False,15,Cu/Fe3O4
36,19,False,23,Al/TiO2
36,19,False,24,Si/TiO2
36,19,False,28,Cu/Al2O3
36,19,False,39,Mn/Al2O3
36,19,False,46,Zn/Al2O3
36,19,False,52,Fe/CaO
36,19,False,64,Rh/BeO
36,19,False,73,Au/ZrO2
36,19,False,77,Pt/ZrO2
36,19,False,79,In/ZrO2
36,19,False,81,Si/ZrO2
36,19,False,84,Bi/ZrO2
36,19,False,85,Mg/ZrO2
36,19,False,94,Co/CoO
36,19,False,95,Cu/NiO
36,19,False,97,Sn/NiO
36,19,False,98,Ni/NiO
36,19,False,108,Al/SiO2
36,19,False,110,Fe/SiO2
36,19,False,114,Cu/Ti2O3
36,19,False,126,Sn/Y2O3
36,19,False,131,Ag/ZnO
36,19,False,133,Al/ZnO
36,19,False,135,Ag/Gd2O3
36,19,False,140,Ag/Tb2O3
36,19,False,152,Sn/Ho2O3
36,19,False,153,Ge/Ho2O3
36,19,False,158,Au/Er2O3
36,19,False,163,Cu/Tm2O3
36,19,False,165,Au/Tm2O3
36,19,False,170,Au/Lu2O3
71,19,False,0,Pb/MgO
71,19,False,1,Cu/MgO
71,19,False,5,Pd/MgO
71,19,False,11,Bi/MgO
71,19,False,14,Ir/MgO
71,19,False,15,Cu/Fe3O4
71,19,False,16,Sn/Fe3O4
71,19,False,23,Al/TiO2
71,19,False,24,Si/TiO2
71,19,False,25,Fe/TiO2
71,19,False,28,Cu/Al2O3
71,19,False,33,Pd/Al2O3
71,19,False,36,In/Al2O3
71,19,False,39,Mn/Al2O3
71,19,False,40,Si/Al2O3
71,19,False,43,Ti/Al2O3
71,19,False,46,Zn/Al2O3
71,19,False,47,Ag/CaO
71,19,False,50,Pt/CaO
71,19,False,51,Ni/CaO
71,19,False,52,Fe/CaO
71,19,False,60,Si/BeO
71,19,False,62,Cr/BeO
71,19,False,64,Rh/BeO
71,19,False,65,Cu/UO2
71,19,False,66,Sn/UO2
71,19,False,72,Ag/ZrO2
71,19,False,73,Au/ZrO2
71,19,False,77,Pt/ZrO2
71,19,False,78,Ni/ZrO2
71,19,False,79,In/ZrO2
71,19,False,80,Al/ZrO2
71,19,False,81,Si/ZrO2
71,19,False,83,Co/ZrO2
71,19,False,84,Bi/ZrO2
71,19,False,85,Mg/ZrO2
71,19,False,89,Fe/Cr2O3
71,19,False,94,Co/CoO
71,19,False,95,Cu/NiO
71,19,False,97,Sn/NiO
71,19,False,98,Ni/NiO
71,19,False,104,Sn/SiO2
71,19,False,106,In/SiO2
71,19,False,108,Al/SiO2
71,19,False,110,Fe/SiO2
71,19,False,112,Mg/SiO2
71,19,False,114,Cu/Ti2O3
71,19,False,118,Cu/Yb2O3
71,19,False,119,Ag/Yb2O3
71,19,False,120,Au/Yb2O3
71,19,False,123,Cu/Y2O3
71,19,False,125,Au/Y2O3
71,19,False,126,Sn/Y2O3
71,19,False,131,Ag/ZnO
71,19,False,133,Al/ZnO
71,19,False,134,Cu/Gd2O3
71,19,False,135,Ag/Gd2O3
71,19,False,139,Cu/Tb2O3
71,19,False,140,Ag/Tb2O3
71,19,False,150,Ag/Ho2O3
71,19,False,152,Sn/Ho2O3
71,19,False,153,Ge/Ho2O3
71,19,False,158,Au/Er2O3
71,19,False,161,Ga/Er2O3
71,19,False,163,Cu/Tm2O3
71,19,False,165,Au/Tm2O3
71,19,False,166,Sn/Tm2O3
71,19,False,168,Cu/Lu2O3
71,19,False,170,Au/Lu2O3
71,19,False,175,Cr/ThO2
71,19,False,176,Ag/CdO
107,19,False,0,Pb/MgO
107,19,False,1,Cu/MgO
107,19,False,5,Pd/MgO
107,19,False,6,Pt/MgO
107,19,False,11,Bi/MgO
107,19,False,12,Mg/MgO
107,19,False,14,Ir/MgO
107,19,False,15,Cu/Fe3O4
107,19,False,16,Sn/Fe3O4
107,19,False,20,Sn/TiO2
107,19,False,21,Ge/TiO2
107,19,False,23,Al/TiO2
107,19,False,24,Si/TiO2
107,19,False,25,Fe/TiO2
107,19,False,28,Cu/Al2O3
107,19,False,31,Sn/Al2O3
107,19,False,33,Pd/Al2O3
107,19,False,36,In/Al2O3
107,19,False,37,Ga/Al2O3
107,19,False,39,Mn/Al2O3
107,19,False,40,Si/Al2O3
107,19,False,41,Fe/Al2O3
107,19,False,43,Ti/Al2O3
107,19,False,46,Zn/Al2O3
107,19,False,47,Ag/CaO
107,19,False,48,Sn/CaO
107,19,False,49,Pd/CaO
107,19,False,50,Pt/CaO
107,19,False,51,Ni/CaO
107,19,False,52,Fe/CaO
107,19,False,53,Rh/CaO
107,19,False,55,Ag/BeO
107,19,False,59,Ni/BeO
107,19,False,60,Si/BeO
107,19,False,61,Fe/BeO
107,19,False,62,Cr/BeO
107,19,False,63,V/BeO
107,19,False,64,Rh/BeO
107,19,False,65,Cu/UO2
107,19,False,66,Sn/UO2
107,19,False,68,Al/UO2
107,19,False,72,Ag/ZrO2
107,19,False,73,Au/ZrO2
107,19,False,76,Pd/ZrO2
107,19,False,77,Pt/ZrO2
107,19,False,78,Ni/ZrO2
107,19,False,79,In/ZrO2
107,19,False,80,Al/ZrO2
107,19,False,81,Si/ZrO2
107,19,False,83,Co/ZrO2
107,19,False,84,Bi/ZrO2
107,19,False,85,Mg/ZrO2
107,19,False,86,V/ZrO2
107,19,False,87,Rh/ZrO2
107,19,False,89,Fe/Cr2O3
107,19,False,91,Sn/CoO
107,19,False,93,Al/CoO
107,19,False,94,Co/CoO
107,19,False,95,Cu/NiO
107,19,False,97,Sn/NiO
107,19,False,98,Ni/NiO
107,19,False,99,Al/NiO
107,19,False,100,Pb/SiO2
107,19,False,104,Sn/SiO2
107,19,False,105,Ni/SiO2
107,19,False,106,In/SiO2
107,19,False,108,Al/SiO2
107,19,False,109,Si/SiO2
107,19,False,110,Fe/SiO2
107,19,False,111,Co/SiO2
107,19,False,112,Mg/SiO2
107,19,False,113,Sb/SiO2
107,19,False,114,Cu/Ti2O3
107,19,False,115,Au/Ti2O3
107,19,False,118,Cu/Yb2O3
107,19,False,119,Ag/Yb2O3
107,19,False,120,Au/Yb2O3
107,19,False,123,Cu/Y2O3
107,19,False,124,Ag/Y2O3
107,19,False,125,Au/Y2O3
107,19,False,126,Sn/Y2O3
107,19,False,128,Ga/Y2O3
107,19,False,129,Al/Y2O3
107,19,False,131,Ag/ZnO
107,19,False,133,Al/ZnO
107,19,False,134,Cu/Gd2O3
107,19,False,135,Ag/Gd2O3
107,19,False,139,Cu/Tb2O3
107,19,False,140,Ag/Tb2O3
107,19,False,141,Au/Tb2O3
107,19,False,145,Ag/Dy2O3
107,19,False,147,Sn/Dy2O3
107,19,False,150,Ag/Ho2O3
107,19,False,152,Sn/Ho2O3
107,19,False,153,Ge/Ho2O3
107,19,False,158,Au/Er2O3
107,19,False,159,Sn/Er2O3
107,19,False,161,Ga/Er2O3
107,19,False,162,Al/Er2O3
107,19,False,163,Cu/Tm2O3
107,19,False,165,Au/Tm2O3
107,19,False,166,Sn/Tm2O3
107,19,False,168,Cu/Lu2O3
107,19,False,170,Au/Lu2O3
107,19,False,173,Ni/ThO2
107,19,False,175,Cr/ThO2
107,19,False,176,Ag/CdO
36,20,False,2,Ag/MgO
36,20,False,6,Pt/MgO
36,20,False,12,Mg/MgO
36,20,False,19,Au/TiO2
36,20,False,25,Fe/TiO2
36,20,False,27,Pb/Al2O3
36,20,False,28,Cu/Al2O3
36,20,False,33,Pd/Al2O3
36,20,False,38,Al/Al2O3
36,20,False,40,Si/Al2O3
36,20,False,52,Fe/CaO
36,20,False,54,Pb/BeO
36,20,False,62,Cr/BeO
36,20,False,63,V/BeO
36,20,False,70,Pb/ZrO2
36,20,False,71,Cu/ZrO2
36,20,False,85,Mg/ZrO2
36,20,False,86,V/ZrO2
36,20,False,92,Ni/CoO
36,20,False,96,Ag/NiO
36,20,False,98,Ni/NiO
36,20,False,105,Ni/SiO2
36,20,False,108,Al/SiO2
36,20,False,110,Fe/SiO2
36,20,False,124,Ag/Y2O3
36,20,False,127,Ge/Y2O3
36,20,False,128,Ga/Y2O3
36,20,False,131,Ag/ZnO
36,20,False,135,Ag/Gd2O3
36,20,False,153,Ge/Ho2O3
36,20,False,158,Au/Er2O3
36,20,False,163,Cu/Tm2O3
36,20,False,169,Ag/Lu2O3
36,20,False,170,Au/Lu2O3
36,20,False,172,Ge/Lu2O3
36,20,False,174,Fe/ThO2
71,20,False,2,Ag/MgO
71,20,False,5,Pd/MgO
71,20,False,6,Pt/MgO
71,20,False,7,Ni/MgO
71,20,False,8,Al/MgO
71,20,False,10,Fe/MgO
71,20,False,12,Mg/MgO
71,20,False,13,Rh/MgO
71,20,False,16,Sn/Fe3O4
71,20,False,19,Au/TiO2
71,20,False,23,Al/TiO2
71,20,False,25,Fe/TiO2
71,20,False,27,Pb/Al2O3
71,20,False,28,Cu/Al2O3
71,20,False,33,Pd/Al2O3
71,20,False,34,Pt/Al2O3
71,20,False,37,Ga/Al2O3
71,20,False,38,Al/Al2O3
71,20,False,40,Si/Al2O3
71,20,False,43,Ti/Al2O3
71,20,False,48,Sn/CaO
71,20,False,52,Fe/CaO
71,20,False,54,Pb/BeO
71,20,False,59,Ni/BeO
71,20,False,61,Fe/BeO
71,20,False,62,Cr/BeO
71,20,False,63,V/BeO
71,20,False,65,Cu/UO2
71,20,False,68,Al/UO2
71,20,False,70,Pb/ZrO2
71,20,False,71,Cu/ZrO2
71,20,False,77,Pt/ZrO2
71,20,False,83,Co/ZrO2
71,20,False,85,Mg/ZrO2
71,20,False,86,V/ZrO2
71,20,False,91,Sn/CoO
71,20,False,92,Ni/CoO
71,20,False,93,Al/CoO
71,20,False,94,Co/CoO
71,20,False,95,Cu/NiO
71,20,False,96,Ag/NiO
71,20,False,97,Sn/NiO
71,20,False,98,Ni/NiO
71,20,False,100,Pb/SiO2
71,20,False,101,Cu/SiO2
71,20,False,105,Ni/SiO2
71,20,False,108,Al/SiO2
71,20,False,109,Si/SiO2
71,20,False,110,Fe/SiO2
71,20,False,111,Co/SiO2
71,20,False,113,Sb/SiO2
71,20,False,114,Cu/Ti2O3
71,20,False,120,Au/Yb2O3
71,20,False,123,Cu/Y2O3
71,20,False,124,Ag/Y2O3
71,20,False,127,Ge/Y2O3
71,20,False,128,Ga/Y2O3
71,20,False,129,Al/Y2O3
71,20,False,131,Ag/ZnO
71,20,False,135,Ag/Gd2O3
71,20,False,141,Au/Tb2O3
71,20,False,146,Au/Dy2O3
71,20,False,150,Ag/Ho2O3
71,20,False,152,Sn/Ho2O3
71,20,False,153,Ge/Ho2O3
71,20,False,158,Au/Er2O3
71,20,False,163,Cu/Tm2O3
71,20,False,169,Ag/Lu2O3
71,20,False,170,Au/Lu2O3
71,20,False,172,Ge/Lu2O3
71,20,False,174,Fe/ThO2
107,20,False,2,Ag/MgO
107,20,False,3,Au/MgO
107,20,False,5,Pd/MgO
107,20,False,6,Pt/MgO
107,20,False,7,Ni/MgO
107,20,False,8,Al/MgO
107,20,False,10,Fe/MgO
107,20,False,11,Bi/MgO
107,20,False,12,Mg/MgO
107,20,False,13,Rh/MgO
107,20,False,16,Sn/Fe3O4
107,20,False,19,Au/TiO2
107,20,False,20,Sn/TiO2
107,20,False,23,Al/TiO2
107,20,False,24,Si/TiO2
107,20,False,25,Fe/TiO2
107,20,False,26,Mg/TiO2
107,20,False,27,Pb/Al2O3
107,20,False,28,Cu/Al2O3
107,20,False,31,Sn/Al2O3
107,20,False,33,Pd/Al2O3
107,20,False,34,Pt/Al2O3
107,20,False,37,Ga/Al2O3
107,20,False,38,Al/Al2O3
107,20,False,40,Si/Al2O3
107,20,False,41,Fe/Al2O3
107,20,False,42,Co/Al2O3
107,20,False,43,Ti/Al2O3
107,20,False,48,Sn/CaO
107,20,False,49,Pd/CaO
107,20,False,52,Fe/CaO
107,20,False,54,Pb/BeO
107,20,False,56,Sn/BeO
107,20,False,57,Pd/BeO
107,20,False,59,Ni/BeO
107,20,False,60,Si/BeO
107,20,False,61,Fe/BeO
107,20,False,62,Cr/BeO
107,20,False,63,V/BeO
107,20,False,65,Cu/UO2
107,20,False,68,Al/UO2
107,20,False,70,Pb/ZrO2
107,20,False,71,Cu/ZrO2
107,20,False,72,Ag/ZrO2
107,20,False,76,Pd/ZrO2
107,20,False,77,Pt/ZrO2
107,20,False,78,Ni/ZrO2
107,20,False,83,Co/ZrO2
107,20,False,84,Bi/ZrO2
107,20,False,85,Mg/ZrO2
107,20,False,86,V/ZrO2
107,20,False,89,Fe/Cr2O3
107,20,False,90,Au/CoO
107,20,False,91,Sn/CoO
107,20,False,92,Ni/CoO
107,20,False,93,Al/CoO
107,20,False,94,Co/CoO
107,20,False,95,Cu/NiO
107,20,False,96,Ag/NiO
107,20,False,97,Sn/NiO
107,20,False,98,Ni/NiO
107,20,False,99,Al/NiO
107,20,False,100,Pb/SiO2
107,20,False,101,Cu/SiO2
107,20,False,103,Au/SiO2
107,20,False,104,Sn/SiO2
107,20,False,105,Ni/SiO2
107,20,False,106,In/SiO2
107,20,False,108,Al/SiO2
107,20,False,109,Si/SiO2
107,20,False,110,Fe/SiO2
107,20,False,111,Co/SiO2
107,20,False,112,Mg/SiO2
107,20,False,113,Sb/SiO2
107,20,False,114,Cu/Ti2O3
107,20,False,115,Au/Ti2O3
107,20,False,118,Cu/Yb2O3
107,20,False,120,Au/Yb2O3
107,20,False,123,Cu/Y2O3
107,20,False,124,Ag/Y2O3
107,20,False,125,Au/Y2O3
107,20,False,126,Sn/Y2O3
107,20,False,127,Ge/Y2O3
107,20,False,128,Ga/Y2O3
107,20,False,129,Al/Y2O3
107,20,False,131,Ag/ZnO
107,20,False,134,Cu/Gd2O3
107,20,False,135,Ag/Gd2O3
107,20,False,140,Ag/Tb2O3
107,20,False,141,Au/Tb2O3
107,20,False,143,Ge/Tb2O3
107,20,False,144,Cu/Dy2O3
107,20,False,146,Au/Dy2O3
107,20,False,150,Ag/Ho2O3
107,20,False,152,Sn/Ho2O3
107,20,False,153,Ge/Ho2O3
107,20,False,157,Ag/Er2O3
107,20,False,158,Au/Er2O3
107,20,False,161,Ga/Er2O3
107,20,False,162,Al/Er2O3
107,20,False,163,Cu/Tm2O3
107,20,False,169,Ag/Lu2O3
107,20,False,170,Au/Lu2O3
107,20,False,172,Ge/Lu2O3
107,20,False,173,Ni/ThO2
107,20,False,174,Fe/ThO2
107,20,False,175,Cr/ThO2
36,21,False,6,Pt/MgO
36,21,False,8,Al/MgO
36,21,False,20,Sn/TiO2
36,21,False,27,Pb/Al2O3
36,21,False,28,Cu/Al2O3
36,21,False,29,Ag/Al2O3
36,21,False,31,Sn/Al2O3
36,21,False,34,Pt/Al2O3
36,21,False,39,Mn/Al2O3
36,21,False,50,Pt/CaO
36,21,False,51,Ni/CaO
36,21,False,52,Fe/CaO
36,21,False,54,Pb/BeO
36,21,False,55,Ag/BeO
36,21,False,63,V/BeO
36,21,False,65,Cu/UO2
36,21,False,68,Al/UO2
36,21,False,70,Pb/ZrO2
36,21,False,79,In/ZrO2
36,21,False,81,Si/ZrO2
36,21,False,89,Fe/Cr2O3
36,21,False,90,Au/CoO
36,21,False,95,Cu/NiO
36,21,False,97,Sn/NiO
36,21,False,104,Sn/SiO2
36,21,False,105,Ni/SiO2
36,21,False,109,Si/SiO2
36,21,False,150,Ag/Ho2O3
36,21,False,152,Sn/Ho2O3
36,21,False,159,Sn/Er2O3
36,21,False,161,Ga/Er2O3
36,21,False,162,Al/Er2O3
36,21,False,163,Cu/Tm2O3
36,21,False,165,Au/Tm2O3
36,21,False,168,Cu/Lu2O3
36,21,False,175,Cr/ThO2
71,21,False,2,Ag/MgO
71,21,False,6,Pt/MgO
71,21,False,7,Ni/MgO
71,21,False,8,Al/MgO
71,21,False,12,Mg/MgO
71,21,False,14,Ir/MgO
71,21,False,19,Au/TiO2
71,21,False,20,Sn/TiO2
71,21,False,24,Si/TiO2
71,21,False,25,Fe/TiO2
71,21,False,27,Pb/Al2O3
71,21,False,28,Cu/Al2O3
71,21,False,29,Ag/Al2O3
71,21,False,31,Sn/Al2O3
71,21,False,34,Pt/Al2O3
71,21,False,37,Ga/Al2O3
71,21,False,39,Mn/Al2O3
71,21,False,47,Ag/CaO
71,21,False,50,Pt/CaO
71,21,False,51,Ni/CaO
71,21,False,52,Fe/CaO
71,21,False,53,Rh/CaO
71,21,False,54,Pb/BeO
71,21,False,55,Ag/BeO
71,21,False,57,Pd/BeO
71,21,False,61,Fe/BeO
71,21,False,63,V/BeO
71,21,False,65,Cu/UO2
71,21,False,66,Sn/UO2
71,21,False,68,Al/UO2
71,21,False,70,Pb/ZrO2
71,21,False,72,Ag/ZrO2
71,21,False,73,Au/ZrO2
71,21,False,77,Pt/ZrO2
71,21,False,78,Ni/ZrO2
71,21,False,79,In/ZrO2
71,21,False,80,Al/ZrO2
71,21,False,81,Si/ZrO2
71,21,False,83,Co/ZrO2
71,21,False,89,Fe/Cr2O3
71,21,False,90,Au/CoO
71,21,False,93,Al/CoO
71,21,False,94,Co/CoO
71,21,False,95,Cu/NiO
71,21,False,97,Sn/NiO
71,21,False,100,Pb/SiO2
71,21,False,104,Sn/SiO2
71,21,False,105,Ni/SiO2
71,21,False,106,In/SiO2
71,21,False,109,Si/SiO2
71,21,False,110,Fe/SiO2
71,21,False,115,Au/Ti2O3
71,21,False,120,Au/Yb2O3
71,21,False,123,Cu/Y2O3
71,21,False,134,Cu/Gd2O3
71,21,False,135,Ag/Gd2O3
71,21,False,139,Cu/Tb2O3
71,21,False,144,Cu/Dy2O3
71,21,False,150,Ag/Ho2O3
71,21,False,152,Sn/Ho2O3
71,21,False,158,Au/Er2O3
71,21,False,159,Sn/Er2O3
71,21,False,161,Ga/Er2O3
71,21,False,162,Al/Er2O3
71,21,False,163,Cu/Tm2O3
71,21,False,165,Au/Tm2O3
71,21,False,166,Sn/Tm2O3
71,21,False,168,Cu/Lu2O3
71,21,False,169,Ag/Lu2O3
71,21,False,175,Cr/ThO2
71,21,False,176,Ag/CdO
107,21,False,2,Ag/MgO
107,21,False,3,Au/MgO
107,21,False,6,Pt/MgO
107,21,False,7,Ni/MgO
107,21,False,8,Al/MgO
107,21,False,12,Mg/MgO
107,21,False,14,Ir/MgO
107,21,False,15,Cu/Fe3O4
107,21,False,16,Sn/Fe3O4
107,21,False,19,Au/TiO2
107,21,False,20,Sn/TiO2
107,21,False,21,Ge/TiO2
107,21,False,24,Si/TiO2
107,21,False,25,Fe/TiO2
107,21,False,26,Mg/TiO2
107,21,False,27,Pb/Al2O3
107,21,False,28,Cu/Al2O3
107,21,False,29,Ag/Al2O3
107,21,False,31,Sn/Al2O3
107,21,False,34,Pt/Al2O3
107,21,False,37,Ga/Al2O3
107,21,False,38,Al/Al2O3
107,21,False,39,Mn/Al2O3
107,21,False,43,Ti/Al2O3
107,21,False,47,Ag/CaO
107,21,False,49,Pd/CaO
107,21,False,50,Pt/CaO
107,21,False,51,Ni/CaO
107,21,False,52,Fe/CaO
107,21,False,53,Rh/CaO
107,21,False,54,Pb/BeO
107,21,False,55,Ag/BeO
107,21,False,56,Sn/BeO
107,21,False,57,Pd/BeO
107,21,False,59,Ni/BeO
107,21,False,60,Si/BeO
107,21,False,61,Fe/BeO
107,21,False,62,Cr/BeO
107,21,False,63,V/BeO
107,21,False,64,Rh/BeO
107,21,False,65,Cu/UO2
107,21,False,66,Sn/UO2
107,21,False,68,Al/UO2
107,21,False,70,Pb/ZrO2
107,21,False,72,Ag/ZrO2
107,21,False,73,Au/ZrO2
107,21,False,76,Pd/ZrO2
107,21,False,77,Pt/ZrO2
107,21,False,78,Ni/ZrO2
107,21,False,79,In/ZrO2
107,21,False,80,Al/ZrO2
107,21,False,81,Si/ZrO2
107,21,False,83,Co/ZrO2
107,21,False,84,Bi/ZrO2
107,21,False,85,Mg/ZrO2
107,21,False,86,V/ZrO2
107,21,False,87,Rh/ZrO2
107,21,False,89,Fe/Cr2O3
107,21,False,90,Au/CoO
107,21,False,93,Al/CoO
107,21,False,94,Co/CoO
107,21,False,95,Cu/NiO
107,21,False,97,Sn/NiO
107,21,False,98,Ni/NiO
107,21,False,99,Al/NiO
107,21,False,100,Pb/SiO2
107,21,False,101,Cu/SiO2
107,21,False,103,Au/SiO2
107,21,False,104,Sn/SiO2
107,21,False,105,Ni/SiO2
107,21,False,106,In/SiO2
107,21,False,107,Ga/SiO2
107,21,False,109,Si/SiO2
107,21,False,110,Fe/SiO2
107,21,False,111,Co/SiO2
107,21,False,114,Cu/Ti2O3
107,21,False,115,Au/Ti2O3
107,21,False,118,Cu/Yb2O3
107,21,False,119,Ag/Yb2O3
107,21,False,120,Au/Yb2O3
107,21,False,123,Cu/Y2O3
107,21,False,124,Ag/Y2O3
107,21,False,125,Au/Y2O3
107,21,False,133,Al/ZnO
107,21,False,134,Cu/Gd2O3
107,21,False,135,Ag/Gd2O3
107,21,False,139,Cu/Tb2O3
107,21,False,143,Ge/Tb2O3
107,21,False,144,Cu/Dy2O3
107,21,False,146,Au/Dy2O3
107,21,False,150,Ag/Ho2O3
107,21,False,152,Sn/Ho2O3
107,21,False,153,Ge/Ho2O3
107,21,False,155,Al/Ho2O3
107,21,False,157,Ag/Er2O3
107,21,False,158,Au/Er2O3
107,21,False,159,Sn/Er2O3
107,21,False,161,Ga/Er2O3
107,21,False,162,Al/Er2O3
107,21,False,163,Cu/Tm2O3
107,21,False,165,Au/Tm2O3
107,21,False,166,Sn/Tm2O3
107,21,False,168,Cu/Lu2O3
107,21,False,169,Ag/Lu2O3
107,21,False,172,Ge/Lu2O3
107,21,False,175,Cr/ThO2
107,21,False,176,Ag/CdO
36,22,False,3,Au/MgO
36,22,False,5,Pd/MgO
36,22,False,16,Sn/Fe3O4
36,22,False,20,Sn/TiO2
36,22,False,21,Ge/TiO2
36,22,False,23,Al/TiO2
36,22,False,24,Si/TiO2
36,22,False,27,Pb/Al2O3
36,22,False,38,Al/Al2O3
36,22,False,39,Mn/Al2O3
36,22,False,41,Fe/Al2O3
36,22,False,43,Ti/Al2O3
36,22,False,56,Sn/BeO
36,22,False,59,Ni/BeO
36,22,False,64,Rh/BeO
36,22,False,65,Cu/UO2
36,22,False,68,Al/UO2
36,22,False,83,Co/ZrO2
36,22,False,86,V/ZrO2
36,22,False,89,Fe/Cr2O3
36,22,False,91,Sn/CoO
36,22,False,92,Ni/CoO
36,22,False,94,Co/CoO
36,22,False,99,Al/NiO
36,22,False,100,Pb/SiO2
36,22,False,103,Au/SiO2
36,22,False,111,Co/SiO2
36,22,False,125,Au/Y2O3
36,22,False,127,Ge/Y2O3
36,22,False,133,Al/ZnO
36,22,False,145,Ag/Dy2O3
36,22,False,152,Sn/Ho2O3
36,22,False,153,Ge/Ho2O3
36,22,False,163,Cu/Tm2O3
36,22,False,172,Ge/Lu2O3
36,22,False,176,Ag/CdO
71,22,False,0,Pb/MgO
71,22,False,3,Au/MgO
71,22,False,5,Pd/MgO
71,22,False,8,Al/MgO
71,22,False,10,Fe/MgO
71,22,False,12,Mg/MgO
71,22,False,14,Ir/MgO
71,22,False,16,Sn/Fe3O4
71,22,False,20,Sn/TiO2
71,22,False,21,Ge/TiO2
71,22,False,23,Al/TiO2
71,22,False,24,Si/TiO2
71,22,False,27,Pb/Al2O3
71,22,False,29,Ag/Al2O3
71,22,False,33,Pd/Al2O3
71,22,False,38,Al/Al2O3
71,22,False,39,Mn/Al2O3
71,22,False,40,Si/Al2O3
71,22,False,41,Fe/Al2O3
71,22,False,43,Ti/Al2O3
71,22,False,46,Zn/Al2O3
71,22,False,54,Pb/BeO
71,22,False,55,Ag/BeO
71,22,False,56,Sn/BeO
71,22,False,57,Pd/BeO
71,22,False,59,Ni/BeO
71,22,False,61,Fe/BeO
71,22,False,64,Rh/BeO
71,22,False,65,Cu/UO2
71,22,False,68,Al/UO2
71,22,False,70,Pb/ZrO2
71,22,False,71,Cu/ZrO2
71,22,False,80,Al/ZrO2
71,22,False,81,Si/ZrO2
71,22,False,83,Co/ZrO2
71,22,False,86,V/ZrO2
71,22,False,89,Fe/Cr2O3
71,22,False,91,Sn/CoO
71,22,False,92,Ni/CoO
71,22,False,93,Al/CoO
71,22,False,94,Co/CoO
71,22,False,97,Sn/NiO
71,22,False,98,Ni/NiO
71,22,False,99,Al/NiO
71,22,False,100,Pb/SiO2
71,22,False,103,Au/SiO2
71,22,False,104,Sn/SiO2
71,22,False,105,Ni/SiO2
71,22,False,111,Co/SiO2
71,22,False,112,Mg/SiO2
71,22,False,114,Cu/Ti2O3
71,22,False,120,Au/Yb2O3
71,22,False,125,Au/Y2O3
71,22,False,127,Ge/Y2O3
71,22,False,128,Ga/Y2O3
71,22,False,129,Al/Y2O3
71,22,False,131,Ag/ZnO
71,22,False,133,Al/ZnO
71,22,False,135,Ag/Gd2O3
71,22,False,140,Ag/Tb2O3
71,22,False,145,Ag/Dy2O3
71,22,False,152,Sn/Ho2O3
71,22,False,153,Ge/Ho2O3
71,22,False,157,Ag/Er2O3
71,22,False,159,Sn/Er2O3
71,22,False,160,Ge/Er2O3
71,22,False,162,Al/Er2O3
71,22,False,163,Cu/Tm2O3
71,22,False,166,Sn/Tm2O3
71,22,False,172,Ge/Lu2O3
71,22,False,176,Ag/CdO
107,22,False,0,Pb/MgO
107,22,False,1,Cu/MgO
107,22,False,3,Au/MgO
107,22,False,5,Pd/MgO
107,22,False,8,Al/MgO
107,22,False,10,Fe/MgO
107,22,False,12,Mg/MgO
107,22,False,14,Ir/MgO
107,22,False,15,Cu/Fe3O4
107,22,False,16,Sn/Fe3O4
107,22,False,19,Au/TiO2
107,22,False,20,Sn/TiO2
107,22,False,21,Ge/TiO2
107,22,False,23,Al/TiO2
107,22,False,24,Si/TiO2
107,22,False,25,Fe/TiO2
107,22,False,27,Pb/Al2O3
107,22,False,28,Cu/Al2O3
107,22,False,29,Ag/Al2O3
107,22,False,33,Pd/Al2O3
107,22,False,36,In/Al2O3
107,22,False,38,Al/Al2O3
107,22,False,39,Mn/Al2O3
107,22,False,40,Si/Al2O3
107,22,False,41,Fe/Al2O3
107,22,False,43,Ti/Al2O3
107,22,False,46,Zn/Al2O3
107,22,False,48,Sn/CaO
107,22,False,49,Pd/CaO
107,22,False,52,Fe/CaO
107,22,False,54,Pb/BeO
107,22,False,55,Ag/BeO
107,22,False,56,Sn/BeO
107,22,False,57,Pd/BeO
107,22,False,59,Ni/BeO
107,22,False,60,Si/BeO
107,22,False,61,Fe/BeO
107,22,False,62,Cr/BeO
107,22,False,63,V/BeO
107,22,False,64,Rh/BeO
107,22,False,65,Cu/UO2
107,22,False,66,Sn/UO2
107,22,False,68,Al/UO2
107,22,False,70,Pb/ZrO2
107,22,False,71,Cu/ZrO2
107,22,False,72,Ag/ZrO2
107,22,False,73,Au/ZrO2
107,22,False,76,Pd/ZrO2
107,22,False,77,Pt/ZrO2
107,22,False,78,Ni/ZrO2
107,22,False,80,Al/ZrO2
107,22,False,81,Si/ZrO2
107,22,False,83,Co/ZrO2
107,22,False,84,Bi/ZrO2
107,22,False,86,V/ZrO2
107,22,False,89,Fe/Cr2O3
107,22,False,90,Au/CoO
107,22,False,91,Sn/CoO
107,22,False,92,Ni/CoO
107,22,False,93,Al/CoO
107,22,False,94,Co/CoO
107,22,False,97,Sn/NiO
107,22,False,98,Ni/NiO
107,22,False,99,Al/NiO
107,22,False,100,Pb/SiO2
107,22,False,101,Cu/SiO2
107,22,False,103,Au/SiO2
107,22,False,104,Sn/SiO2
107,22,False,105,Ni/SiO2
107,22,False,107,Ga/SiO2
107,22,False,109,Si/SiO2
107,22,False,111,Co/SiO2
107,22,False,112,Mg/SiO2
107,22,False,114,Cu/Ti2O3
107,22,False,115,Au/Ti2O3
107,22,False,118,Cu/Yb2O3
107,22,False,119,Ag/Yb2O3
107,22,False,120,Au/Yb2O3
107,22,False,124,Ag/Y2O3
107,22,False,125,Au/Y2O3
107,22,False,127,Ge/Y2O3
107,22,False,128,Ga/Y2O3
107,22,False,129,Al/Y2O3
107,22,False,131,Ag/ZnO
107,22,False,133,Al/ZnO
107,22,False,135,Ag/Gd2O3
107,22,False,139,Cu/Tb2O3
107,22,False,140,Ag/Tb2O3
107,22,False,141,Au/Tb2O3
107,22,False,143,Ge/Tb2O3
107,22,False,144,Cu/Dy2O3
107,22,False,145,Ag/Dy2O3
107,22,False,147,Sn/Dy2O3
107,22,False,150,Ag/Ho2O3
107,22,False,152,Sn/Ho2O3
107,22,False,153,Ge/Ho2O3
107,22,False,157,Ag/Er2O3
107,22,False,159,Sn/Er2O3
107,22,False,160,Ge/Er2O3
107,22,False,162,Al/Er2O3
107,22,False,163,Cu/Tm2O3
107,22,False,165,Au/Tm2O3
107,22,False,166,Sn/Tm2O3
107,22,False,170,Au/Lu2O3
107,22,False,172,Ge/Lu2O3
107,22,False,173,Ni/ThO2
107,22,False,176,Ag/CdO
36,23,False,1,Cu/MgO
36,23,False,6,Pt/MgO
36,23,False,12,Mg/MgO
36,23,False,14,Ir/MgO
36,23,False,20,Sn/TiO2
36,23,False,21,Ge/TiO2
36,23,False,26,Mg/TiO2
36,23,False,33,Pd/Al2O3
36,23,False,34,Pt/Al2O3
36,23,False,36,In/Al2O3
36,23,False,48,Sn/CaO
36,23,False,50,Pt/CaO
36,23,False,53,Rh/CaO
36,23,False,55,Ag/BeO
36,23,False,59,Ni/BeO
36,23,False,65,Cu/UO2
36,23,False,70,Pb/ZrO2
36,23,False,77,Pt/ZrO2
36,23,False,79,In/ZrO2
36,23,False,80,Al/ZrO2
36,23,False,86,V/ZrO2
36,23,False,87,Rh/ZrO2
36,23,False,89,Fe/Cr2O3
36,23,False,90,Au/CoO
36,23,False,97,Sn/NiO
36,23,False,106,In/SiO2
36,23,False,107,Ga/SiO2
36,23,False,112,Mg/SiO2
36,23,False,115,Au/Ti2O3
36,23,False,118,Cu/Yb2O3
36,23,False,120,Au/Yb2O3
36,23,False,134,Cu/Gd2O3
36,23,False,141,Au/Tb2O3
36,23,False,153,Ge/Ho2O3
36,23,False,166,Sn/Tm2O3
36,23,False,169,Ag/Lu2O3
71,23,False,0,Pb/MgO
71,23,False,1,Cu/MgO
71,23,False,5,Pd/MgO
71,23,False,6,Pt/MgO
71,23,False,7,Ni/MgO
71,23,False,10,Fe/MgO
71,23,False,12,Mg/MgO
71,23,False,14,Ir/MgO
71,23,False,18,Ag/TiO2
71,23,False,20,Sn/TiO2
71,23,False,21,Ge/TiO2
71,23,False,23,Al/TiO2
71,23,False,26,Mg/TiO2
71,23,False,31,Sn/Al2O3
71,23,False,33,Pd/Al2O3
71,23,False,34,Pt/Al2O3
71,23,False,36,In/Al2O3
71,23,False,38,Al/Al2O3
71,23,False,40,Si/Al2O3
71,23,False,42,Co/Al2O3
71,23,False,43,Ti/Al2O3
71,23,False,48,Sn/CaO
71,23,False,50,Pt/CaO
71,23,False,51,Ni/CaO
71,23,False,53,Rh/CaO
71,23,False,54,Pb/BeO
71,23,False,55,Ag/BeO
71,23,False,57,Pd/BeO
71,23,False,59,Ni/BeO
71,23,False,62,Cr/BeO
71,23,False,65,Cu/UO2
71,23,False,70,Pb/ZrO2
71,23,False,71,Cu/ZrO2
71,23,False,73,Au/ZrO2
71,23,False,77,Pt/ZrO2
71,23,False,79,In/ZrO2
71,23,False,80,Al/ZrO2
71,23,False,85,Mg/ZrO2
71,23,False,86,V/ZrO2
71,23,False,87,Rh/ZrO2
71,23,False,89,Fe/Cr2O3
71,23,False,90,Au/CoO
71,23,False,92,Ni/CoO
71,23,False,93,Al/CoO
71,23,False,97,Sn/NiO
71,23,False,106,In/SiO2
71,23,False,107,Ga/SiO2
71,23,False,108,Al/SiO2
71,23,False,110,Fe/SiO2
71,23,False,112,Mg/SiO2
71,23,False,113,Sb/SiO2
71,23,False,115,Au/Ti2O3
71,23,False,118,Cu/Yb2O3
71,23,False,120,Au/Yb2O3
71,23,False,124,Ag/Y2O3
71,23,False,125,Au/Y2O3
71,23,False,129,Al/Y2O3
71,23,False,131,Ag/ZnO
71,23,False,134,Cu/Gd2O3
71,23,False,135,Ag/Gd2O3
71,23,False,139,Cu/Tb2O3
71,23,False,141,Au/Tb2O3
71,23,False,144,Cu/Dy2O3
71,23,False,147,Sn/Dy2O3
71,23,False,150,Ag/Ho2O3
71,23,False,153,Ge/Ho2O3
71,23,False,158,Au/Er2O3
71,23,False,161,Ga/Er2O3
71,23,False,166,Sn/Tm2O3
71,23,False,169,Ag/Lu2O3
71,23,False,175,Cr/ThO2
107,23,False,0,Pb/MgO
107,23,False,1,Cu/MgO
107,23,False,3,Au/MgO
107,23,False,5,Pd/MgO
107,23,False,6,Pt/MgO
107,23,False,7,Ni/MgO
107,23,False,10,Fe/MgO
107,23,False,12,Mg/MgO
107,23,False,13,Rh/MgO
107,23,False,14,Ir/MgO
107,23,False,18,Ag/TiO2
107,23,False,20,Sn/TiO2
107,23,False,21,Ge/TiO2
107,23,False,23,Al/TiO2
107,23,False,24,Si/TiO2
107,23,False,25,Fe/TiO2
107,23,False,26,Mg/TiO2
107,23,False,27,Pb/Al2O3
107,23,False,28,Cu/Al2O3
107,23,False,31,Sn/Al2O3
107,23,False,33,Pd/Al2O3
107,23,False,34,Pt/Al2O3
107,23,False,36,In/Al2O3
107,23,False,37,Ga/Al2O3
107,23,False,38,Al/Al2O3
107,23,False,40,Si/Al2O3
107,23,False,41,Fe/Al2O3
107,23,False,42,Co/Al2O3
107,23,False,43,Ti/Al2O3
107,23,False,46,Zn/Al2O3
107,23,False,48,Sn/CaO
107,23,False,50,Pt/CaO
107,23,False,51,Ni/CaO
107,23,False,52,Fe/CaO
107,23,False,53,Rh/CaO
107,23,False,54,Pb/BeO
107,23,False,55,Ag/BeO
107,23,False,57,Pd/BeO
107,23,False,59,Ni/BeO
107,23,False,62,Cr/BeO
107,23,False,63,V/BeO
107,23,False,65,Cu/UO2
107,23,False,68,Al/UO2
107,23,False,70,Pb/ZrO2
107,23,False,71,Cu/ZrO2
107,23,False,72,Ag/ZrO2
107,23,False,73,Au/ZrO2
107,23,False,76,Pd/ZrO2
107,23,False,77,Pt/ZrO2
107,23,False,79,In/ZrO2
107,23,False,80,Al/ZrO2
107,23,False,85,Mg/ZrO2
107,23,False,86,V/ZrO2
107,23,False,87,Rh/ZrO2
107,23,False,89,Fe/Cr2O3
107,23,False,90,Au/CoO
107,23,False,92,Ni/CoO
107,23,False,93,Al/CoO
107,23,False,96,Ag/NiO
107,23,False,97,Sn/NiO
107,23,False,100,Pb/SiO2
107,23,False,101,Cu/SiO2
107,23,False,103,Au/SiO2
107,23,False,105,Ni/SiO2
107,23,False,106,In/SiO2
107,23,False,107,Ga/SiO2
107,23,False,108,Al/SiO2
107,23,False,109,Si/SiO2
107,23,False,110,Fe/SiO2
107,23,False,111,Co/SiO2
107,23,False,112,Mg/SiO2
107,23,False,113,Sb/SiO2
107,23,False,115,Au/Ti2O3
107,23,False,118,Cu/Yb2O3
107,23,False,119,Ag/Yb2O3
107,23,False,120,Au/Yb2O3
107,23,False,124,Ag/Y2O3
107,23,False,125,Au/Y2O3
107,23,False,126,Sn/Y2O3
107,23,False,129,Al/Y2O3
107,23,False,131,Ag/ZnO
107,23,False,133,Al/ZnO
107,23,False,134,Cu/Gd2O3
107,23,False,135,Ag/Gd2O3
107,23,False,139,Cu/Tb2O3
107,23,False,140,Ag/Tb2O3
107,23,False,141,Au/Tb2O3
107,23,False,143,Ge/Tb2O3
107,23,False,144,Cu/Dy2O3
107,23,False,145,Ag/Dy2O3
107,23,False,147,Sn/Dy2O3
107,23,False,150,Ag/Ho2O3
107,23,False,153,Ge/Ho2O3
107,23,False,157,Ag/Er2O3
107,23,False,158,Au/Er2O3
107,23,False,159,Sn/Er2O3
107,23,False,160,Ge/Er2O3
107,23,False,161,Ga/Er2O3
107,23,False,163,Cu/Tm2O3
107,23,False,165,Au/Tm2O3
107,23,False,166,Sn/Tm2O3
107,23,False,168,Cu/Lu2O3
107,23,False,169,Ag/Lu2O3
107,23,False,172,Ge/Lu2O3
107,23,False,173,Ni/ThO2
107,23,False,175,Cr/ThO2
107,23,False,176,Ag/CdO
36,24,False,7,Ni/MgO
36,24,False,16,Sn/Fe3O4
36,24,False,24,Si/TiO2
36,24,False,28,Cu/Al2O3
36,24,False,29,Ag/Al2O3
36,24,False,39,Mn/Al2O3
36,24,False,40,Si/Al2O3
36,24,False,46,Zn/Al2O3
36,24,False,47,Ag/CaO
36,24,False,48,Sn/CaO
36,24,False,52,Fe/CaO
36,24,False,53,Rh/CaO
36,24,False,62,Cr/BeO
36,24,False,63,V/BeO
36,24,False,64,Rh/BeO
36,24,False,70,Pb/ZrO2
36,24,False,80,Al/ZrO2
36,24,False,93,Al/CoO
36,24,False,94,Co/CoO
36,24,False,105,Ni/SiO2
36,24,False,107,Ga/SiO2
36,24,False,114,Cu/Ti2O3
36,24,False,119,Ag/Yb2O3
36,24,False,123,Cu/Y2O3
36,24,False,124,Ag/Y2O3
36,24,False,127,Ge/Y2O3
36,24,False,143,Ge/Tb2O3
36,24,False,145,Ag/Dy2O3
36,24,False,146,Au/Dy2O3
36,24,False,147,Sn/Dy2O3
36,24,False,155,Al/Ho2O3
36,24,False,158,Au/Er2O3
36,24,False,159,Sn/Er2O3
36,24,False,160,Ge/Er2O3
36,24,False,174,Fe/ThO2
36,24,False,175,Cr/ThO2
71,24,False,5,Pd/MgO
71,24,False,6,Pt/MgO
71,24,False,7,Ni/MgO
71,24,False,13,Rh/MgO
71,24,False,14,Ir/MgO
71,24,False,16,Sn/Fe3O4
71,24,False,19,Au/TiO2
71,24,False,20,Sn/TiO2
71,24,False,24,Si/TiO2
71,24,False,28,Cu/Al2O3
71,24,False,29,Ag/Al2O3
71,24,False,33,Pd/Al2O3
71,24,False,34,Pt/Al2O3
71,24,False,37,Ga/Al2O3
71,24,False,39,Mn/Al2O3
71,24,False,40,Si/Al2O3
71,24,False,46,Zn/Al2O3
71,24,False,47,Ag/CaO
71,24,False,48,Sn/CaO
71,24,False,51,Ni/CaO
71,24,False,52,Fe/CaO
71,24,False,53,Rh/CaO
71,24,False,62,Cr/BeO
71,24,False,63,V/BeO
71,24,False,64,Rh/BeO
71,24,False,65,Cu/UO2
71,24,False,66,Sn/UO2
71,24,False,70,Pb/ZrO2
71,24,False,77,Pt/ZrO2
71,24,False,80,Al/ZrO2
71,24,False,84,Bi/ZrO2
71,24,False,87,Rh/ZrO2
71,24,False,89,Fe/Cr2O3
71,24,False,93,Al/CoO
71,24,False,94,Co/CoO
71,24,False,95,Cu/NiO
71,24,False,96,Ag/NiO
71,24,False,97,Sn/NiO
71,24,False,100,Pb/SiO2
71,24,False,103,Au/SiO2
71,24,False,105,Ni/SiO2
71,24,False,107,Ga/SiO2
71,24,False,109,Si/SiO2
71,24,False,110,Fe/SiO2
71,24,False,114,Cu/Ti2O3
71,24,False,118,Cu/Yb2O3
71,24,False,119,Ag/Yb2O3
71,24,False,120,Au/Yb2O3
71,24,False,123,Cu/Y2O3
71,24,False,124,Ag/Y2O3
71,24,False,125,Au/Y2O3
71,24,False,127,Ge/Y2O3
71,24,False,133,Al/ZnO
71,24,False,135,Ag/Gd2O3
71,24,False,141,Au/Tb2O3
71,24,False,143,Ge/Tb2O3
71,24,False,144,Cu/Dy2O3
71,24,False,145,Ag/Dy2O3
71,24,False,146,Au/Dy2O3
71,24,False,147,Sn/Dy2O3
71,24,False,150,Ag/Ho2O3
71,24,False,155,Al/Ho2O3
71,24,False,158,Au/Er2O3
71,24,False,159,Sn/Er2O3
71,24,False,160,Ge/Er2O3
71,24,False,162,Al/Er2O3
71,24,False,163,Cu/Tm2O3
71,24,False,168,Cu/Lu2O3
71,24,False,169,Ag/Lu2O3
71,24,False,174,Fe/ThO2
71,24,False,175,Cr/ThO2
107,24,False,1,Cu/MgO
107,24,False,2,Ag/MgO
107,24,False,3,Au/MgO
107,24,False,5,Pd/MgO
107,24,False,6,Pt/MgO
107,24,False,7,Ni/MgO
107,24,False,8,Al/MgO
107,24,False,11,Bi/MgO
107,24,False,13,Rh/MgO
107,24,False,14,Ir/MgO
107,24,False,16,Sn/Fe3O4
107,24,False,19,Au/TiO2
107,24,False,20,Sn/TiO2
107,24,False,21,Ge/TiO2
107,24,False,24,Si/TiO2
107,24,False,28,Cu/Al2O3
107,24,False,29,Ag/Al2O3
107,24,False,31,Sn/Al2O3
107,24,False,33,Pd/Al2O3
107,24,False,34,Pt/Al2O3
107,24,False,37,Ga/Al2O3
107,24,False,39,Mn/Al2O3
107,24,False,40,Si/Al2O3
107,24,False,42,Co/Al2O3
107,24,False,43,Ti/Al2O3
107,24,False,46,Zn/Al2O3
107,24,False,47,Ag/CaO
107,24,False,48,Sn/CaO
107,24,False,51,Ni/CaO
107,24,False,52,Fe/CaO
107,24,False,53,Rh/CaO
107,24,False,57,Pd/BeO
107,24,False,60,Si/BeO
107,24,False,62,Cr/BeO
107,24,False,63,V/BeO
107,24,False,64,Rh/BeO
107,24,False,65,Cu/UO2
107,24,False,66,Sn/UO2
107,24,False,68,Al/UO2
107,24,False,70,Pb/ZrO2
107,24,False,71,Cu/ZrO2
107,24,False,72,Ag/ZrO2
107,24,False,73,Au/ZrO2
107,24,False,77,Pt/ZrO2
107,24,False,80,Al/ZrO2
107,24,False,81,Si/ZrO2
107,24,False,83,Co/ZrO2
107,24,False,84,Bi/ZrO2
107,24,False,85,Mg/ZrO2
107,24,False,87,Rh/ZrO2
107,24,False,89,Fe/Cr2O3
107,24,False,90,Au/CoO
107,24,False,91,Sn/CoO
107,24,False,92,Ni/CoO
107,24,False,93,Al/CoO
107,24,False,94,Co/CoO
107,24,False,95,Cu/NiO
107,24,False,96,Ag/NiO
107,24,False,97,Sn/NiO
107,24,False,98,Ni/NiO
107,24,False,100,Pb/SiO2
107,24,False,103,Au/SiO2
107,24,False,104,Sn/SiO2
107,24,False,105,Ni/SiO2
107,24,False,106,In/SiO2
107,24,False,107,Ga/SiO2
107,24,False,108,Al/SiO2
107,24,False,109,Si/SiO2
107,24,False,110,Fe/SiO2
107,24,False,111,Co/SiO2
107,24,False,112,Mg/SiO2
107,24,False,113,Sb/SiO2
107,24,False,114,Cu/Ti2O3
107,24,False,115,Au/Ti2O3
107,24,False,118,Cu/Yb2O3
107,24,False,119,Ag/Yb2O3
107,24,False,120,Au/Yb2O3
107,24,False,123,Cu/Y2O3
107,24,False,124,Ag/Y2O3
107,24,False,125,Au/Y2O3
107,24,False,126,Sn/Y2O3
107,24,False,127,Ge/Y2O3
107,24,False,128,Ga/Y2O3
107,24,False,133,Al/ZnO
107,24,False,135,Ag/Gd2O3
107,24,False,139,Cu/Tb2O3
107,24,False,140,Ag/Tb2O3
107,24,False,141,Au/Tb2O3
107,24,False,143,Ge/Tb2O3
107,24,False,144,Cu/Dy2O3
107,24,False,145,Ag/Dy2O3
107,24,False,146,Au/Dy2O3
107,24,False,147,Sn/Dy2O3
107,24,False,150,Ag/Ho2O3
107,24,False,155,Al/Ho2O3
107,24,False,157,Ag/Er2O3
107,24,False,158,Au/Er2O3
107,24,False,159,Sn/Er2O3
107,24,False,160,Ge/Er2O3
107,24,False,162,Al/Er2O3
107,24,False,163,Cu/Tm2O3
107,24,False,168,Cu/Lu2O3
107,24,False,169,Ag/Lu2O3
107,24,False,172,Ge/Lu2O3
107,24,False,174,Fe/ThO2
107,24,False,175,Cr/ThO2
107,24,False,176,Ag/CdO
36,25,False,3,Au/MgO
36,25,False,6,Pt/MgO
36,25,False,7,Ni/MgO
36,25,False,11,Bi/MgO
36,25,False,23,Al/TiO2
36,25,False,31,Sn/Al2O3
36,25,False,33,Pd/Al2O3
36,25,False,34,Pt/Al2O3
36,25,False,38,Al/Al2O3
36,25,False,39,Mn/Al2O3
36,25,False,42,Co/Al2O3
36,25,False,51,Ni/CaO
36,25,False,53,Rh/CaO
36,25,False,59,Ni/BeO
36,25,False,62,Cr/BeO
36,25,False,64,Rh/BeO
36,25,False,72,Ag/ZrO2
36,25,False,79,In/ZrO2
36,25,False,85,Mg/ZrO2
36,25,False,89,Fe/Cr2O3
36,25,False,95,Cu/NiO
36,25,False,105,Ni/SiO2
36,25,False,106,In/SiO2
36,25,False,111,Co/SiO2
36,25,False,128,Ga/Y2O3
36,25,False,131,Ag/ZnO
36,25,False,133,Al/ZnO
36,25,False,140,Ag/Tb2O3
36,25,False,143,Ge/Tb2O3
36,25,False,145,Ag/Dy2O3
36,25,False,150,Ag/Ho2O3
36,25,False,155,Al/Ho2O3
36,25,False,157,Ag/Er2O3
36,25,False,160,Ge/Er2O3
36,25,False,163,Cu/Tm2O3
36,25,False,172,Ge/Lu2O3
71,25,False,3,Au/MgO
71,25,False,6,Pt/MgO
71,25,False,7,Ni/MgO
71,25,False,10,Fe/MgO
71,25,False,11,Bi/MgO
71,25,False,12,Mg/MgO
71,25,False,14,Ir/MgO
71,25,False,16,Sn/Fe3O4
71,25,False,18,Ag/TiO2
71,25,False,23,Al/TiO2
71,25,False,26,Mg/TiO2
71,25,False,28,Cu/Al2O3
71,25,False,31,Sn/Al2O3
71,25,False,33,Pd/Al2O3
71,25,False,34,Pt/Al2O3
71,25,False,38,Al/Al2O3
71,25,False,39,Mn/Al2O3
71,25,False,41,Fe/Al2O3
71,25,False,42,Co/Al2O3
71,25,False,43,Ti/Al2O3
71,25,False,51,Ni/CaO
71,25,False,53,Rh/CaO
71,25,False,59,Ni/BeO
71,25,False,60,Si/BeO
71,25,False,62,Cr/BeO
71,25,False,64,Rh/BeO
71,25,False,68,Al/UO2
71,25,False,70,Pb/ZrO2
71,25,False,72,Ag/ZrO2
71,25,False,79,In/ZrO2
71,25,False,80,Al/ZrO2
71,25,False,83,Co/ZrO2
71,25,False,85,Mg/ZrO2
71,25,False,86,V/ZrO2
71,25,False,89,Fe/Cr2O3
71,25,False,92,Ni/CoO
71,25,False,95,Cu/NiO
71,25,False,98,Ni/NiO
71,25,False,101,Cu/SiO2
71,25,False,104,Sn/SiO2
71,25,False,105,Ni/SiO2
71,25,False,106,In/SiO2
71,25,False,108,Al/SiO2
71,25,False,111,Co/SiO2
71,25,False,114,Cu/Ti2O3
71,25,False,115,Au/Ti2O3
71,25,False,126,Sn/Y2O3
71,25,False,127,Ge/Y2O3
71,25,False,128,Ga/Y2O3
71,25,False,129,Al/Y2O3
71,25,False,131,Ag/ZnO
71,25,False,133,Al/ZnO
71,25,False,134,Cu/Gd2O3
71,25,False,135,Ag/Gd2O3
71,25,False,139,Cu/Tb2O3
71,25,False,140,Ag/Tb2O3
71,25,False,143,Ge/Tb2O3
71,25,False,144,Cu/Dy2O3
71,25,False,145,Ag/Dy2O3
71,25,False,150,Ag/Ho2O3
71,25,False,152,Sn/Ho2O3
71,25,False,155,Al/Ho2O3
71,25,False,157,Ag/Er2O3
71,25,False,158,Au/Er2O3
71,25,False,159,Sn/Er2O3
71,25,False,160,Ge/Er2O3
71,25,False,161,Ga/Er2O3
71,25,False,163,Cu/Tm2O3
71,25,False,169,Ag/Lu2O3
71,25,False,170,Au/Lu2O3
71,25,False,172,Ge/Lu2O3
107,25,False,3,Au/MgO
107,25,False,5,Pd/MgO
107,25,False,6,Pt/MgO
107,25,False,7,Ni/MgO
107,25,False,8,Al/MgO
107,25,False,10,Fe/MgO
107,25,False,11,Bi/MgO
107,25,False,12,Mg/MgO
107,25,False,14,Ir/MgO
107,25,False,16,Sn/Fe3O4
107,25,False,18,Ag/TiO2
107,25,False,21,Ge/TiO2
107,25,False,23,Al/TiO2
107,25,False,25,Fe/TiO2
107,25,False,26,Mg/TiO2
107,25,False,27,Pb/Al2O3
107,25,False,28,Cu/Al2O3
107,25,False,29,Ag/Al2O3
107,25,False,31,Sn/Al2O3
107,25,False,33,Pd/Al2O3
107,25,False,34,Pt/Al2O3
107,25,False,36,In/Al2O3
107,25,False,38,Al/Al2O3
107,25,False,39,Mn/Al2O3
107,25,False,41,Fe/Al2O3
107,25,False,42,Co/Al2O3
107,25,False,43,Ti/Al2O3
107,25,False,49,Pd/CaO
107,25,False,51,Ni/CaO
107,25,False,52,Fe/CaO
107,25,False,53,Rh/CaO
107,25,False,56,Sn/BeO
107,25,False,59,Ni/BeO
107,25,False,60,Si/BeO
107,25,False,61,Fe/BeO
107,25,False,62,Cr/BeO
107,25,False,63,V/BeO
107,25,False,64,Rh/BeO
107,25,False,65,Cu/UO2
107,25,False,68,Al/UO2
107,25,False,70,Pb/ZrO2
107,25,False,71,Cu/ZrO2
107,25,False,72,Ag/ZrO2
107,25,False,77,Pt/ZrO2
107,25,False,78,Ni/ZrO2
107,25,False,79,In/ZrO2
107,25,False,80,Al/ZrO2
107,25,False,81,Si/ZrO2
107,25,False,83,Co/ZrO2
107,25,False,84,Bi/ZrO2
107,25,False,85,Mg/ZrO2
107,25,False,86,V/ZrO2
107,25,False,87,Rh/ZrO2
107,25,False,89,Fe/Cr2O3
107,25,False,91,Sn/CoO
107,25,False,92,Ni/CoO
107,25,False,94,Co/CoO
107,25,False,95,Cu/NiO
107,25,False,96,Ag/NiO
107,25,False,97,Sn/NiO
107,25,False,98,Ni/NiO
107,25,False,101,Cu/SiO2
107,25,False,104,Sn/SiO2
107,25,False,105,Ni/SiO2
107,25,False,106,In/SiO2
107,25,False,108,Al/SiO2
107,25,False,110,Fe/SiO2
107,25,False,111,Co/SiO2
107,25,False,112,Mg/SiO2
107,25,False,113,Sb/SiO2
107,25,False,114,Cu/Ti2O3
107,25,False,115,Au/Ti2O3
107,25,False,119,Ag/Yb2O3
107,25,False,120,Au/Yb2O3
107,25,False,123,Cu/Y2O3
107,25,False,124,Ag/Y2O3
107,25,False,125,Au/Y2O3
107,25,False,126,Sn/Y2O3
107,25,False,127,Ge/Y2O3
107,25,False,128,Ga/Y2O3
107,25,False,129,Al/Y2O3
107,25,False,131,Ag/ZnO
107,25,False,133,Al/ZnO
107,25,False,134,Cu/Gd2O3
107,25,False,135,Ag/Gd2O3
107,25,False,139,Cu/Tb2O3
107,25,False,140,Ag/Tb2O3
107,25,False,141,Au/Tb2O3
107,25,False,143,Ge/Tb2O3
107,25,False,144,Cu/Dy2O3
107,25,False,145,Ag/Dy2O3
107,25,False,150,Ag/Ho2O3
107,25,False,152,Sn/Ho2O3
107,25,False,153,Ge/Ho2O3
107,25,False,155,Al/Ho2O3
107,25,False,157,Ag/Er2O3
107,25,False,158,Au/Er2O3
107,25,False,159,Sn/Er2O3
107,25,False,160,Ge/Er2O3
107,25,False,161,Ga/Er2O3
107,25,False,163,Cu/Tm2O3
107,25,False,168,Cu/Lu2O3
107,25,False,169,Ag/Lu2O3
107,25,False,170,Au/Lu2O3
107,25,False,172,Ge/Lu2O3
107,25,False,173,Ni/ThO2
107,25,False,176,Ag/CdO
36,26,False,3,Au/MgO
36,26,False,5,Pd/MgO
36,26,False,6,Pt/MgO
36,26,False,8,Al/MgO
36,26,False,15,Cu/Fe3O4
36,26,False,23,Al/TiO2
36,26,False,25,Fe/TiO2
36,26,False,29,Ag/Al2O3
36,26,False,33,Pd/Al2O3
36,26,False,34,Pt/Al2O3
36,26,False,38,Al/Al2O3
36,26,False,41,Fe/Al2O3
36,26,False,48,Sn/CaO
36,26,False,49,Pd/CaO
36,26,False,53,Rh/CaO
36,26,False,57,Pd/BeO
36,26,False,61,Fe/BeO
36,26,False,71,Cu/ZrO2
36,26,False,84,Bi/ZrO2
36,26,False,85,Mg/ZrO2
36,26,False,91,Sn/CoO
36,26,False,93,Al/CoO
36,26,False,98,Ni/NiO
36,26,False,104,Sn/SiO2
36,26,False,108,Al/SiO2
36,26,False,115,Au/Ti2O3
36,26,False,119,Ag/Yb2O3
36,26,False,123,Cu/Y2O3
36,26,False,125,Au/Y2O3
36,26,False,131,Ag/ZnO
36,26,False,145,Ag/Dy2O3
36,26,False,147,Sn/Dy2O3
36,26,False,153,Ge/Ho2O3
36,26,False,158,Au/Er2O3
36,26,False,161,Ga/Er2O3
36,26,False,170,Au/Lu2O3
71,26,False,1,Cu/MgO
71,26,False,3,Au/MgO
71,26,False,5,Pd/MgO
71,26,False,6,Pt/MgO
71,26,False,7,Ni/MgO
71,26,False,8,Al/MgO
71,26,False,10,Fe/MgO
71,26,False,12,Mg/MgO
71,26,False,15,Cu/Fe3O4
71,26,False,19,Au/TiO2
71,26,False,21,Ge/TiO2
71,26,False,23,Al/TiO2
71,26,False,25,Fe/TiO2
71,26,False,29,Ag/Al2O3
71,26,False,33,Pd/Al2O3
71,26,False,34,Pt/Al2O3
71,26,False,36,In/Al2O3
71,26,False,37,Ga/Al2O3
71,26,False,38,Al/Al2O3
71,26,False,39,Mn/Al2O3
71,26,False,40,Si/Al2O3
71,26,False,41,Fe/Al2O3
71,26,False,48,Sn/CaO
71,26,False,49,Pd/CaO
71,26,False,50,Pt/CaO
71,26,False,51,Ni/CaO
71,26,False,53,Rh/CaO
71,26,False,57,Pd/BeO
71,26,False,61,Fe/BeO
71,26,False,63,V/BeO
71,26,False,66,Sn/UO2
71,26,False,68,Al/UO2
71,26,False,71,Cu/ZrO2
71,26,False,79,In/ZrO2
71,26,False,80,Al/ZrO2
71,26,False,84,Bi/ZrO2
71,26,False,85,Mg/ZrO2
71,26,False,89,Fe/Cr2O3
71,26,False,90,Au/CoO
71,26,False,91,Sn/CoO
71,26,False,93,Al/CoO
71,26,False,96,Ag/NiO
71,26,False,98,Ni/NiO
71,26,False,103,Au/SiO2
71,26,False,104,Sn/SiO2
71,26,False,105,Ni/SiO2
71,26,False,108,Al/SiO2
71,26,False,110,Fe/SiO2
71,26,False,115,Au/Ti2O3
71,26,False,118,Cu/Yb2O3
71,26,False,119,Ag/Yb2O3
71,26,False,120,Au/Yb2O3
71,26,False,123,Cu/Y2O3
71,26,False,124,Ag/Y2O3
71,26,False,125,Au/Y2O3
71,26,False,131,Ag/ZnO
71,26,False,139,Cu/Tb2O3
71,26,False,140,Ag/Tb2O3
71,26,False,143,Ge/Tb2O3
71,26,False,145,Ag/Dy2O3
71,26,False,147,Sn/Dy2O3
71,26,False,150,Ag/Ho2O3
71,26,False,153,Ge/Ho2O3
71,26,False,158,Au/Er2O3
71,26,False,159,Sn/Er2O3
71,26,False,160,Ge/Er2O3
71,26,False,161,Ga/Er2O3
71,26,False,162,Al/Er2O3
71,26,False,169,Ag/Lu2O3
71,26,False,170,Au/Lu2O3
71,26,False,174,Fe/ThO2
107,26,False,0,Pb/MgO
107,26,False,1,Cu/MgO
107,26,False,2,Ag/MgO
107,26,False,3,Au/MgO
107,26,False,5,Pd/MgO
107,26,False,6,Pt/MgO
107,26,False,7,Ni/MgO
107,26,False,8,Al/MgO
107,26,False,10,Fe/MgO
107,26,False,12,Mg/MgO
107,26,False,14,Ir/MgO
107,26,False,15,Cu/Fe3O4
107,26,False,19,Au/TiO2
107,26,False,21,Ge/TiO2
107,26,False,23,Al/TiO2
107,26,False,25,Fe/TiO2
107,26,False,27,Pb/Al2O3
107,26,False,28,Cu/Al2O3
107,26,False,29,Ag/Al2O3
107,26,False,33,Pd/Al2O3
107,26,False,34,Pt/Al2O3
107,26,False,36,In/Al2O3
107,26,False,37,Ga/Al2O3
107,26,False,38,Al/Al2O3
107,26,False,39,Mn/Al2O3
107,26,False,40,Si/Al2O3
107,26,False,41,Fe/Al2O3
107,26,False,48,Sn/CaO
107,26,False,49,Pd/CaO
107,26,False,50,Pt/CaO
107,26,False,51,Ni/CaO
107,26,False,52,Fe/CaO
107,26,False,53,Rh/CaO
107,26,False,54,Pb/BeO
107,26,False,57,Pd/BeO
107,26,False,61,Fe/BeO
107,26,False,62,Cr/BeO
107,26,False,63,V/BeO
107,26,False,64,Rh/BeO
107,26,False,65,Cu/UO2
107,26,False,66,Sn/UO2
107,26,False,68,Al/UO2
107,26,False,70,Pb/ZrO2
107,26,False,71,Cu/ZrO2
107,26,False,79,In/ZrO2
107,26,False,80,Al/ZrO2
107,26,False,81,Si/ZrO2
107,26,False,84,Bi/ZrO2
107,26,False,85,Mg/ZrO2
107,26,False,86,V/ZrO2
107,26,False,87,Rh/ZrO2
107,26,False,89,Fe/Cr2O3
107,26,False,90,Au/CoO
107,26,False,91,Sn/CoO
107,26,False,92,Ni/CoO
107,26,False,93,Al/CoO
107,26,False,96,Ag/NiO
107,26,False,97,Sn/NiO
107,26,False,98,Ni/NiO
107,26,False,100,Pb/SiO2
107,26,False,101,Cu/SiO2
107,26,False,103,Au/SiO2
107,26,False,104,Sn/SiO2
107,26,False,105,Ni/SiO2
107,26,False,106,In/SiO2
107,26,False,107,Ga/SiO2
107,26,False,108,Al/SiO2
107,26,False,109,Si/SiO2
107,26,False,110,Fe/SiO2
107,26,False,111,Co/SiO2
107,26,False,112,Mg/SiO2
107,26,False,114,Cu/Ti2O3
107,26,False,115,Au/Ti2O3
107,26,False,118,Cu/Yb2O3
107,26,False,119,Ag/Yb2O3
107,26,False,120,Au/Yb2O3
107,26,False,123,Cu/Y2O3
107,26,False,124,Ag/Y2O3
107,26,False,125,Au/Y2O3
107,26,False,126,Sn/Y2O3
107,26,False,127,Ge/Y2O3
107,26,False,128,Ga/Y2O3
107,26,False,131,Ag/ZnO
107,26,False,134,Cu/Gd2O3
107,26,False,139,Cu/Tb2O3
107,26,False,140,Ag/Tb2O3
107,26,False,141,Au/Tb2O3
107,26,False,143,Ge/Tb2O3
107,26,False,145,Ag/Dy2O3
107,26,False,146,Au/Dy2O3
107,26,False,147,Sn/Dy2O3
107,26,False,150,Ag/Ho2O3
107,26,False,152,Sn/Ho2O3
107,26,False,153,Ge/Ho2O3
107,26,False,155,Al/Ho2O3
107,26,False,157,Ag/Er2O3
107,26,False,158,Au/Er2O3
107,26,False,159,Sn/Er2O3
107,26,False,160,Ge/Er2O3
107,26,False,161,Ga/Er2O3
107,26,False,162,Al/Er2O3
107,26,False,165,Au/Tm2O3
107,26,False,166,Sn/Tm2O3
107,26,False,169,Ag/Lu2O3
107,26,False,170,Au/Lu2O3
107,26,False,174,Fe/ThO2
107,26,False,175,Cr/ThO2
36,27,False,10,Fe/MgO
36,27,False,14,Ir/MgO
36,27,False,15,Cu/Fe3O4
36,27,False,23,Al/TiO2
36,27,False,27,Pb/Al2O3
36,27,False,34,Pt/Al2O3
36,27,False,37,Ga/Al2O3
36,27,False,38,Al/Al2O3
36,27,False,46,Zn/Al2O3
36,27,False,49,Pd/CaO
36,27,False,54,Pb/BeO
36,27,False,55,Ag/BeO
36,27,False,60,Si/BeO
36,27,False,61,Fe/BeO
36,27,False,63,V/BeO
36,27,False,68,Al/UO2
36,27,False,72,Ag/ZrO2
36,27,False,76,Pd/ZrO2
36,27,False,77,Pt/ZrO2
36,27,False,81,Si/ZrO2
36,27,False,83,Co/ZrO2
36,27,False,99,Al/NiO
36,27,False,100,Pb/SiO2
36,27,False,109,Si/SiO2
36,27,False,112,Mg/SiO2
36,27,False,124,Ag/Y2O3
36,27,False,127,Ge/Y2O3
36,27,False,128,Ga/Y2O3
36,27,False,129,Al/Y2O3
36,27,False,133,Al/ZnO
36,27,False,134,Cu/Gd2O3
36,27,False,135,Ag/Gd2O3
36,27,False,140,Ag/Tb2O3
36,27,False,143,Ge/Tb2O3
36,27,False,146,Au/Dy2O3
36,27,False,176,Ag/CdO
71,27,False,0,Pb/MgO
71,27,False,1,Cu/MgO
71,27,False,3,Au/MgO
71,27,False,6,Pt/MgO
71,27,False,7,Ni/MgO
71,27,False,10,Fe/MgO
71,27,False,12,Mg/MgO
71,27,False,13,Rh/MgO
71,27,False,14,Ir/MgO
71,27,False,15,Cu/Fe3O4
71,27,False,18,Ag/TiO2
71,27,False,21,Ge/TiO2
71,27,False,23,Al/TiO2
71,27,False,27,Pb/Al2O3
71,27,False,29,Ag/Al2O3
71,27,False,34,Pt/Al2O3
71,27,False,36,In/Al2O3
71,27,False,37,Ga/Al2O3
71,27,False,38,Al/Al2O3
71,27,False,40,Si/Al2O3
71,27,False,41,Fe/Al2O3
71,27,False,46,Zn/Al2O3
71,27,False,47,Ag/CaO
71,27,False,49,Pd/CaO
71,27,False,51,Ni/CaO
71,27,False,54,Pb/BeO
71,27,False,55,Ag/BeO
71,27,False,57,Pd/BeO
71,27,False,60,Si/BeO
71,27,False,61,Fe/BeO
71,27,False,63,V/BeO
71,27,False,65,Cu/UO2
71,27,False,68,Al/UO2
71,27,False,71,Cu/ZrO2
71,27,False,72,Ag/ZrO2
71,27,False,76,Pd/ZrO2
71,27,False,77,Pt/ZrO2
71,27,False,81,Si/ZrO2
71,27,False,83,Co/ZrO2
71,27,False,91,Sn/CoO
71,27,False,92,Ni/CoO
71,27,False,94,Co/CoO
71,27,False,96,Ag/NiO
71,27,False,97,Sn/NiO
71,27,False,99,Al/NiO
71,27,False,100,Pb/SiO2
71,27,False,105,Ni/SiO2
71,27,False,107,Ga/SiO2
71,27,False,109,Si/SiO2
71,27,False,110,Fe/SiO2
71,27,False,112,Mg/SiO2
71,27,False,118,Cu/Yb2O3
71,27,False,124,Ag/Y2O3
71,27,False,127,Ge/Y2O3
71,27,False,128,Ga/Y2O3
71,27,False,129,Al/Y2O3
71,27,False,133,Al/ZnO
71,27,False,134,Cu/Gd2O3
71,27,False,135,Ag/Gd2O3
71,27,False,140,Ag/Tb2O3
71,27,False,141,Au/Tb2O3
71,27,False,143,Ge/Tb2O3
71,27,False,146,Au/Dy2O3
71,27,False,150,Ag/Ho2O3
71,27,False,152,Sn/Ho2O3
71,27,False,155,Al/Ho2O3
71,27,False,165,Au/Tm2O3
71,27,False,166,Sn/Tm2O3
71,27,False,169,Ag/Lu2O3
71,27,False,175,Cr/ThO2
71,27,False,176,Ag/CdO
107,27,False,0,Pb/MgO
107,27,False,1,Cu/MgO
107,27,False,2,Ag/MgO
107,27,False,3,Au/MgO
107,27,False,6,Pt/MgO
107,27,False,7,Ni/MgO
107,27,False,8,Al/MgO
107,27,False,10,Fe/MgO
107,27,False,12,Mg/MgO
107,27,False,13,Rh/MgO
107,27,False,14,Ir/MgO
107,27,False,15,Cu/Fe3O4
107,27,False,18,Ag/TiO2
107,27,False,21,Ge/TiO2
107,27,False,23,Al/TiO2
107,27,False,24,Si/TiO2
107,27,False,27,Pb/Al2O3
107,27,False,29,Ag/Al2O3
107,27,False,33,Pd/Al2O3
107,27,False,34,Pt/Al2O3
107,27,False,36,In/Al2O3
107,27,False,37,Ga/Al2O3
107,27,False,38,Al/Al2O3
107,27,False,39,Mn/Al2O3
107,27,False,40,Si/Al2O3
107,27,False,41,Fe/Al2O3
107,27,False,42,Co/Al2O3
107,27,False,46,Zn/Al2O3
107,27,False,47,Ag/CaO
107,27,False,49,Pd/CaO
107,27,False,51,Ni/CaO
107,27,False,54,Pb/BeO
107,27,False,55,Ag/BeO
107,27,False,56,Sn/BeO
107,27,False,57,Pd/BeO
107,27,False,59,Ni/BeO
107,27,False,60,Si/BeO
107,27,False,61,Fe/BeO
107,27,False,62,Cr/BeO
107,27,False,63,V/BeO
107,27,False,65,Cu/UO2
107,27,False,66,Sn/UO2
107,27,False,68,Al/UO2
107,27,False,70,Pb/ZrO2
107,27,False,71,Cu/ZrO2
107,27,False,72,Ag/ZrO2
107,27,False,73,Au/ZrO2
107,27,False,76,Pd/ZrO2
107,27,False,77,Pt/ZrO2
107,27,False,78,Ni/ZrO2
107,27,False,79,In/ZrO2
107,27,False,81,Si/ZrO2
107,27,False,83,Co/ZrO2
107,27,False,84,Bi/ZrO2
107,27,False,85,Mg/ZrO2
107,27,False,86,V/ZrO2
107,27,False,89,Fe/Cr2O3
107,27,False,90,Au/CoO
107,27,False,91,Sn/CoO
107,27,False,92,Ni/CoO
107,27,False,94,Co/CoO
107,27,False,96,Ag/NiO
107,27,False,97,Sn/NiO
107,27,False,99,Al/NiO
107,27,False,100,Pb/SiO2
107,27,False,103,Au/SiO2
107,27,False,104,Sn/SiO2
107,27,False,105,Ni/SiO2
107,27,False,107,Ga/SiO2
107,27,False,108,Al/SiO2
107,27,False,109,Si/SiO2
107,27,False,110,Fe/SiO2
107,27,False,111,Co/SiO2
107,27,False,112,Mg/SiO2
107,27,False,113,Sb/SiO2
107,27,False,114,Cu/Ti2O3
107,27,False,118,Cu/Yb2O3
107,27,False,120,Au/Yb2O3
107,27,False,123,Cu/Y2O3
107,27,False,124,Ag/Y2O3
107,27,False,125,Au/Y2O3
107,27,False,126,Sn/Y2O3
107,27,False,127,Ge/Y2O3
107,27,False,128,Ga/Y2O3
107,27,False,129,Al/Y2O3
107,27,False,133,Al/ZnO
107,27,False,134,Cu/Gd2O3
107,27,False,135,Ag/Gd2O3
107,27,False,140,Ag/Tb2O3
107,27,False,141,Au/Tb2O3
107,27,False,143,Ge/Tb2O3
107,27,False,144,Cu/Dy2O3
107,27,False,146,Au/Dy2O3
107,27,False,147,Sn/Dy2O3
107,27,False,150,Ag/Ho2O3
107,27,False,152,Sn/Ho2O3
107,27,False,153,Ge/Ho2O3
107,27,False,155,Al/Ho2O3
107,27,False,157,Ag/Er2O3
107,27,False,158,Au/Er2O3
107,27,False,165,Au/Tm2O3
107,27,False,166,Sn/Tm2O3
107,27,False,169,Ag/Lu2O3
107,27,False,170,Au/Lu2O3
107,27,False,173,Ni/ThO2
107,27,False,175,Cr/ThO2
107,27,False,176,Ag/CdO
36,28,False,0,Pb/MgO
36,28,False,3,Au/MgO
36,28,False,6,Pt/MgO
36,28,False,12,Mg/MgO
36,28,False,13,Rh/MgO
36,28,False,15,Cu/Fe3O4
36,28,False,20,Sn/TiO2
36,28,False,23,Al/TiO2
36,28,False,24,Si/TiO2
36,28,False,25,Fe/TiO2
36,28,False,34,Pt/Al2O3
36,28,False,37,Ga/Al2O3
36,28,False,38,Al/Al2O3
36,28,False,55,Ag/BeO
36,28,False,60,Si/BeO
36,28,False,61,Fe/BeO
36,28,False,64,Rh/BeO
36,28,False,68,Al/UO2
36,28,False,70,Pb/ZrO2
36,28,False,86,V/ZrO2
36,28,False,90,Au/CoO
36,28,False,91,Sn/CoO
36,28,False,94,Co/CoO
36,28,False,103,Au/SiO2
36,28,False,107,Ga/SiO2
36,28,False,110,Fe/SiO2
36,28,False,126,Sn/Y2O3
36,28,False,127,Ge/Y2O3
36,28,False,128,Ga/Y2O3
36,28,False,135,Ag/Gd2O3
36,28,False,140,Ag/Tb2O3
36,28,False,144,Cu/Dy2O3
36,28,False,158,Au/Er2O3
36,28,False,168,Cu/Lu2O3
36,28,False,170,Au/Lu2O3
36,28,False,172,Ge/Lu2O3
71,28,False,0,Pb/MgO
71,28,False,2,Ag/MgO
71,28,False,3,Au/MgO
71,28,False,6,Pt/MgO
71,28,False,7,Ni/MgO
71,28,False,10,Fe/MgO
71,28,False,12,Mg/MgO
71,28,False,13,Rh/MgO
71,28,False,15,Cu/Fe3O4
71,28,False,18,Ag/TiO2
71,28,False,20,Sn/TiO2
71,28,False,21,Ge/TiO2
71,28,False,23,Al/TiO2
71,28,False,24,Si/TiO2
71,28,False,25,Fe/TiO2
71,28,False,26,Mg/TiO2
71,28,False,27,Pb/Al2O3
71,28,False,29,Ag/Al2O3
71,28,False,34,Pt/Al2O3
71,28,False,37,Ga/Al2O3
71,28,False,38,Al/Al2O3
71,28,False,43,Ti/Al2O3
71,28,False,47,Ag/CaO
71,28,False,52,Fe/CaO
71,28,False,55,Ag/BeO
71,28,False,59,Ni/BeO
71,28,False,60,Si/BeO
71,28,False,61,Fe/BeO
71,28,False,64,Rh/BeO
71,28,False,68,Al/UO2
71,28,False,70,Pb/ZrO2
71,28,False,76,Pd/ZrO2
71,28,False,78,Ni/ZrO2
71,28,False,79,In/ZrO2
71,28,False,85,Mg/ZrO2
71,28,False,86,V/ZrO2
71,28,False,87,Rh/ZrO2
71,28,False,90,Au/CoO
71,28,False,91,Sn/CoO
71,28,False,94,Co/CoO
71,28,False,97,Sn/NiO
71,28,False,98,Ni/NiO
71,28,False,100,Pb/SiO2
71,28,False,101,Cu/SiO2
71,28,False,103,Au/SiO2
71,28,False,105,Ni/SiO2
71,28,False,107,Ga/SiO2
71,28,False,109,Si/SiO2
71,28,False,110,Fe/SiO2
71,28,False,111,Co/SiO2
71,28,False,112,Mg/SiO2
71,28,False,119,Ag/Yb2O3
71,28,False,123,Cu/Y2O3
71,28,False,126,Sn/Y2O3
71,28,False,127,Ge/Y2O3
71,28,False,128,Ga/Y2O3
71,28,False,131,Ag/ZnO
71,28,False,135,Ag/Gd2O3
71,28,False,139,Cu/Tb2O3
71,28,False,140,Ag/Tb2O3
71,28,False,143,Ge/Tb2O3
71,28,False,144,Cu/Dy2O3
71,28,False,153,Ge/Ho2O3
71,28,False,158,Au/Er2O3
71,28,False,159,Sn/Er2O3
71,28,False,165,Au/Tm2O3
71,28,False,166,Sn/Tm2O3
71,28,False,168,Cu/Lu2O3
71,28,False,170,Au/Lu2O3
71,28,False,172,Ge/Lu2O3
71,28,False,176,Ag/CdO
107,28,False,0,Pb/MgO
107,28,False,2,Ag/MgO
107,28,False,3,Au/MgO
107,28,False,6,Pt/MgO
107,28,False,7,Ni/MgO
107,28,False,8,Al/MgO
107,28,False,10,Fe/MgO
107,28,False,12,Mg/MgO
107,28,False,13,Rh/MgO
107,28,False,14,Ir/MgO
107,28,False,15,Cu/Fe3O4
107,28,False,18,Ag/TiO2
107,28,False,20,Sn/TiO2
107,28,False,21,Ge/TiO2
107,28,False,23,Al/TiO2
107,28,False,24,Si/TiO2
107,28,False,25,Fe/TiO2
107,28,False,26,Mg/TiO2
107,28,False,27,Pb/Al2O3
107,28,False,29,Ag/Al2O3
107,28,False,33,Pd/Al2O3
107,28,False,34,Pt/Al2O3
107,28,False,37,Ga/Al2O3
107,28,False,38,Al/Al2O3
107,28,False,41,Fe/Al2O3
107,28,False,43,Ti/Al2O3
107,28,False,46,Zn/Al2O3
107,28,False,47,Ag/CaO
107,28,False,48,Sn/CaO
107,28,False,51,Ni/CaO
107,28,False,52,Fe/CaO
107,28,False,53,Rh/CaO
107,28,False,54,Pb/BeO
107,28,False,55,Ag/BeO
107,28,False,56,Sn/BeO
107,28,False,59,Ni/BeO
107,28,False,60,Si/BeO
107,28,False,61,Fe/BeO
107,28,False,64,Rh/BeO
107,28,False,65,Cu/UO2
107,28,False,66,Sn/UO2
107,28,False,68,Al/UO2
107,28,False,70,Pb/ZrO2
107,28,False,76,Pd/ZrO2
107,28,False,77,Pt/ZrO2
107,28,False,78,Ni/ZrO2
107,28,False,79,In/ZrO2
107,28,False,80,Al/ZrO2
107,28,False,83,Co/ZrO2
107,28,False,85,Mg/ZrO2
107,28,False,86,V/ZrO2
107,28,False,87,Rh/ZrO2
107,28,False,89,Fe/Cr2O3
107,28,False,90,Au/CoO
107,28,False,91,Sn/CoO
107,28,False,92,Ni/CoO
107,28,False,93,Al/CoO
107,28,False,94,Co/CoO
107,28,False,96,Ag/NiO
107,28,False,97,Sn/NiO
107,28,False,98,Ni/NiO
107,28,False,100,Pb/SiO2
107,28,False,101,Cu/SiO2
107,28,False,103,Au/SiO2
107,28,False,105,Ni/SiO2
107,28,False,106,In/SiO2
107,28,False,107,Ga/SiO2
107,28,False,108,Al/SiO2
107,28,False,109,Si/SiO2
107,28,False,110,Fe/SiO2
107,28,False,111,Co/SiO2
107,28,False,112,Mg/SiO2
107,28,False,113,Sb/SiO2
107,28,False,119,Ag/Yb2O3
107,28,False,120,Au/Yb2O3
107,28,False,123,Cu/Y2O3
107,28,False,124,Ag/Y2O3
107,28,False,125,Au/Y2O3
107,28,False,126,Sn/Y2O3
107,28,False,127,Ge/Y2O3
107,28,False,128,Ga/Y2O3
107,28,False,131,Ag/ZnO
107,28,False,133,Al/ZnO
107,28,False,134,Cu/Gd2O3
107,28,False,135,Ag/Gd2O3
107,28,False,139,Cu/Tb2O3
107,28,False,140,Ag/Tb2O3
107,28,False,143,Ge/Tb2O3
107,28,False,144,Cu/Dy2O3
107,28,False,145,Ag/Dy2O3
107,28,False,150,Ag/Ho2O3
107,28,False,152,Sn/Ho2O3
107,28,False,153,Ge/Ho2O3
107,28,False,155,Al/Ho2O3
107,28,False,157,Ag/Er2O3
107,28,False,158,Au/Er2O3
107,28,False,159,Sn/Er2O3
107,28,False,160,Ge/Er2O3
107,28,False,161,Ga/Er2O3
107,28,False,165,Au/Tm2O3
107,28,False,166,Sn/Tm2O3
107,28,False,168,Cu/Lu2O3
107,28,False,169,Ag/Lu2O3
107,28,False,170,Au/Lu2O3
107,28,False,172,Ge/Lu2O3
107,28,False,174,Fe/ThO2
107,28,False,176,Ag/CdO
36,29,False,10,Fe/MgO
36,29,False,15,Cu/Fe3O4
36,29,False,16,Sn/Fe3O4
36,29,False,24,Si/TiO2
36,29,False,25,Fe/TiO2
36,29,False,27,Pb/Al2O3
36,29,False,28,Cu/Al2O3
36,29,False,31,Sn/Al2O3
36,29,False,33,Pd/Al2O3
36,29,False,40,Si/Al2O3
36,29,False,42,Co/Al2O3
36,29,False,47,Ag/CaO
36,29,False,48,Sn/CaO
36,29,False,52,Fe/CaO
36,29,False,53,Rh/CaO
36,29,False,57,Pd/BeO
36,29,False,59,Ni/BeO
36,29,False,70,Pb/ZrO2
36,29,False,76,Pd/ZrO2
36,29,False,79,In/ZrO2
36,29,False,91,Sn/CoO
36,29,False,99,Al/NiO
36,29,False,107,Ga/SiO2
36,29,False,109,Si/SiO2
36,29,False,114,Cu/Ti2O3
36,29,False,115,Au/Ti2O3
36,29,False,118,Cu/Yb2O3
36,29,False,126,Sn/Y2O3
36,29,False,129,Al/Y2O3
36,29,False,143,Ge/Tb2O3
36,29,False,145,Ag/Dy2O3
36,29,False,150,Ag/Ho2O3
36,29,False,152,Sn/Ho2O3
36,29,False,165,Au/Tm2O3
36,29,False,172,Ge/Lu2O3
36,29,False,176,Ag/CdO
71,29,False,2,Ag/MgO
71,29,False,10,Fe/MgO
71,29,False,15,Cu/Fe3O4
71,29,False,16,Sn/Fe3O4
71,29,False,18,Ag/TiO2
71,29,False,19,Au/TiO2
71,29,False,20,Sn/TiO2
71,29,False,21,Ge/TiO2
71,29,False,24,Si/TiO2
71,29,False,25,Fe/TiO2
71,29,False,27,Pb/Al2O3
71,29,False,28,Cu/Al2O3
71,29,False,31,Sn/Al2O3
71,29,False,33,Pd/Al2O3
71,29,False,40,Si/Al2O3
71,29,False,41,Fe/Al2O3
71,29,False,42,Co/Al2O3
71,29,False,43,Ti/Al2O3
71,29,False,47,Ag/CaO
71,29,False,48,Sn/CaO
71,29,False,50,Pt/CaO
71,29,False,51,Ni/CaO
71,29,False,52,Fe/CaO
71,29,False,53,Rh/CaO
71,29,False,54,Pb/BeO
71,29,False,56,Sn/BeO
71,29,False,57,Pd/BeO
71,29,False,59,Ni/BeO
71,29,False,60,Si/BeO
71,29,False,62,Cr/BeO
71,29,False,63,V/BeO
71,29,False,64,Rh/BeO
71,29,False,70,Pb/ZrO2
71,29,False,71,Cu/ZrO2
71,29,False,76,Pd/ZrO2
71,29,False,79,In/ZrO2
71,29,False,80,Al/ZrO2
71,29,False,81,Si/ZrO2
71,29,False,84,Bi/ZrO2
71,29,False,87,Rh/ZrO2
71,29,False,91,Sn/CoO
71,29,False,92,Ni/CoO
71,29,False,93,Al/CoO
71,29,False,97,Sn/NiO
71,29,False,98,Ni/NiO
71,29,False,99,Al/NiO
71,29,False,104,Sn/SiO2
71,29,False,107,Ga/SiO2
71,29,False,109,Si/SiO2
71,29,False,114,Cu/Ti2O3
71,29,False,115,Au/Ti2O3
71,29,False,118,Cu/Yb2O3
71,29,False,119,Ag/Yb2O3
71,29,False,120,Au/Yb2O3
71,29,False,123,Cu/Y2O3
71,29,False,125,Au/Y2O3
71,29,False,126,Sn/Y2O3
71,29,False,127,Ge/Y2O3
71,29,False,129,Al/Y2O3
71,29,False,133,Al/ZnO
71,29,False,141,Au/Tb2O3
71,29,False,143,Ge/Tb2O3
71,29,False,145,Ag/Dy2O3
71,29,False,150,Ag/Ho2O3
71,29,False,152,Sn/Ho2O3
71,29,False,165,Au/Tm2O3
71,29,False,172,Ge/Lu2O3
71,29,False,173,Ni/ThO2
71,29,False,174,Fe/ThO2
71,29,False,175,Cr/ThO2
71,29,False,176,Ag/CdO
107,29,False,0,Pb/MgO
107,29,False,2,Ag/MgO
107,29,False,5,Pd/MgO
107,29,False,6,Pt/MgO
107,29,False,7,Ni/MgO
107,29,False,10,Fe/MgO
107,29,False,15,Cu/Fe3O4
107,29,False,16,Sn/Fe3O4
107,29,False,18,Ag/TiO2
107,29,False,19,Au/TiO2
107,29,False,20,Sn/TiO2
107,29,False,21,Ge/TiO2
107,29,False,24,Si/TiO2
107,29,False,25,Fe/TiO2
107,29,False,27,Pb/Al2O3
107,29,False,28,Cu/Al2O3
107,29,False,31,Sn/Al2O3
107,29,False,33,Pd/Al2O3
107,29,False,34,Pt/Al2O3
107,29,False,37,Ga/Al2O3
107,29,False,38,Al/Al2O3
107,29,False,39,Mn/Al2O3
107,29,False,40,Si/Al2O3
107,29,False,41,Fe/Al2O3
107,29,False,42,Co/Al2O3
107,29,False,43,Ti/Al2O3
107,29,False,47,Ag/CaO
107,29,False,48,Sn/CaO
107,29,False,49,Pd/CaO
107,29,False,50,Pt/CaO
107,29,False,51,Ni/CaO
107,29,False,52,Fe/CaO
107,29,False,53,Rh/CaO
107,29,False,54,Pb/BeO
107,29,False,55,Ag/BeO
107,29,False,56,Sn/BeO
107,29,False,57,Pd/BeO
107,29,False,59,Ni/BeO
107,29,False,60,Si/BeO
107,29,False,61,Fe/BeO
107,29,False,62,Cr/BeO
107,29,False,63,V/BeO
107,29,False,64,Rh/BeO
107,29,False,66,Sn/UO2
107,29,False,70,Pb/ZrO2
107,29,False,71,Cu/ZrO2
107,29,False,72,Ag/ZrO2
107,29,False,76,Pd/ZrO2
107,29,False,78,Ni/ZrO2
107,29,False,79,In/ZrO2
107,29,False,80,Al/ZrO2
107,29,False,81,Si/ZrO2
107,29,False,84,Bi/ZrO2
107,29,False,85,Mg/ZrO2
107,29,False,86,V/ZrO2
107,29,False,87,Rh/ZrO2
107,29,False,90,Au/CoO
107,29,False,91,Sn/CoO
107,29,False,92,Ni/CoO
107,29,False,93,Al/CoO
107,29,False,95,Cu/NiO
107,29,False,96,Ag/NiO
107,29,False,97,Sn/NiO
107,29,False,98,Ni/NiO
107,29,False,99,Al/NiO
107,29,False,100,Pb/SiO2
107,29,False,104,Sn/SiO2
107,29,False,106,In/SiO2
107,29,False,107,Ga/SiO2
107,29,False,108,Al/SiO2
107,29,False,109,Si/SiO2
107,29,False,110,Fe/SiO2
107,29,False,111,Co/SiO2
107,29,False,113,Sb/SiO2
107,29,False,114,Cu/Ti2O3
107,29,False,115,Au/Ti2O3
107,29,False,118,Cu/Yb2O3
107,29,False,119,Ag/Yb2O3
107,29,False,120,Au/Yb2O3
107,29,False,123,Cu/Y2O3
107,29,False,125,Au/Y2O3
107,29,False,126,Sn/Y2O3
107,29,False,127,Ge/Y2O3
107,29,False,128,Ga/Y2O3
107,29,False,129,Al/Y2O3
107,29,False,133,Al/ZnO
107,29,False,135,Ag/Gd2O3
107,29,False,140,Ag/Tb2O3
107,29,False,141,Au/Tb2O3
107,29,False,143,Ge/Tb2O3
107,29,False,144,Cu/Dy2O3
107,29,False,145,Ag/Dy2O3
107,29,False,146,Au/Dy2O3
107,29,False,150,Ag/Ho2O3
107,29,False,152,Sn/Ho2O3
107,29,False,158,Au/Er2O3
107,29,False,160,Ge/Er2O3
107,29,False,161,Ga/Er2O3
107,29,False,165,Au/Tm2O3
107,29,False,168,Cu/Lu2O3
107,29,False,169,Ag/Lu2O3
107,29,False,170,Au/Lu2O3
107,29,False,172,Ge/Lu2O3
107,29,False,173,Ni/ThO2
107,29,False,174,Fe/ThO2
107,29,False,175,Cr/ThO2
107,29,False,176,Ag/CdO
